id,age.cat,gender,area,veh.make,veh.body,veh.age,claim,num.claims,tot.cost
168258,5,F,C,D,SEDAN,4,0,0,0
2838876,1,M,B,D,UTE,4,0,0,0
9442376,6,M,B,B,SEDAN,1,0,0,0
4545506,4,M,E,D,SEDAN,1,0,0,0
4548824,3,F,B,C,STNWG,1,0,0,0
423000,2,F,A,D,SEDAN,1,0,0,0
9325731,4,F,D,D,STNWG,4,0,0,0
4740236,5,M,D,D,TRUCK,4,0,0,0
8602700,5,M,D,C,STNWG,2,0,0,0
977358,6,F,C,D,SEDAN,2,0,0,0
3580631,2,F,C,D,HBACK,2,0,0,0
4723174,3,F,C,D,STNWG,2,0,0,0
8297747,5,M,F,D,STNWG,4,0,0,0
665176,5,F,C,A,SEDAN,4,0,0,0
2146878,4,M,A,B,HBACK,1,0,0,0
4065419,6,F,C,B,HBACK,4,0,0,0
8094675,3,F,D,B,HBACK,3,0,0,0
1434006,4,F,F,D,HDTOP,2,0,0,0
4956850,2,M,F,D,SEDAN,2,0,0,0
6402849,2,M,D,D,SEDAN,1,0,0,0
4368263,2,M,A,D,SEDAN,4,0,0,0
4481815,3,F,C,D,MIBUS,4,0,0,0
2477847,5,M,B,D,SEDAN,3,0,0,0
145885,3,F,D,D,STNWG,2,0,0,0
5942634,1,F,A,D,PANVN,1,0,0,0
2431139,3,M,E,D,STNWG,2,0,0,0
3868320,5,F,C,B,SEDAN,3,0,0,0
1515889,4,F,D,D,SEDAN,4,0,0,0
243128,4,F,E,D,SEDAN,1,0,0,0
1129174,1,M,A,D,SEDAN,2,0,0,0
5375944,6,M,B,D,UTE,3,0,0,0
9446198,3,F,A,D,STNWG,3,0,0,0
8074590,5,F,A,D,HBACK,4,0,0,0
5872538,3,M,C,D,SEDAN,4,0,0,0
7401660,6,F,A,D,SEDAN,4,0,0,0
1401594,3,M,A,B,STNWG,2,0,0,0
9605453,3,M,B,D,HBACK,1,0,0,0
7177734,6,F,C,D,SEDAN,2,0,0,0
8440012,3,M,B,D,SEDAN,1,0,0,0
5180309,1,M,B,B,SEDAN,4,0,0,0
5078222,2,F,B,D,UTE,2,0,0,0
7613622,6,M,A,C,SEDAN,1,0,0,0
8399739,5,F,C,D,COUPE,3,0,0,0
5306079,4,M,D,D,UTE,3,1,1,703.2099991
2024169,2,M,A,D,HDTOP,3,0,0,0
909428,4,F,A,D,HBACK,3,0,0,0
8331959,4,F ,C,D,SEDAN,1,0,0,0
6152451,3,F,A,D,HBACK,3,0,0,0
6732483,6,F,D,D,SEDAN,2,0,0,0
7470224,5,F,D,C,STNWG,4,0,0,0
8859340,3,M ,B,D,SEDAN,4,0,0,0
7545845,4,M,C,D,STNWG,2,0,0,0
511329,4,M,A,D,SEDAN,2,0,0,0
7841268,5,F ,D,D,STNWG,4,0,0,0
5753382,4,F,C,D,SEDAN,2,0,0,0
1402348,1,F,E,C,STNWG,4,0,0,0
4372149,3,M,A,D,HBACK,4,0,0,0
5522974,1,F,C,B,HBACK,1,0,0,0
6834841,3,F,B,B,HBACK,2,0,0,0
6873947,6,F,D,D,STNWG,4,0,0,0
8752813,2,M,A,D,STNWG,1,0,0,0
5319572,3,F,E,B,HBACK,1,0,0,0
7471303,6,F,C,A,SEDAN,4,0,0,0
1777334,4,M,F,D,UTE,4,0,0,0
3664202,1,F,B,B,HBACK,2,0,0,0
2859128,2,F,B,D,SEDAN,1,0,0,0
4516768,2,F,A,D,HBACK,2,0,0,0
8168040,2,F,E,B,STNWG,2,0,0,0
1089535,2,F,C,D,SEDAN,3,0,0,0
4282715,2,F,D,D,SEDAN,3,0,0,0
103193,1,M,E,D,UTE,4,0,0,0
4177432,6,F,A,D,SEDAN,1,0,0,0
7354514,6,F,A,B,HBACK,1,0,0,0
2605115,4,M,A,C,HBACK,4,0,0,0
9200140,3,M,E,D,SEDAN,1,0,0,0
8097329,5,M,E,D,STNWG,4,0,0,0
4346078,3,M,E,D,STNWG,3,0,0,0
5182395,2,M,A,D,STNWG,3,0,0,0
9334912,5,F,C,D,SEDAN,2,0,0,0
1880484,5,M,C,D,SEDAN,4,0,0,0
7459209,3,F,A,B,HBACK,1,0,0,0
6800315,6,M,D,B,HBACK,2,0,0,0
8276560,1,F,B,C,SEDAN,2,0,0,0
3880532,4,F,A,C,STNWG,4,0,0,0
1800752,5,M,C,C,SEDAN,4,1,1,2717.349991
3481601,4,F,A,C,COUPE,4,0,0,0
7617946,2,F,C,B,HBACK,1,0,0,0
9518173,5,F,F,D,UTE,3,0,0,0
2272573,3,M,A,B,HBACK,3,0,0,0
9845853,5,M,C,C,STNWG,1,0,0,0
9869860,3,M,C,D,STNWG,4,0,0,0
3267208,3,F,A,D,SEDAN,4,0,0,0
2667397,4,F,C,D,STNWG,2,0,0,0
1333541,2,M,C,C,SEDAN,2,0,0,0
2521677,3,M,A,D,TRUCK,4,0,0,0
3278289,3,F,C,D,HBACK,2,0,0,0
5693666,5,M,D,D,SEDAN,4,0,0,0
9131948,4,F,A,B,SEDAN,3,0,0,0
3087258,6,M,D,C,STNWG,3,0,0,0
106196,1,F,E,D,HBACK,2,0,0,0
4627229,3,M,C,D,SEDAN,4,0,0,0
1953992,1,F,C,B,HBACK,3,0,0,0
6303525,2,F,C,B,HBACK,3,0,0,0
8050545,5,M,C,D,HBACK,2,0,0,0
1801287,5,M,B,B,SEDAN,2,0,0,0
4801638,2,F,A,D,SEDAN,2,0,0,0
8551754,2,F,F,D,STNWG,2,0,0,0
4275847,3,F,D,D,SEDAN,4,0,0,0
6133238,3,F,E,D,STNWG,3,0,0,0
4611455,2,F,C,D,MIBUS,4,0,0,0
4270272,2,M,B,D,STNWG,4,0,0,0
2420737,3,F,C,C,SEDAN,3,0,0,0
266611,2,F,C,D,SEDAN,2,0,0,0
528964,5,F,E,B,HBACK,1,0,0,0
7122661,1,F,B,D,HBACK,4,0,0,0
9722791,4,M,E,C,TRUCK,3,0,0,0
6939057,6,F,C,D,SEDAN,3,0,0,0
2643674,5,M,A,B,HBACK,1,0,0,0
8922579,3,M,A,B,HBACK,2,0,0,0
4226119,2,M,C,D,HDTOP,4,0,0,0
9976209,5,M,B,B,HBACK,4,0,0,0
7471825,2,F,C,C,SEDAN,3,0,0,0
4968320,3,F,B,B,HBACK,1,0,0,0
7949647,2,F,B,C,HDTOP,4,0,0,0
3301288,3,F,C,D,STNWG,2,0,0,0
6062979,4,F,A,D,SEDAN,3,0,0,0
1643451,4,F,B,D,STNWG,4,0,0,0
3335420,3,F,C,D,STNWG,1,0,0,0
4295150,6,M,E,B,HBACK,3,0,0,0
5326021,5,M,B,D,UTE,4,0,0,0
9148445,3,F,C,B,HBACK,4,0,0,0
215579,4,F,C,B,HBACK,3,0,0,0
5178725,4,M,D,D,TRUCK,3,1,1,815.2999992
6922451,3,F,A,C,UTE,1,0,0,0
8670030,2,F,A,D,RDSTR,2,0,0,0
1706691,2,M,B,D,SEDAN,2,0,0,0
3887260,5,F,B,C,STNWG,1,0,0,0
1696377,5,F,D,D,STNWG,1,0,0,0
4452017,1,M,B,D,UTE,2,0,0,0
5413844,3,F,B,D,HBACK,2,0,0,0
2117919,3,M,D,D,STNWG,4,0,0,0
885693,3,M,B,D,HBACK,3,0,0,0
4623716,2,F,F,D,SEDAN,2,1,2,5142.773624
204003,3,F,B,D,STNWG,3,1,1,1180.109999
6225219,1,M,D,D,STNWG,4,0,0,0
3933619,3,M,B,C,STNWG,1,0,0,0
7199684,3,M,C,B,HBACK,2,0,0,0
9885209,2,M,C,D,STNWG,1,0,0,0
5226718,4,M,D,D,STNWG,2,0,0,0
3273085,3,M,B,D,STNWG,4,0,0,0
3565449,3,M,D,C,UTE,2,0,0,0
1289798,4,F,E,D,SEDAN,4,0,0,0
685504,4,F,A,C,SEDAN,2,0,0,0
2999263,1,F,A,A,SEDAN,4,0,0,0
9935571,2,F,C,D,STNWG,3,1,1,922.4299984
9563531,2,F,D,D,MIBUS,4,0,0,0
9544968,2,F,B,D,HBACK,2,0,0,0
1892366,1,F,C,B,HBACK,3,0,0,0
9484278,6,F,A,D,SEDAN,2,0,0,0
499336,3,M,A,B,HBACK,4,0,0,0
6177463,2,F,F,C,STNWG,2,0,0,0
2385830,4,F,A,C,HBACK,2,0,0,0
6684898,2,F,C,D,STNWG,2,0,0,0
3307125,2,F,B,D,HBACK,3,0,0,0
9816851,6,F,A,D,HBACK,4,0,0,0
6799737,6,F,B,B,HBACK,3,0,0,0
1385643,4,M,C,D,STNWG,3,0,0,0
5183594,3,F,F,D,STNWG,2,0,0,0
1512784,3,F,C,D,STNWG,4,0,0,0
2549453,6,M,B,D,SEDAN,4,0,0,0
6112492,2,F,C,B,HBACK,4,0,0,0
9216981,4,M,D,C,UTE,4,0,0,0
3301840,3,F,A,D,SEDAN,2,0,0,0
1312252,4,F,B,D,HBACK,3,0,0,0
541835,3,M,A,C,STNWG,4,0,0,0
1513032,4,F,D,D,SEDAN,4,0,0,0
8768849,6,F,C,B,HBACK,2,0,0,0
8061366,3,F,B,D,HDTOP,1,1,1,337.0999999
769121,4,F,B,C,HBACK,1,0,0,0
4781829,4,F,D,D,HBACK,2,0,0,0
9497362,2,M,D,D,STNWG,4,0,0,0
9484148,4,F,A,D,SEDAN,4,0,0,0
8045923,3,F,B,D,SEDAN,2,0,0,0
8659149,3,F,A,D,SEDAN,4,0,0,0
7058348,2,F,A,D,HBACK,3,0,0,0
686996,4,M,B,D,SEDAN,4,0,0,0
8818687,1,M,C,D,STNWG,1,0,0,0
9084389,6,F,A,D,SEDAN,3,0,0,0
1132075,4,F,D,C,STNWG,2,0,0,0
2747129,4,F,B,C,SEDAN,2,0,0,0
7833297,6,F,C,D,SEDAN,1,0,0,0
9012586,5,M,C,D,HDTOP,2,0,0,0
3627215,2,M,E,C,SEDAN,3,0,0,0
9972833,4,F,B,D,SEDAN,3,0,0,0
6067505,5,F,B,D,HBACK,3,0,0,0
484386,5,F,B,B,HBACK,1,0,0,0
6457278,3,M,D,C,STNWG,3,0,0,0
775590,6,F,A,D,SEDAN,3,0,0,0
3009007,4,M,B,D,STNWG,4,1,1,353.77
605870,3,M,A,D,SEDAN,3,0,0,0
4260280,5,M,C,C,STNWG,2,0,0,0
3335305,4,F,D,D,SEDAN,3,1,1,3997.609993
3005848,6,F,C,D,SEDAN,3,0,0,0
3004090,1,M,E,D,TRUCK,4,0,0,0
454053,1,F,A,B,HBACK,3,0,0,0
6435199,2,M,A,D,STNWG,4,1,1,1044.699999
3624775,3,F,B,D,COUPE,4,0,0,0
5804753,1,F,E,B,HBACK,2,0,0,0
7864945,6,M,D,B,HBACK,4,0,0,0
837542,6,M,D,D,UTE,4,0,0,0
212483,4,F,A,B,HBACK,1,0,0,0
8956394,2,M,F,D,UTE,4,0,0,0
2046189,5,F,C,D,STNWG,4,0,0,0
9450750,2,F,A,D,STNWG,2,0,0,0
2541507,5,M,B,C,SEDAN,4,0,0,0
6905159,2,F,C,B,HBACK,2,0,0,0
6064617,5,F,E,C,UTE,1,0,0,0
8085765,6,M,D,D,STNWG,2,0,0,0
4294787,3,M,E,D,STNWG,2,0,0,0
1027382,4,F,B,D,SEDAN,3,0,0,0
6808029,2,F,A,B,STNWG,3,0,0,0
2664347,4,F,F,C,STNWG,2,0,0,0
3531474,3,F,E,C,SEDAN,1,0,0,0
7182160,6,M,B,D,STNWG,4,0,0,0
5092134,4,F,C,D,HBACK,1,0,0,0
3905204,2,M,C,C,STNWG,4,0,0,0
8571864,3,F,C,D,SEDAN,3,0,0,0
8800595,2,M,E,D,HBACK,1,0,0,0
3591921,3,F,A,B,HBACK,1,0,0,0
4030451,4,F,C,D,STNWG,3,0,0,0
7680332,1,F,B,D,SEDAN,3,0,0,0
3220709,1,M,A,D,HBACK,3,1,1,4450.039978
1388622,5,F,B,D,STNWG,4,0,0,0
1133164,2,F,B,D,HBACK,4,0,0,0
5636879,3,M,B,D,SEDAN,4,0,0,0
8999279,6,F,C,C,SEDAN,4,0,0,0
112935,1,F,C,D,SEDAN,4,0,0,0
180861,6,F,C,D,SEDAN,3,0,0,0
8935686,2,F,F,C,SEDAN,2,0,0,0
4705777,3,M,C,B,HBACK,4,1,1,218.360004
8089383,3,F,D,B,HBACK,3,0,0,0
2276412,1,F,A,B,HBACK,2,0,0,0
6112837,5,M,A,B,HBACK,2,0,0,0
3413723,4,F,A,D,SEDAN,1,0,0,0
4822428,5,M,B,B,HBACK,4,0,0,0
7104889,3,F,B,D,HBACK,3,0,0,0
8247770,5,F,B,D,SEDAN,2,0,0,0
4078703,1,M,A,C,STNWG,4,0,0,0
691679,1,F,D,C,SEDAN,2,0,0,0
2561346,2,F,A,D,SEDAN,2,0,0,0
7841945,1,F,C,B,HBACK,1,0,0,0
6111150,5,M,B,D,STNWG,3,0,0,0
2063158,3,F,C,D,SEDAN,2,0,0,0
487353,6,F,B,D,HBACK,4,0,0,0
5683308,1,M,C,C,HBACK,4,0,0,0
5224420,2,M,B,D,SEDAN,2,0,0,0
2346129,2,F,F,C,STNWG,3,0,0,0
8158989,2,F,A,B,HBACK,2,0,0,0
3116340,2,F,C,B,HBACK,1,0,0,0
617652,6,M,A,D,STNWG,1,0,0,0
1947949,4,F,E,B,SEDAN,4,0,0,0
6654919,2,F,E,D,STNWG,4,0,0,0
6364898,4,M,C,D,SEDAN,4,0,0,0
2422887,3,F,C,D,STNWG,4,0,0,0
9961288,3,F,B,D,HBACK,3,0,0,0
543187,4,F,A,B,SEDAN,3,0,0,0
2050841,4,F,A,B,HBACK,3,0,0,0
2852201,3,F,B,C,HBACK,3,0,0,0
1622286,6,F,A,B,HBACK,3,0,0,0
1926694,1,M,E,D,HDTOP,4,0,0,0
6846455,6,M,E,D,SEDAN,2,0,0,0
7213665,5,F,A,B,HBACK,3,0,0,0
9503660,3,M,C,D,STNWG,4,1,1,1308.549999
1253825,3,M,B,D,SEDAN,3,0,0,0
5883911,5,F,C,B,SEDAN,3,0,0,0
7397847,2,M,C,D,HBACK,2,0,0,0
401827,5,M,A,B,HBACK,4,0,0,0
5645383,5,F,C,B,SEDAN,3,1,1,450
3790785,1,M,A,D,STNWG,4,0,0,0
2054262,3,F,C,D,SEDAN,4,0,0,0
3583362,5,M,E,D,PANVN,4,0,0,0
444965,3,F,C,B,HBACK,2,0,0,0
1675226,4,F,C,D,HBACK,3,0,0,0
8394102,3,M,A,C,STNWG,2,0,0,0
8650556,4,M,C,C,UTE,4,0,0,0
657086,3,M,B,D,SEDAN,4,0,0,0
745071,5,F,B,D,HBACK,3,0,0,0
3166512,4,M,A,D,STNWG,4,0,0,0
6391293,4,F,C,B,HBACK,2,0,0,0
2118980,1,M,E,D,UTE,3,0,0,0
6478082,6,M,C,B,HBACK,3,0,0,0
2668969,3,M,B,D,HBACK,2,0,0,0
1502562,2,F,F,B,HBACK,3,0,0,0
6283816,3,M,D,D,STNWG,2,0,0,0
2840060,5,M,B,D,TRUCK,4,0,0,0
6208228,3,F,C,D,STNWG,1,0,0,0
9132369,2,M,E,C,STNWG,3,0,0,0
6860600,3,F,E,C,STNWG,3,0,0,0
6794993,3,F,B,B,SEDAN,3,0,0,0
6898525,6,F,F,D,STNWG,2,1,2,3321.23
9101175,3,M,B,B,STNWG,2,0,0,0
5026376,4,F,C,D,SEDAN,1,0,0,0
4933589,3,M,A,D,SEDAN,3,0,0,0
5538672,5,F,D,D,HBACK,4,0,0,0
8250668,3,F,D,B,HBACK,3,0,0,0
7137474,5,M,A,D,STNWG,3,0,0,0
5685862,6,F,A,B,HBACK,4,0,0,0
3044901,2,M,C,D,UTE,4,0,0,0
4191735,3,F,E,D,STNWG,4,0,0,0
4803277,3,F,B,C,STNWG,4,0,0,0
8757823,3,F,D,D,UTE,3,1,2,2398.549998
1089844,4,F,C,D,HBACK,2,0,0,0
4063579,5,F,B,D,HBACK,2,0,0,0
9111611,3,F,C,D,SEDAN,4,0,0,0
5329677,5,F,C,D,HBACK,3,0,0,0
3687763,1,M,A,D,MIBUS,3,0,0,0
4199103,1,F,C,D,HBACK,1,0,0,0
7474534,3,M,B,D,STNWG,1,0,0,0
1390536,2,F,B,B,SEDAN,3,0,0,0
5417084,2,F,A,A,SEDAN,4,0,0,0
6053196,3,F,B,D,SEDAN,3,0,0,0
9442783,3,F,A,D,STNWG,3,0,0,0
3622612,6,F,B,B,HBACK,2,0,0,0
5300591,3,M,C,B,HBACK,1,0,0,0
9867421,5,F,C,C,HBACK,4,0,0,0
8744165,3,F,E,D,STNWG,4,0,0,0
4259849,4,F,A,D,SEDAN,4,0,0,0
3833329,5,M,D,C,STNWG,4,0,0,0
7162063,4,F,C,C,STNWG,4,0,0,0
1172263,2,F,D,D,HBACK,2,0,0,0
5006161,5,M,A,D,HBACK,4,0,0,0
88874,5,M,A,C,STNWG,1,0,0,0
1209832,4,F,E,D,SEDAN,3,1,1,390
8280915,2,F,A,B,SEDAN,2,0,0,0
4681889,5,F,A,D,SEDAN,3,0,0,0
1511141,4,M,A,D,HDTOP,3,0,0,0
5925121,6,F,C,B,HBACK,3,0,0,0
3549075,5,M,D,B,SEDAN,2,0,0,0
262183,2,F,A,D,SEDAN,3,0,0,0
7182676,4,F,B,D,STNWG,3,0,0,0
3990022,6,M,A,C,SEDAN,3,0,0,0
6738645,5,F,C,C,SEDAN,4,0,0,0
3029815,5,F,D,D,SEDAN,4,0,0,0
8608989,5,M,C,D,HBACK,1,0,0,0
9013059,6,M,E,D,UTE,4,0,0,0
491547,5,F,B,D,SEDAN,2,0,0,0
8276554,3,F,A,D,STNWG,4,0,0,0
4339767,4,F,C,D,SEDAN,2,0,0,0
36262,1,M,E,D,STNWG,3,1,1,407.8399997
2342322,6,F,B,D,SEDAN,4,0,0,0
5533050,2,M,F,D,HDTOP,3,0,0,0
9477775,6,F,A,D,SEDAN,3,0,0,0
6015238,2,M,E,D,UTE,4,0,0,0
8296790,4,M,D,C,UTE,4,0,0,0
8407759,4,F,B,B,SEDAN,4,0,0,0
6531335,4,F,C,D,HBACK,4,0,0,0
8820423,4,M,F,D,HDTOP,3,0,0,0
3710518,2,M,F,C,UTE,1,0,0,0
8673980,1,F,C,B,HBACK,2,0,0,0
7724019,4,F,A,D,STNWG,1,0,0,0
4688271,6,M,A,D,SEDAN,3,0,0,0
5865600,3,F,C,D,HBACK,4,0,0,0
45637,3,F,B,D,HBACK,2,0,0,0
2918707,5,M,C,B,SEDAN,2,0,0,0
5516128,4,F,E,C,STNWG,3,0,0,0
4324657,6,F,B,D,SEDAN,2,0,0,0
1024597,6,F,C,B,HBACK,1,0,0,0
5329886,5,M,A,C,STNWG,3,0,0,0
3485854,3,M,B,B,SEDAN,3,0,0,0
7868372,4,F,E,C,UTE,1,0,0,0
8749886,2,M,C,D,HDTOP,4,0,0,0
1258497,3,F,D,D,TRUCK,3,0,0,0
8656147,3,F,C,D,HBACK,1,0,0,0
9860964,2,M,F,C,STNWG,2,1,1,390
9432856,1,F,A,D,STNWG,3,0,0,0
259286,4,F,C,B,HBACK,4,0,0,0
9757934,3,F,E,B,SEDAN,2,1,1,1742.339996
1014304,3,M,A,C,STNWG,1,0,0,0
2792112,4,F,C,B,HBACK,3,0,0,0
3930711,4,F,A,C,SEDAN,3,0,0,0
9187986,2,F,C,D,HBACK,4,0,0,0
9627973,6,M,C,D,HBACK,2,0,0,0
7409354,2,F,A,D,SEDAN,1,0,0,0
6166278,3,F,B,D,STNWG,3,0,0,0
7868041,4,F,B,B,HBACK,3,0,0,0
1368457,2,M,B,B,SEDAN,1,0,0,0
7474405,4,F,C,B,HBACK,1,0,0,0
6047360,2,F,E,D,STNWG,3,0,0,0
2741291,3,M,A,A,SEDAN,1,0,0,0
1897616,4,F,A,C,STNWG,4,1,1,200
6062900,5,F,A,D,HBACK,4,0,0,0
6835916,6,M,C,D,SEDAN,4,0,0,0
7452215,2,M,C,C,TRUCK,4,0,0,0
5262896,4,F,C,C,HBACK,4,0,0,0
1274340,6,F,C,D,SEDAN,1,0,0,0
4001888,5,M,C,D,STNWG,2,0,0,0
5153215,3,M,C,D,STNWG,4,1,2,3452.169998
8094431,4,F,A,D,SEDAN,3,0,0,0
4125153,5,F,C,D,STNWG,2,0,0,0
2665952,4,F,E,B,SEDAN,1,0,0,0
494845,4,F,C,D,SEDAN,3,0,0,0
130674,3,M,A,B,HBACK,2,0,0,0
9369163,5,M,A,D,SEDAN,4,1,1,1044.969999
6925870,5,F,A,D,STNWG,1,0,0,0
158628,2,F,A,D,STNWG,4,0,0,0
6180613,2,M,B,D,HBACK,2,0,0,0
6851296,1,F,C,D,HBACK,4,0,0,0
9870957,2,M,A,D,STNWG,2,0,0,0
3649064,2,F,D,C,STNWG,3,0,0,0
77868,1,M,C,D,SEDAN,3,0,0,0
5545443,4,F,B,C,SEDAN,1,0,0,0
3725061,5,F,A,C,STNWG,3,1,2,2926.199993
2602689,3,M,C,D,SEDAN,4,0,0,0
8102926,4,M,A,C,STNWG,1,0,0,0
8624854,3,F,E,C,STNWG,4,0,0,0
9413990,3,M,B,C,SEDAN,4,0,0,0
6932669,5,F,D,D,HBACK,1,0,0,0
6037086,4,F,B,B,HBACK,1,0,0,0
5124859,2,F,D,D,SEDAN,4,0,0,0
3881162,4,M,B,D,COUPE,4,1,1,370.5699997
3825199,2,M,F,D,UTE,4,0,0,0
9383393,4,M,B,D,SEDAN,1,1,1,200.0000049
3217777,4,M,E,D,MIBUS,3,0,0,0
8463567,3,M,E,D,STNWG,4,0,0,0
7555302,5,F,A,B,SEDAN,3,0,0,0
9405545,4,F,C,D,SEDAN,2,0,0,0
8444462,4,F,A,D,MIBUS,4,0,0,0
1344068,4,M,A,B,HBACK,1,0,0,0
6858005,4,M,D,C,STNWG,3,0,0,0
7694115,3,F,A,D,HBACK,4,0,0,0
430155,4,F,C,D,SEDAN,3,0,0,0
1828384,3,M,A,D,HBACK,3,0,0,0
3153815,3,F,C,C,STNWG,4,1,1,413.1799998
9324111,6,M,E,D,SEDAN,3,0,0,0
1675340,4,F,C,D,SEDAN,1,0,0,0
4500173,5,F,D,B,SEDAN,4,0,0,0
3521874,5,F,B,D,SEDAN,2,0,0,0
9731291,6,F,C,C,SEDAN,2,0,0,0
4480452,6,M,A,D,HBACK,4,0,0,0
1637818,4,M,B,D,STNWG,4,0,0,0
7771227,6,M,D,D,TRUCK,4,0,0,0
9588578,3,F,A,B,HBACK,4,0,0,0
6132009,4,F,C,D,HBACK,3,0,0,0
445293,3,F,F,D,UTE,4,0,0,0
9106178,4,F,D,D,SEDAN,4,0,0,0
8300492,3,F,B,C,SEDAN,3,0,0,0
2643557,5,F,D,D,SEDAN,2,0,0,0
3488714,4,F,A,D,SEDAN,3,0,0,0
8531897,3,M,A,C,STNWG,1,0,0,0
8562837,3,F,A,B,SEDAN,3,0,0,0
4752387,3,M,A,D,HBACK,4,0,0,0
8618769,1,F,A,B,HBACK,2,0,0,0
2956889,2,M,B,D,UTE,3,0,0,0
2002880,4,M,B,B,HBACK,1,0,0,0
6024375,5,M,C,D,SEDAN,2,0,0,0
711237,4,M,A,D,STNWG,4,1,1,3087.399994
7827017,3,F,C,B,HBACK,3,0,0,0
3157864,3,F,A,D,SEDAN,3,0,0,0
8604426,5,F,C,D,STNWG,1,1,1,1767.169998
9106898,4,F,A,B,SEDAN,4,1,1,3964.799995
3163351,2,F,B,B,HBACK,2,0,0,0
1197032,3,F,C,C,HBACK,4,0,0,0
2662445,5,F,B,C,SEDAN,3,0,0,0
6582389,1,M,D,D,UTE,3,0,0,0
3624637,6,F,D,C,SEDAN,3,0,0,0
101157,5,F,E,D,SEDAN,3,0,0,0
3865274,6,M,B,D,STNWG,4,0,0,0
2724143,2,F,B,C,SEDAN,4,0,0,0
7103120,4,M,A,D,STNWG,1,0,0,0
6066402,6,F,B,B,SEDAN,3,0,0,0
1682033,2,F,A,C,SEDAN,2,1,2,400
7243938,5,M,D,B,SEDAN,3,0,0,0
6143530,3,M,C,D,SEDAN,3,0,0,0
6523225,3,F,D,D,SEDAN,3,0,0,0
9096585,6,F,A,B,HBACK,2,0,0,0
3156473,3,F,C,C,HBACK,4,0,0,0
6290841,3,F,C,B,SEDAN,4,0,0,0
6922449,5,M,A,D,SEDAN,2,0,0,0
8503422,3,F,A,C,HBACK,4,0,0,0
4076604,3,F,A,D,SEDAN,4,0,0,0
3211477,4,F,B,D,SEDAN,2,0,0,0
1442009,3,F,B,D,SEDAN,2,0,0,0
5696499,4,M,A,A,SEDAN,3,0,0,0
4133249,5,F,C,D,HBACK,1,0,0,0
3624659,4,M,C,C,STNWG,3,0,0,0
8902628,4,M,F,C,STNWG,3,0,0,0
6113250,5,M,A,B,HBACK,1,0,0,0
1203583,6,F,B,C,HBACK,4,0,0,0
2532924,6,F,C,C,SEDAN,4,0,0,0
1064828,3,M,A,D,STNWG,3,0,0,0
6242855,2,F,C,B,HBACK,1,0,0,0
5286915,3,M,E,C,TRUCK,3,0,0,0
281170,4,M,B,D,STNWG,4,0,0,0
9320764,2,M,F,D,STNWG,2,1,1,520.7299995
9973270,5,F,B,D,HBACK,4,0,0,0
4265678,4,M,C,D,HBACK,4,0,0,0
1638938,4,F,F,D,STNWG,4,0,0,0
6503648,3,F,B,B,HBACK,1,0,0,0
1926493,5,F,B,B,HBACK,4,0,0,0
5068997,2,F,C,D,HBACK,1,0,0,0
7788261,4,F,B,D,SEDAN,4,0,0,0
8442264,3,M,C,C,SEDAN,3,0,0,0
3565562,2,M,C,D,STNWG,4,0,0,0
2606577,4,F,C,D,SEDAN,2,0,0,0
8544132,5,M,C,A,SEDAN,4,0,0,0
9497612,6,F,A,B,SEDAN,1,0,0,0
7525470,2,F,A,A,SEDAN,2,0,0,0
1684872,6,F,D,B,HBACK,2,0,0,0
3086244,5,F,B,B,HBACK,1,0,0,0
6654425,3,M,B,D,STNWG,3,0,0,0
4955488,1,F,C,C,SEDAN,4,0,0,0
4198487,2,M,B,D,STNWG,2,0,0,0
8029937,4,M,D,C,STNWG,2,0,0,0
317273,2,M,F,B,SEDAN,2,0,0,0
8629164,4,F,C,D,SEDAN,4,1,1,813.6019993
2017581,3,F,A,D,SEDAN,4,1,1,558.1499996
2990963,3,M,B,D,UTE,2,0,0,0
6290374,2,F,A,D,SEDAN,4,0,0,0
8334308,1,M,B,D,SEDAN,3,0,0,0
4188782,5,F,C,D,SEDAN,3,0,0,0
7672019,4,F,B,B,HBACK,3,0,0,0
6960239,3,F,A,B,SEDAN,3,0,0,0
9545564,3,M,C,D,SEDAN,1,0,0,0
6357055,4,F,B,D,SEDAN,1,0,0,0
1702914,4,F,B,B,HBACK,2,0,0,0
7487699,2,M,A,D,HBACK,4,0,0,0
1408244,3,F,B,B,SEDAN,2,0,0,0
5956350,2,F,F,D,STNWG,3,0,0,0
4480590,5,F,E,B,HBACK,1,0,0,0
7710093,4,M,C,D,SEDAN,1,0,0,0
6094387,3,F,C,D,HBACK,2,0,0,0
3156908,1,F,D,D,SEDAN,2,0,0,0
9034036,2,F,C,B,HBACK,2,0,0,0
9302000,2,M,B,D,SEDAN,1,0,0,0
2226865,5,F,A,B,HBACK,4,0,0,0
5760894,2,F,F,C,STNWG,1,0,0,0
8449637,1,M,B,B,HBACK,1,0,0,0
6735371,5,M,B,D,SEDAN,1,0,0,0
2478119,6,F,D,A,SEDAN,4,0,0,0
694067,4,F,C,D,HBACK,3,0,0,0
6038091,4,F,C,A,HBACK,1,0,0,0
9187182,2,F,C,D,SEDAN,4,0,0,0
3398719,2,F,E,D,TRUCK,3,0,0,0
1438240,3,M,A,D,HBACK,3,0,0,0
2653658,4,F,C,D,HBACK,1,0,0,0
7653050,5,F,B,D,HBACK,2,0,0,0
7143469,3,M,C,C,STNWG,2,0,0,0
2352729,5,F,C,D,HBACK,3,0,0,0
2455821,3,M,C,C,HBACK,4,0,0,0
8765898,2,M,E,D,STNWG,4,0,0,0
6324735,3,F,F,C,STNWG,3,0,0,0
4060064,3,M,B,D,PANVN,3,0,0,0
4326683,2,F,B,D,SEDAN,3,0,0,0
7941667,4,M,A,B,HBACK,3,0,0,0
5219163,2,M,C,D,HBACK,1,0,0,0
8091509,4,F,C,D,HBACK,1,0,0,0
4185745,4,M,C,D,HBACK,4,0,0,0
9285758,4,M,C,C,SEDAN,3,0,0,0
8270969,5,F,D,B,SEDAN,1,0,0,0
4984799,2,M,C,D,STNWG,4,0,0,0
6337399,2,F,C,D,HBACK,3,0,0,0
9267651,6,F,A,D,SEDAN,1,0,0,0
3314357,4,M,D,B,STNWG,3,0,0,0
5781427,4,F,A,D,STNWG,4,0,0,0
8516456,4,F,D,D,HBACK,4,0,0,0
5155365,3,M,C,D,UTE,2,0,0,0
437222,2,F,F,C,STNWG,2,0,0,0
3853248,3,F,D,D,STNWG,2,0,0,0
393520,4,M,A,B,HBACK,3,0,0,0
5855210,4,M,A,B,HBACK,3,0,0,0
887592,4,M,D,A,SEDAN,3,0,0,0
8201845,2,M,B,C,SEDAN,3,1,2,1955.789997
9961670,2,F,A,D,SEDAN,1,0,0,0
3300449,6,M,C,D,SEDAN,1,0,0,0
4263903,4,F,A,D,SEDAN,3,0,0,0
5697630,3,F,C,B,SEDAN,4,0,0,0
8427303,3,M,C,D,STNWG,3,0,0,0
5466224,3,F,C,D,HBACK,3,0,0,0
9271906,1,F,B,D,HBACK,1,0,0,0
1959261,4,F,D,D,UTE,3,0,0,0
3565067,3,M,C,D,UTE,3,0,0,0
8204036,4,F,C,D,SEDAN,1,0,0,0
6767945,3,M,D,D,HDTOP,4,0,0,0
8198577,1,M,D,D,UTE,4,0,0,0
4896525,4,M,C,D,COUPE,3,0,0,0
4949292,3,M,C,D,MCARA,3,1,1,389.9499998
5088526,4,M,B,B,HBACK,2,0,0,0
885843,4,M,C,C,SEDAN,2,0,0,0
4490152,1,F,C,C,SEDAN,2,0,0,0
3218092,2,F,E,C,STNWG,3,0,0,0
4701104,5,M,C,C,UTE,3,0,0,0
9053737,5,M,A,B,HBACK,4,0,0,0
9687292,4,F,C,D,SEDAN,3,0,0,0
2931939,5,M,A,D,SEDAN,3,0,0,0
5822953,3,F,E,D,SEDAN,4,0,0,0
910544,1,F,C,C,UTE,1,0,0,0
8305291,2,F,D,D,STNWG,3,0,0,0
8743736,3,F,C,D,UTE,3,0,0,0
9140326,2,F,A,D,HBACK,2,0,0,0
8756700,5,F,C,C,STNWG,4,0,0,0
6627740,4,M,A,D,HBACK,2,0,0,0
6873850,6,F,C,D,SEDAN,4,0,0,0
2693490,3,F,C,D,SEDAN,4,0,0,0
8877594,2,M,C,D,STNWG,3,1,1,5554.439987
7899184,3,M,C,D,STNWG,4,0,0,0
3334135,6,F,A,D,HBACK,4,0,0,0
4334804,2,M,A,B,HBACK,2,1,1,200
7864190,4,M,B,A,SEDAN,3,0,0,0
410352,2,F,A,C,HBACK,4,0,0,0
4118520,5,M,A,D,SEDAN,4,0,0,0
3582616,2,M,C,D,HBACK,2,0,0,0
3764879,2,F,A,D,SEDAN,1,0,0,0
4877766,1,F,D,C,SEDAN,1,0,0,0
6837425,1,F,C,B,HBACK,3,0,0,0
7068258,5,F,F,D,HBACK,3,1,1,832.4499989
8210433,1,M,D,C,UTE,4,0,0,0
6328001,5,F,A,B,HBACK,2,0,0,0
2326085,2,F,B,D,SEDAN,3,0,0,0
2044116,3,F,C,B,SEDAN,4,0,0,0
3446283,4,F,C,D,SEDAN,3,0,0,0
484519,4,M,A,B,HBACK,3,0,0,0
4553297,6,F,A,A,SEDAN,1,0,0,0
1251512,6,M,C,D,STNWG,2,0,0,0
776851,2,F,D,D,HBACK,3,0,0,0
8292846,6,M,C,D,SEDAN,3,0,0,0
7269214,2,M,E,C,STNWG,4,0,0,0
5286671,5,M,B,D,UTE,1,1,1,1317.439999
4334927,2,M,D,D,HDTOP,3,0,0,0
3205629,6,M,C,C,SEDAN,2,0,0,0
407663,5,F,A,D,SEDAN,4,0,0,0
6142266,1,M,C,D,HBACK,4,0,0,0
6037094,6,M,C,D,SEDAN,2,0,0,0
4985467,3,M,A,B,HBACK,3,0,0,0
9615612,3,M,D,C,SEDAN,1,0,0,0
6189446,2,F,C,D,SEDAN,1,0,0,0
7179806,4,M,E,D,STNWG,1,0,0,0
1557039,5,F,E,C,STNWG,2,0,0,0
7913313,4,F,B,B,HBACK,1,0,0,0
2012282,3,M,F,D,STNWG,4,0,0,0
4776479,2,M,A,B,HBACK,1,0,0,0
4918975,4,F,C,B,HBACK,3,0,0,0
2293282,2,F,B,D,HBACK,3,0,0,0
4427860,4,F,A,B,HBACK,3,0,0,0
1681857,1,M,F,D,TRUCK,3,0,0,0
4206994,3,M,F,D,STNWG,3,0,0,0
678180,4,F,C,B,COUPE,2,0,0,0
5339851,2,F,D,D,HBACK,3,0,0,0
44270,6,F,D,A,SEDAN,3,0,0,0
2264010,2,F,A,B,HBACK,2,0,0,0
4306600,4,M,B,D,SEDAN,2,0,0,0
8358641,4,F,A,D,SEDAN,3,0,0,0
5464890,1,F,D,B,STNWG,2,0,0,0
8201120,5,M,D,D,TRUCK,4,0,0,0
3924342,5,F,D,D,SEDAN,2,0,0,0
6225669,2,M,D,D,UTE,4,0,0,0
4118484,6,M,A,D,STNWG,4,0,0,0
7631590,3,M,B,D,UTE,1,0,0,0
8177312,3,F,B,B,SEDAN,4,0,0,0
5876181,4,F,C,B,SEDAN,3,0,0,0
7369822,2,F,A,D,HBACK,4,0,0,0
4060797,5,M,C,B,HBACK,1,0,0,0
719593,4,M,A,C,STNWG,3,0,0,0
8201837,4,F,C,C,STNWG,3,0,0,0
3227969,2,M,E,D,TRUCK,3,0,0,0
2989688,3,F,A,C,HBACK,1,0,0,0
6250601,2,M,F,C,STNWG,4,0,0,0
676001,2,F,E,D,STNWG,3,0,0,0
2840549,3,M,C,B,HBACK,1,0,0,0
8966569,6,M,C,C,SEDAN,1,0,0,0
9215367,4,M,A,D,HBACK,1,0,0,0
6649851,2,M,D,D,STNWG,3,1,1,369.1499996
2925334,3,F,B,D,HBACK,3,0,0,0
5888666,3,F,A,B,HBACK,3,0,0,0
29147,4,M,C,D,SEDAN,3,0,0,0
7542657,5,M,A,B,HBACK,2,1,1,200
4870041,6,F,A,D,SEDAN,3,0,0,0
771871,3,F,D,D,STNWG,4,0,0,0
3578199,4,F,D,C,UTE,3,0,0,0
1264815,3,F,C,D,HBACK,2,0,0,0
1115687,2,M,B,C,UTE,1,0,0,0
9019875,3,F,A,D,HBACK,4,0,0,0
4573731,4,F,C,C,SEDAN,4,1,1,662.7299995
9440726,2,M,A,D,UTE,4,1,1,4536.659988
3828611,2,F,A,C,SEDAN,3,0,0,0
538795,5,M,B,D,SEDAN,1,0,0,0
3222400,3,F,D,D,SEDAN,4,0,0,0
3976259,5,M,B,B,HBACK,1,0,0,0
7793205,2,F,B,D,SEDAN,3,0,0,0
3865231,4,M,A,D,SEDAN,3,0,0,0
6087524,3,F,E,B,SEDAN,2,0,0,0
3480492,4,F,A,B,HBACK,3,0,0,0
4267922,3,F,A,D,HBACK,2,0,0,0
528192,4,M,C,D,HBACK,3,0,0,0
4429091,3,M,B,D,MIBUS,3,0,0,0
8880551,4,F,C,C,STNWG,3,0,0,0
9736290,5,F,D,C,SEDAN,4,0,0,0
2498537,3,F,A,D,SEDAN,2,1,1,635.0799999
7125022,4,F,B,C,COUPE,4,0,0,0
4581496,3,F,A,D,MIBUS,2,0,0,0
8173152,3,F,D,B,HBACK,2,0,0,0
7226164,5,M,C,D,UTE,3,0,0,0
3714884,5,F,B,B,HBACK,1,0,0,0
2609743,4,F,C,D,HDTOP,3,0,0,0
7765611,2,F,D,B,HBACK,4,0,0,0
9558512,5,F,F,D,TRUCK,2,0,0,0
9745594,4,M,A,B,HBACK,4,1,1,1523.149998
2688416,1,F,C,D,UTE,3,0,0,0
4608797,6,M,A,D,SEDAN,4,0,0,0
4401395,3,F,C,B,HBACK,3,0,0,0
8393176,4,F,C,B,HBACK,4,0,0,0
4739541,2,F,C,B,HBACK,3,0,0,0
6975319,5,M,C,C,STNWG,3,0,0,0
5802970,2,M,C,D,SEDAN,4,0,0,0
4192589,2,M,C,D,HBACK,1,0,0,0
6189312,6,M,B,C,SEDAN,4,0,0,0
3278777,6,F,C,C,SEDAN,3,0,0,0
1197643,5,F,E,B,SEDAN,3,0,0,0
1891983,3,M,A,D,HBACK,2,0,0,0
1094821,2,M,A,C,STNWG,2,1,1,2460.089996
11527,2,M,F,D,STNWG,1,0,0,0
1071587,4,M,B,C,STNWG,2,0,0,0
9132834,6,F,E,B,HBACK,3,0,0,0
4635201,4,F,F,D,UTE,4,0,0,0
1265304,2,F,E,D,STNWG,2,0,0,0
693496,4,F,A,D,HBACK,4,0,0,0
1148277,4,M,C,B,SEDAN,3,0,0,0
4356518,1,F,A,B,HBACK,1,0,0,0
3477050,3,M,C,D,HBACK,4,0,0,0
951534,4,F,E,D,SEDAN,4,0,0,0
5590769,4,F,D,C,STNWG,4,0,0,0
2307138,1,M,B,D,MCARA,4,0,0,0
2052998,3,F,B,D,SEDAN,2,0,0,0
4430449,4,F,D,B,SEDAN,3,0,0,0
8812573,5,M,C,B,HBACK,3,0,0,0
8682360,3,F,D,D,SEDAN,4,0,0,0
5476725,4,F,A,D,STNWG,1,0,0,0
2101538,6,F,D,D,SEDAN,2,0,0,0
8326990,3,F,B,D,HBACK,2,0,0,0
5479852,6,F,D,A,MCARA,2,0,0,0
8675037,5,F,B,B,SEDAN,3,0,0,0
9017480,4,F,B,B,HBACK,3,0,0,0
4260014,3,M,A,C,STNWG,3,0,0,0
2602105,4,F,F,D,STNWG,2,0,0,0
8530915,1,F,F,B,HBACK,4,0,0,0
9196661,2,M,F,C,HBACK,2,0,0,0
4544561,5,F,A,D,STNWG,3,0,0,0
1261675,4,F,C,C,SEDAN,2,0,0,0
150588,1,F,C,D,SEDAN,4,0,0,0
5950076,3,M,B,D,HDTOP,1,0,0,0
2045890,3,M,B,D,STNWG,2,0,0,0
3257164,1,M,F,D,UTE,2,0,0,0
2515068,6,M,B,D,SEDAN,4,0,0,0
4718858,3,M,C,A,PANVN,1,0,0,0
3924274,1,F,A,B,HBACK,2,0,0,0
4360359,3,F,D,B,SEDAN,1,0,0,0
5016642,3,F,E,D,STNWG,3,0,0,0
2598391,4,F,B,C,TRUCK,3,0,0,0
4967664,3,F,E,D,STNWG,3,0,0,0
4505311,1,F,D,B,SEDAN,3,0,0,0
2478982,5,M,C,D,SEDAN,2,0,0,0
6114239,5,M,D,C,STNWG,3,0,0,0
3158177,2,F,C,D,SEDAN,2,0,0,0
3996223,4,M,C,D,SEDAN,4,0,0,0
6822889,4,M,C,C,UTE,1,0,0,0
4814695,6,M,C,D,SEDAN,4,0,0,0
6841958,2,F,A,D,SEDAN,1,0,0,0
7674040,4,F,F,B,SEDAN,3,0,0,0
8923841,5,F,A,D,HBACK,3,1,1,2541.75
1439945,3,F,D,B,SEDAN,2,0,0,0
1095489,2,F,D,B,STNWG,1,0,0,0
4086543,1,F,A,D,HBACK,1,0,0,0
83785,2,F,F,B,HBACK,2,0,0,0
4051133,2,M,C,D,STNWG,4,1,1,353.7999997
8483925,3,F,D,D,HBACK,2,0,0,0
2295792,4,F,C,C,SEDAN,3,0,0,0
6666811,4,F,E,D,STNWG,3,0,0,0
3399926,2,F,C,C,STNWG,1,0,0,0
1116168,2,F,A,B,STNWG,1,0,0,0
4427214,1,F,A,B,HBACK,1,0,0,0
7916307,5,F,E,C,STNWG,2,0,0,0
8500619,4,M,D,C,STNWG,1,0,0,0
9558801,1,M,B,B,HBACK,2,0,0,0
6471173,5,F,A,D,HBACK,3,0,0,0
9391443,3,M,C,D,SEDAN,3,0,0,0
9193620,3,M,A,B,HBACK,1,0,0,0
4317082,3,F,D,C,SEDAN,3,0,0,0
2120789,3,M,C,B,HBACK,3,0,0,0
7077384,3,F,B,D,STNWG,3,0,0,0
7785653,6,M,A,C,SEDAN,4,0,0,0
1657715,1,F,E,B,SEDAN,3,0,0,0
6957845,1,M,D,D,TRUCK,3,0,0,0
9274452,6,F,B,B,HBACK,1,0,0,0
3937079,4,M,E,B,HBACK,2,0,0,0
6036535,4,M,C,C,STNWG,4,1,1,200
2489400,6,M,B,D,STNWG,1,0,0,0
5293051,2,M,B,B,HBACK,1,0,0,0
5765555,6,F,A,D,HBACK,2,0,0,0
6843722,2,F,C,C,SEDAN,1,0,0,0
5464534,5,M,A,D,STNWG,3,0,0,0
903781,6,F,B,D,STNWG,2,0,0,0
9143157,4,F,B,B,HBACK,4,0,0,0
2805097,2,M,B,D,UTE,2,0,0,0
1957764,4,F,C,D,SEDAN,1,0,0,0
4053763,4,F,C,C,SEDAN,2,0,0,0
9976016,4,M,B,D,UTE,3,1,1,400
4391577,3,F,B,D,SEDAN,1,0,0,0
9151475,2,F,C,D,SEDAN,2,0,0,0
8341731,1,F,C,B,HBACK,1,0,0,0
1171270,5,M,B,C,STNWG,3,0,0,0
3476246,3,M,A,D,HBACK,3,0,0,0
7008797,2,F,C,D,STNWG,4,0,0,0
9721579,3,F,B,D,HBACK,4,0,0,0
1563400,5,F,D,D,STNWG,4,0,0,0
7686140,6,F,A,D,SEDAN,1,0,0,0
2367970,3,F,B,D,STNWG,4,0,0,0
781135,3,F,C,B,SEDAN,3,0,0,0
3440336,4,F,B,B,HBACK,2,0,0,0
8324960,1,F,B,D,HBACK,2,0,0,0
9067886,1,M,A,B,HBACK,4,0,0,0
3796372,1,M,D,C,STNWG,4,0,0,0
5672291,2,F,C,B,HBACK,2,0,0,0
1458591,3,M,C,C,UTE,1,0,0,0
859794,1,F,F,B,SEDAN,2,0,0,0
7353589,5,F,C,D,STNWG,1,0,0,0
9208854,4,F,B,C,SEDAN,2,0,0,0
6807627,3,F,C,C,STNWG,3,0,0,0
4547049,2,F,B,D,HBACK,2,0,0,0
2872489,3,F,B,D,UTE,3,0,0,0
7408487,4,F,B,D,SEDAN,4,0,0,0
954552,5,M,A,D,SEDAN,4,0,0,0
2826516,2,M,A,C,STNWG,3,0,0,0
9068863,4,M,C,D,STNWG,4,0,0,0
1638317,4,F,B,D,STNWG,3,0,0,0
2607429,2,M,E,D,BUS,3,0,0,0
7423652,6,F,D,B,HBACK,3,0,0,0
6750931,3,M,F,D,TRUCK,2,0,0,0
4063323,3,F,B,D,SEDAN,2,0,0,0
5060044,3,M,D,D,STNWG,3,0,0,0
2791490,2,F,A,D,HBACK,3,0,0,0
104494,2,F,D,D,STNWG,4,0,0,0
9971556,5,M,E,D,STNWG,3,1,1,866.8199997
8469348,4,M,A,D,SEDAN,1,0,0,0
9436171,1,F,A,D,HBACK,2,1,1,8282.839996
5411411,1,F,E,D,STNWG,2,0,0,0
5076888,2,F,C,B,HBACK,3,0,0,0
7550176,4,F,F,D,STNWG,3,0,0,0
6360477,5,M,A,C,STNWG,4,0,0,0
1933382,6,F,E,B,SEDAN,4,0,0,0
2847003,4,M,E,D,STNWG,4,0,0,0
2890861,2,F,B,D,HBACK,2,0,0,0
1681142,5,F,D,B,STNWG,2,0,0,0
6273402,2,F,A,D,SEDAN,4,0,0,0
8874670,3,F,B,B,SEDAN,3,0,0,0
7374463,4,M,F,D,STNWG,3,0,0,0
7537877,5,M,E,B,SEDAN,4,0,0,0
937811,4,F,B,D,HBACK,3,0,0,0
3998006,1,M,A,C,STNWG,1,0,0,0
1590614,4,M,C,D,SEDAN,4,0,0,0
8809188,2,M,F,C,STNWG,3,0,0,0
1623752,3,F,A,D,SEDAN,4,1,1,3337.589996
4591200,5,M,A,B,HBACK,3,0,0,0
2237347,2,F,F,D,STNWG,4,0,0,0
1859500,5,M,B,D,STNWG,2,0,0,0
9376506,5,M,C,C,STNWG,4,0,0,0
8491810,3,M,A,D,STNWG,4,0,0,0
8679018,6,F,A,D,SEDAN,2,1,1,521.79
9857186,5,F,A,B,HBACK,1,0,0,0
9765478,3,M,C,D,HBACK,4,0,0,0
5200595,3,M,E,B,HBACK,1,0,0,0
3340831,2,M,A,B,HBACK,3,0,0,0
2459622,5,M,C,B,HBACK,1,0,0,0
9626891,5,F,E,B,HBACK,3,0,0,0
8529849,1,F,B,C,STNWG,2,0,0,0
7710728,4,M,F,C,UTE,1,0,0,0
3167548,3,M,A,C,SEDAN,2,0,0,0
8441635,4,M,D,D,UTE,4,0,0,0
2552335,5,F,A,B,STNWG,2,0,0,0
9391256,1,F,C,B,HBACK,2,0,0,0
2435855,5,F,E,B,STNWG,2,0,0,0
8420898,3,M,C,D,UTE,3,0,0,0
1513852,4,M,C,D,SEDAN,3,0,0,0
6011359,3,M,C,D,SEDAN,2,0,0,0
6298706,4,F,B,D,HBACK,4,0,0,0
3875297,5,F,E,D,UTE,4,0,0,0
2810318,2,M,B,D,UTE,3,0,0,0
6847740,5,M,B,D,SEDAN,3,0,0,0
6933803,5,M,D,D,SEDAN,3,0,0,0
847969,5,F,C,D,STNWG,4,0,0,0
4808455,2,F,F,D,STNWG,4,0,0,0
5460480,5,F,A,B,HBACK,1,0,0,0
8157947,5,F,E,C,PANVN,4,0,0,0
6066079,3,F,F,C,STNWG,2,0,0,0
1033799,3,F,C,B,HBACK,2,0,0,0
4553124,3,M,E,B,HBACK,3,0,0,0
8530285,6,M,C,B,HBACK,2,0,0,0
1444400,1,F,A,C,HBACK,2,0,0,0
9586567,3,M,C,D,STNWG,4,0,0,0
9693187,2,F,D,D,HBACK,3,0,0,0
1273325,4,M,D,C,STNWG,4,0,0,0
5218201,3,F,E,B,HBACK,3,0,0,0
4817821,3,M,E,D,STNWG,4,0,0,0
6693185,4,F,E,B,HBACK,2,0,0,0
4517553,6,F,D,D,HBACK,2,0,0,0
7867166,5,M,D,D,SEDAN,4,1,1,700.5
541008,4,F,D,C,STNWG,1,0,0,0
5296503,1,F,A,D,HBACK,3,1,1,3429.109993
4059266,6,M,E,B,SEDAN,3,0,0,0
6956273,4,F,C,B,SEDAN,4,0,0,0
7653534,4,M,B,D,SEDAN,3,0,0,0
3399646,6,F,C,D,SEDAN,3,0,0,0
8219789,3,F,C,D,STNWG,3,0,0,0
8176427,3,M,E,D,STNWG,4,0,0,0
4867078,1,F,C,C,SEDAN,2,0,0,0
8771147,4,F,A,D,HBACK,4,0,0,0
9408352,2,F,A,D,STNWG,3,0,0,0
2419323,6,F,A,D,HBACK,4,0,0,0
2317746,4,M,C,D,STNWG,4,0,0,0
5326238,5,M,C,D,HBACK,3,0,0,0
5330116,2,M,C,D,TRUCK,4,0,0,0
5635129,3,F,D,B,HBACK,4,0,0,0
2389584,1,M,F,D,TRUCK,2,0,0,0
8906814,5,M,F,C,SEDAN,3,0,0,0
7598718,3,F,D,D,TRUCK,1,0,0,0
8606297,5,M,B,D,MIBUS,4,0,0,0
105259,5,M,C,D,SEDAN,4,0,0,0
87323,2,F,F,D,HDTOP,2,0,0,0
9801603,4,F,C,C,STNWG,1,0,0,0
1493918,5,F,A,B,HBACK,1,1,1,200
4358920,6,M,A,D,HBACK,3,0,0,0
1954151,6,M,A,D,STNWG,3,0,0,0
3659866,3,M,A,D,SEDAN,2,1,1,1307.009998
9305608,4,F,A,D,HBACK,2,0,0,0
341523,4,F,B,D,HBACK,3,0,0,0
1993106,1,M,A,D,STNWG,2,0,0,0
1623062,4,F,A,B,SEDAN,4,0,0,0
1685841,3,F,C,D,SEDAN,3,0,0,0
6772844,1,F,E,B,HBACK,2,0,0,0
8404433,4,F,C,D,HBACK,3,0,0,0
6068234,3,M,C,C,UTE,1,0,0,0
9811682,3,F,C,C,UTE,1,0,0,0
2784435,5,F,C,D,SEDAN,4,0,0,0
2390504,1,M,F,C,STNWG,1,0,0,0
3674183,3,F,C,C,HBACK,3,0,0,0
3623526,5,F,B,D,STNWG,2,0,0,0
4548139,1,F,C,C,SEDAN,2,0,0,0
9145762,1,F,A,D,SEDAN,3,0,0,0
162433,2,F,C,C,STNWG,1,0,0,0
289372,1,F,F,D,HBACK,4,0,0,0
2920022,4,M,A,B,HBACK,1,0,0,0
8095172,2,M,A,D,SEDAN,4,0,0,0
4733836,5,M,C,C,STNWG,3,0,0,0
9188940,5,F,B,B,STNWG,2,0,0,0
1429689,4,F,D,A,SEDAN,1,0,0,0
1958272,6,M,B,D,UTE,4,0,0,0
9671605,4,F,B,C,HBACK,2,0,0,0
3276592,3,F,B,C,STNWG,3,0,0,0
8773769,3,F,C,D,STNWG,4,0,0,0
7025211,1,M,C,D,UTE,2,0,0,0
5764498,5,F,E,C,STNWG,3,0,0,0
6539138,6,F,C,B,SEDAN,3,0,0,0
8747815,3,M,F,D,STNWG,4,0,0,0
250077,3,M,E,D,TRUCK,3,0,0,0
6242575,3,F,E,B,HBACK,1,1,1,200
4266450,4,F,B,D,HBACK,3,0,0,0
1769815,5,M,C,D,STNWG,3,0,0,0
5223838,3,F,B,D,PANVN,3,0,0,0
8140918,5,F,C,D,HBACK,3,0,0,0
7471092,4,M,A,D,UTE,4,0,0,0
6129753,4,M,C,D,STNWG,1,0,0,0
9283966,2,F,C,C,HBACK,4,0,0,0
5273737,2,F,B,D,HBACK,2,0,0,0
6231917,2,F,A,D,SEDAN,3,0,0,0
8142482,5,F,C,D,SEDAN,1,0,0,0
7950993,5,M,B,B,SEDAN,2,0,0,0
3577316,2,M,A,D,HBACK,3,0,0,0
7535404,3,M,E,B,HBACK,3,0,0,0
5793251,1,M,C,D,BUS,3,0,0,0
9259751,2,F,C,C,SEDAN,4,0,0,0
8419384,2,F,B,D,SEDAN,3,0,0,0
4061977,4,F,C,D,SEDAN,3,0,0,0
1508259,4,F,B,D,STNWG,3,0,0,0
6917256,4,M,A,D,STNWG,4,0,0,0
9351668,3,F,A,D,STNWG,4,0,0,0
1868891,5,F,E,B,HBACK,1,0,0,0
2525728,6,F,A,B,HBACK,3,0,0,0
8365037,5,F,E,D,UTE,4,0,0,0
1822759,3,F,D,D,SEDAN,2,0,0,0
9967391,4,F,D,B,SEDAN,3,0,0,0
5328229,1,F,A,D,SEDAN,3,0,0,0
1660082,1,F,B,B,HBACK,2,0,0,0
5320834,3,F,C,D,SEDAN,1,0,0,0
6859532,5,M,B,C,SEDAN,3,0,0,0
5371532,4,F,C,D,HBACK,1,0,0,0
2619663,5,F,C,D,SEDAN,3,0,0,0
9607509,4,F,C,B,HBACK,2,0,0,0
5352166,2,F,B,B,HBACK,2,0,0,0
7244628,3,F,A,C,SEDAN,2,0,0,0
7766656,3,M,D,C,UTE,1,1,1,1742.939999
4260796,3,M,F,B,HBACK,4,1,1,4191.479981
1759466,5,F,D,D,SEDAN,2,0,0,0
125075,4,M,A,C,STNWG,2,0,0,0
9279493,3,M,A,D,STNWG,3,0,0,0
8168580,2,M,A,B,HBACK,3,1,1,247.5
5278048,2,F,B,D,HBACK,2,0,0,0
2352528,6,F,A,B,STNWG,1,0,0,0
6835743,3,M,B,B,SEDAN,3,0,0,0
9154687,1,F,A,D,SEDAN,2,0,0,0
6909201,6,F,B,D,SEDAN,1,0,0,0
6650471,2,F,D,B,HBACK,2,1,1,411.4199996
9596968,1,F,D,C,SEDAN,2,0,0,0
4449040,2,F,B,D,SEDAN,4,0,0,0
9136759,1,F,E,C,SEDAN,4,0,0,0
9992148,2,M,B,C,SEDAN,2,0,0,0
5066522,2,F,A,D,HBACK,2,1,1,5300.679993
8332581,4,F,B,D,SEDAN,1,0,0,0
2850687,6,F,A,D,SEDAN,4,0,0,0
7471390,5,M,B,C,STNWG,1,0,0,0
8515247,1,M,A,D,HBACK,3,1,1,3950.359993
2515817,6,F,B,D,HBACK,1,1,1,1186.81
4290226,3,F,A,C,UTE,1,0,0,0
1516969,3,F,C,B,HBACK,4,0,0,0
6041139,4,F,C,B,HBACK,3,1,1,345
101311,6,F,E,B,SEDAN,2,0,0,0
1624327,3,F,B,D,STNWG,4,0,0,0
2756236,3,F,A,B,HBACK,1,0,0,0
6239139,2,M,F,D,STNWG,1,0,0,0
8133439,6,M,E,B,HBACK,2,0,0,0
2435583,4,F,F,C,SEDAN,2,0,0,0
5727164,3,M,A,D,HBACK,2,0,0,0
7137498,6,M,C,D,SEDAN,2,0,0,0
6107025,4,M,F,D,STNWG,1,0,0,0
3056904,3,M,B,D,STNWG,3,0,0,0
431891,3,F,A,B,SEDAN,1,0,0,0
9517311,1,M,A,A,HBACK,2,0,0,0
9721297,6,M,E,C,SEDAN,2,0,0,0
1012362,5,F,A,B,SEDAN,3,0,0,0
424527,4,M,E,D,UTE,3,0,0,0
9994202,3,F,C,B,HBACK,2,0,0,0
6835889,3,M,A,D,UTE,4,0,0,0
7027529,6,M,B,D,HBACK,2,0,0,0
3905756,4,M,C,C,SEDAN,2,0,0,0
5799395,4,M,F,D,STNWG,4,0,0,0
203668,4,M,C,C,STNWG,1,0,0,0
3806181,3,F,A,D,MIBUS,3,0,0,0
6192517,2,F,A,D,HBACK,3,0,0,0
1928053,6,F,C,D,SEDAN,3,0,0,0
925947,2,M,F,C,TRUCK,1,0,0,0
7403488,1,F,A,D,TRUCK,1,0,0,0
9618626,1,M,C,D,STNWG,4,0,0,0
8504118,5,F,F,C,SEDAN,2,0,0,0
2622147,4,F,E,B,HBACK,1,0,0,0
4202515,4,M,C,C,STNWG,1,0,0,0
4188427,5,M,D,D,SEDAN,2,0,0,0
5020573,5,F,A,D,SEDAN,1,0,0,0
9411522,5,M,C,C,SEDAN,3,0,0,0
9114618,4,M,B,B,SEDAN,3,0,0,0
4900226,3,M,D,C,STNWG,3,0,0,0
5857633,6,F,C,B,SEDAN,3,1,1,2857.589996
4330364,4,M,C,D,HDTOP,3,0,0,0
1988338,3,F,F,D,HDTOP,2,0,0,0
1623520,5,F,A,D,SEDAN,2,0,0,0
9727814,4,M,A,D,TRUCK,4,0,0,0
2410625,3,F,A,D,SEDAN,2,0,0,0
2520156,5,F,C,B,HBACK,4,0,0,0
3180252,4,F,B,D,STNWG,2,1,1,415.0299997
3152878,3,F,F,D,STNWG,3,0,0,0
100918,4,M,A,D,STNWG,3,0,0,0
3567793,3,F,D,B,SEDAN,4,0,0,0
5595544,3,M,B,D,STNWG,4,0,0,0
4063413,6,F,C,B,HBACK,2,0,0,0
2639034,2,M,D,B,SEDAN,4,0,0,0
8477535,4,M,D,D,STNWG,2,0,0,0
3008298,6,M,B,D,HBACK,4,0,0,0
9086493,4,M,E,D,STNWG,2,0,0,0
9747414,3,M,C,D,HBACK,2,0,0,0
1155821,2,F,B,D,STNWG,4,0,0,0
7194764,5,F,A,D,HBACK,2,0,0,0
7160302,3,F,D,B,HBACK,1,0,0,0
9280230,4,F,B,B,HBACK,1,0,0,0
407959,3,M,F,D,SEDAN,4,0,0,0
5321076,6,F,A,D,HBACK,4,0,0,0
6014627,2,M,F,C,STNWG,3,1,1,390
2481576,4,M,C,C,STNWG,2,0,0,0
1898363,3,F,A,D,SEDAN,4,0,0,0
8759154,4,F,C,D,STNWG,4,0,0,0
503557,4,F,C,B,COUPE,3,0,0,0
4353134,5,M,A,C,STNWG,4,0,0,0
4923114,3,F,B,D,HBACK,2,0,0,0
3480019,3,F,E,B,HBACK,1,0,0,0
3210260,5,F,A,B,HBACK,3,0,0,0
3399855,5,M,A,D,SEDAN,3,0,0,0
6627799,6,F,C,D,PANVN,3,0,0,0
1261569,5,M,C,D,SEDAN,1,0,0,0
4921135,4,M,D,B,HBACK,2,0,0,0
2999636,6,M,A,D,HBACK,4,0,0,0
2776086,4,F,A,D,HBACK,2,0,0,0
2404944,1,M,B,D,SEDAN,4,0,0,0
7301504,4,M,A,D,STNWG,4,0,0,0
7543749,4,F,A,B,HBACK,2,0,0,0
9865128,4,F,C,D,HBACK,4,0,0,0
135383,2,M,B,D,UTE,2,0,0,0
6136276,2,M,A,D,HDTOP,3,0,0,0
7152761,3,M,F,C,STNWG,2,1,1,3799.609993
7510206,3,M,E,D,STNWG,3,0,0,0
5345278,4,M,A,C,HBACK,3,0,0,0
9302592,4,M,B,B,SEDAN,2,0,0,0
181813,4,M,C,B,HBACK,1,0,0,0
866594,2,F,F,B,SEDAN,1,0,0,0
129120,1,F,C,B,SEDAN,3,0,0,0
2798984,4,M,D,C,TRUCK,3,0,0,0
3714315,3,M,A,D,HBACK,3,0,0,0
8518976,2,F,C,B,HBACK,3,0,0,0
2633613,3,F,E,D,UTE,2,0,0,0
3322149,2,M,E,C,STNWG,3,0,0,0
6833895,6,M,C,D,SEDAN,3,0,0,0
9975807,4,F,A,C,SEDAN,3,0,0,0
5392990,2,M,F,D,TRUCK,4,0,0,0
6612407,2,F,F,C,STNWG,3,0,0,0
7813209,6,M,A,B,HBACK,2,0,0,0
6538602,6,F,C,C,SEDAN,3,0,0,0
2714154,3,M,B,D,SEDAN,3,1,1,1199.4
4512496,3,F,D,B,HBACK,1,0,0,0
7162359,4,M,D,D,STNWG,1,0,0,0
8414080,5,F,E,C,SEDAN,4,0,0,0
7824153,2,F,C,D,STNWG,3,0,0,0
1013698,3,F,B,D,SEDAN,3,0,0,0
1338182,4,M,D,D,TRUCK,4,0,0,0
5270353,2,F,B,D,SEDAN,3,0,0,0
7552572,5,F,C,B,STNWG,3,0,0,0
1683166,2,M,F,D,STNWG,4,0,0,0
9745961,3,F,C,D,UTE,4,0,0,0
998827,3,M,B,D,STNWG,2,0,0,0
7870222,3,M,E,D,TRUCK,3,0,0,0
6735091,3,M,C,D,UTE,2,1,1,893.4699993
5478758,3,F,B,B,HBACK,2,0,0,0
2694376,2,M,F,C,STNWG,2,0,0,0
4325658,2,F,C,D,STNWG,3,0,0,0
6603749,3,F,E,D,SEDAN,2,1,2,3683.859993
8816047,6,F,E,D,SEDAN,2,0,0,0
6803771,6,F,A,D,HBACK,3,0,0,0
9324676,5,M,C,D,HBACK,4,0,0,0
8348645,4,F,B,C,SEDAN,1,0,0,0
5886870,5,F,A,B,SEDAN,1,0,0,0
5887433,6,M,C,C,HBACK,4,0,0,0
1673193,3,M,F,D,STNWG,1,0,0,0
6838552,3,F,F,C,SEDAN,3,0,0,0
1219098,2,M,F,D,STNWG,2,0,0,0
8871364,5,M,B,C,STNWG,2,0,0,0
7023635,2,F,B,B,HBACK,3,0,0,0
32558,5,M,F,C,STNWG,1,0,0,0
1165683,5,F,C,D,SEDAN,3,0,0,0
3004405,4,F,C,D,STNWG,3,0,0,0
3389779,5,F,C,D,HDTOP,3,0,0,0
9820125,3,M,B,B,HBACK,3,0,0,0
3481867,4,F,B,D,SEDAN,4,0,0,0
9020703,4,F,A,D,HBACK,3,0,0,0
7472104,4,F,A,C,STNWG,2,0,0,0
2292983,5,F,A,D,SEDAN,1,0,0,0
195814,1,F,A,B,SEDAN,1,0,0,0
7484480,5,F,C,B,HBACK,1,0,0,0
1829101,4,M,A,D,STNWG,2,0,0,0
7138697,4,F,D,D,TRUCK,4,0,0,0
2700576,5,F,C,B,HBACK,2,0,0,0
3487975,3,F,B,B,SEDAN,3,0,0,0
8815130,5,F,A,D,SEDAN,3,0,0,0
7081173,1,M,B,B,HBACK,2,0,0,0
9612811,4,F,C,C,SEDAN,3,0,0,0
6939603,4,M,A,D,HDTOP,4,0,0,0
4571030,1,M,D,D,SEDAN,1,0,0,0
6164099,3,F,A,B,HBACK,1,0,0,0
7547464,5,F,D,B,HBACK,1,0,0,0
3740918,2,M,E,C,TRUCK,2,0,0,0
5754518,1,F,D,B,HBACK,4,0,0,0
7055704,4,M,D,B,SEDAN,4,0,0,0
1814730,3,F,C,D,PANVN,2,0,0,0
1370866,3,F,F,D,STNWG,1,0,0,0
2614631,2,F,F,C,TRUCK,2,0,0,0
2122191,6,M,B,D,SEDAN,3,0,0,0
2493917,4,M,F,D,SEDAN,3,0,0,0
4488301,1,F,C,D,HBACK,4,0,0,0
3417965,2,F,A,B,HBACK,3,0,0,0
4701148,4,M,C,D,HBACK,3,0,0,0
548102,2,M,B,D,STNWG,4,0,0,0
4201402,1,F,C,D,HBACK,3,0,0,0
7314941,4,F,B,D,HBACK,2,0,0,0
9085500,4,F,D,D,STNWG,4,0,0,0
7118050,5,F,C,D,HBACK,2,0,0,0
7113849,3,F,A,D,TRUCK,2,0,0,0
6540452,1,M,C,D,PANVN,4,0,0,0
6447598,1,F,A,C,HBACK,4,0,0,0
3566832,4,F,C,D,HBACK,1,0,0,0
6797278,3,F,C,D,SEDAN,3,0,0,0
7468119,3,M,B,D,STNWG,2,0,0,0
2844203,1,M,B,D,STNWG,4,0,0,0
6115377,4,M,A,D,STNWG,4,1,2,1311.339999
4680360,6,F,C,D,HBACK,3,0,0,0
7598150,4,F,A,D,SEDAN,3,0,0,0
968173,4,M,A,D,HBACK,2,0,0,0
1967505,3,M,C,D,HDTOP,4,0,0,0
4550374,4,M,C,B,HBACK,1,0,0,0
3928542,4,M,C,C,STNWG,2,0,0,0
5926476,5,M,D,B,SEDAN,3,0,0,0
9983405,5,F,A,D,HBACK,2,0,0,0
7653180,5,F,A,D,STNWG,1,0,0,0
2665822,6,M,A,D,SEDAN,3,0,0,0
419289,5,F,A,D,HBACK,4,0,0,0
6838314,2,F,B,D,SEDAN,2,0,0,0
9857707,3,F,A,D,STNWG,4,0,0,0
9200206,3,F,D,B,STNWG,2,0,0,0
4161697,4,F,A,B,HBACK,4,0,0,0
7975891,4,M,A,B,HBACK,4,0,0,0
8089709,5,M,B,B,SEDAN,3,0,0,0
2082761,4,F,A,D,HBACK,3,1,1,353.77
8770454,1,F,A,B,HBACK,2,0,0,0
954335,2,F,A,D,SEDAN,4,0,0,0
9851810,2,M,A,D,UTE,2,0,0,0
780887,3,M,C,D,STNWG,1,0,0,0
8766573,1,F,C,B,HBACK,4,0,0,0
4912588,2,F,A,B,STNWG,2,0,0,0
8297116,5,F,A,D,STNWG,2,0,0,0
6474916,3,F,B,C,SEDAN,2,0,0,0
8765334,3,F,C,C,SEDAN,3,0,0,0
2850772,2,F,C,B,HBACK,3,0,0,0
2177091,2,F,A,B,HBACK,3,0,0,0
1354529,5,F,C,D,STNWG,2,0,0,0
6996068,3,F,D,D,STNWG,4,0,0,0
8294050,3,F,A,B,STNWG,3,0,0,0
6064093,5,F,C,D,SEDAN,3,0,0,0
6017598,2,M,C,B,HBACK,2,0,0,0
891433,2,M,C,D,STNWG,3,1,1,1549.939999
430999,6,F,A,B,HBACK,4,0,0,0
6232746,3,F,C,D,SEDAN,3,0,0,0
1356499,4,F,E,C,SEDAN,4,0,0,0
6052126,3,F,A,D,STNWG,1,0,0,0
552735,5,M,C,B,HBACK,3,0,0,0
5691495,5,M,B,D,STNWG,4,0,0,0
9272412,4,M,B,C,HBACK,4,0,0,0
4554485,4,M,D,C,STNWG,2,0,0,0
8741120,5,M,B,D,SEDAN,3,0,0,0
4714792,3,M,B,D,HBACK,2,0,0,0
9206132,1,F,B,D,UTE,3,0,0,0
6900670,6,M,A,D,STNWG,4,0,0,0
163731,5,M,A,D,UTE,4,0,0,0
6512824,2,M,D,C,STNWG,1,1,1,390
7284437,4,M,C,D,UTE,3,0,0,0
8547071,2,M,B,D,UTE,1,0,0,0
9175136,4,M,A,B,SEDAN,4,1,1,1752.079998
5608149,3,F,B,D,UTE,1,0,0,0
2850000,5,F,A,D,HBACK,2,0,0,0
6794390,3,M,D,C,UTE,4,0,0,0
7763417,3,F,D,D,HBACK,4,0,0,0
5781502,6,F,B,C,SEDAN,3,0,0,0
5070668,1,F,C,D,HBACK,2,0,0,0
454239,3,F,A,B,SEDAN,4,1,1,272.0900002
7499875,3,F,A,B,HBACK,3,0,0,0
6357121,3,F,A,C,COUPE,1,0,0,0
4864164,5,F,A,D,HBACK,2,0,0,0
2051802,4,F,F,D,HBACK,1,0,0,0
3229667,6,F,B,B,SEDAN,4,0,0,0
7402412,3,M,E,D,STNWG,3,0,0,0
1255235,4,F,C,D,SEDAN,3,0,0,0
2426358,6,F,C,D,STNWG,4,0,0,0
2849933,4,F,A,D,SEDAN,1,0,0,0
7845188,2,M,A,C,HBACK,3,0,0,0
6174628,5,F,B,D,UTE,3,0,0,0
779134,1,M,C,D,PANVN,2,0,0,0
4687597,5,M,B,B,SEDAN,1,0,0,0
2657395,4,F,B,D,STNWG,1,0,0,0
1612558,2,F,A,C,HBACK,4,0,0,0
404573,3,F,C,C,SEDAN,3,0,0,0
1373403,3,F,D,B,STNWG,2,0,0,0
3571342,3,F,B,C,UTE,1,0,0,0
8308604,2,M,C,B,STNWG,2,0,0,0
5370993,2,F,A,D,HBACK,1,0,0,0
1856280,3,M,D,C,STNWG,3,0,0,0
8174832,3,F,E,B,HBACK,1,0,0,0
1615515,4,F,B,D,SEDAN,3,0,0,0
7145841,4,F,A,C,STNWG,4,0,0,0
673557,3,M,A,D,HBACK,3,0,0,0
6404516,2,F,F,B,SEDAN,2,0,0,0
5586992,3,F,D,D,STNWG,4,0,0,0
4707582,4,F,A,D,SEDAN,2,0,0,0
1021563,3,F,F,B,STNWG,2,0,0,0
1613105,3,M,C,D,UTE,2,0,0,0
56828,5,F,B,C,MIBUS,4,0,0,0
6035814,5,M,C,A,SEDAN,2,0,0,0
784264,5,F,E,D,MIBUS,4,0,0,0
8441620,2,M,C,D,COUPE,4,0,0,0
586202,5,F,B,D,HBACK,4,0,0,0
9023423,3,M,F,D,STNWG,4,1,1,390
2312440,1,F,F,D,UTE,4,0,0,0
3880914,3,M,A,D,SEDAN,3,0,0,0
1259033,4,F,E,D,STNWG,3,0,0,0
5338430,3,M,B,C,SEDAN,3,0,0,0
334779,4,M,C,B,HBACK,3,0,0,0
5990508,4,F,B,D,SEDAN,4,0,0,0
4733514,1,F,A,D,HBACK,2,0,0,0
6525895,2,F,D,D,UTE,4,0,0,0
8744619,4,M,B,D,STNWG,2,0,0,0
1714194,4,M,B,D,HBACK,2,0,0,0
4736150,4,F,B,B,COUPE,4,0,0,0
412290,2,F,B,B,SEDAN,2,0,0,0
4247263,3,M,D,D,HBACK,1,0,0,0
5887973,3,M,C,D,SEDAN,4,0,0,0
2144055,6,M,B,C,HBACK,2,0,0,0
4744034,3,M,B,D,UTE,1,0,0,0
6860635,4,F,D,C,STNWG,2,0,0,0
9802190,6,F,E,D,HBACK,4,0,0,0
570888,1,F,C,C,SEDAN,4,0,0,0
1259702,3,M,B,B,HBACK,4,0,0,0
6010317,5,M,B,A,PANVN,2,0,0,0
6934914,2,F,B,C,UTE,2,0,0,0
6597569,4,F,C,B,SEDAN,3,0,0,0
4899591,3,M,C,D,STNWG,1,0,0,0
6849383,4,F,A,D,HBACK,2,0,0,0
7085176,3,F,B,B,SEDAN,1,0,0,0
1353204,3,F,A,D,STNWG,2,0,0,0
9245041,2,F,B,D,HBACK,2,0,0,0
3903305,4,F,D,C,STNWG,1,1,2,1051.129999
4062464,4,F,B,D,SEDAN,2,0,0,0
4707073,4,M,C,D,STNWG,3,0,0,0
8591504,2,M,A,D,STNWG,1,0,0,0
6379556,6,F,B,B,SEDAN,3,0,0,0
6636700,3,F,A,D,STNWG,3,0,0,0
932190,1,F,E,C,STNWG,1,0,0,0
8246075,5,F,A,D,HBACK,2,0,0,0
3274145,2,M,C,D,UTE,2,0,0,0
4672211,4,F,D,B,HBACK,3,0,0,0
2789798,3,M,C,D,UTE,3,0,0,0
7912064,4,F,B,D,SEDAN,4,0,0,0
5285229,6,F,A,B,HBACK,4,0,0,0
2291138,2,M,C,D,UTE,4,0,0,0
899867,5,F,E,D,SEDAN,3,0,0,0
9406359,3,F,C,D,SEDAN,1,0,0,0
6859200,2,F,E,D,STNWG,4,0,0,0
9593907,5,F,C,B,HBACK,3,0,0,0
4801016,5,M,A,C,HBACK,4,0,0,0
1113718,1,F,C,D,SEDAN,3,0,0,0
1345114,3,M,B,D,HBACK,4,0,0,0
8875225,6,M,A,C,STNWG,2,0,0,0
2537535,2,F,B,D,STNWG,3,0,0,0
8500942,5,M,C,C,HBACK,4,0,0,0
8908800,2,F,C,B,HBACK,3,0,0,0
9412654,2,M,C,D,STNWG,2,0,0,0
1210845,2,M,E,D,UTE,4,0,0,0
5797864,2,F,A,D,PANVN,4,0,0,0
9424909,2,M,E,D,STNWG,3,0,0,0
5925523,4,F,A,C,COUPE,4,0,0,0
2705726,4,F,A,D,COUPE,3,0,0,0
6861139,6,F,A,D,HBACK,2,0,0,0
6817221,3,F,A,B,HBACK,2,1,1,200
2732029,2,M,F,C,STNWG,4,0,0,0
8218331,3,F,D,D,SEDAN,4,0,0,0
8295304,2,M,B,D,HBACK,1,0,0,0
4161418,3,F,B,D,STNWG,4,0,0,0
6333281,3,F,C,B,STNWG,3,0,0,0
2409682,4,M,C,B,HBACK,3,1,1,849.7599983
6834257,4,M,D,C,STNWG,3,0,0,0
3624799,5,M,C,D,SEDAN,3,0,0,0
676384,3,F,A,D,SEDAN,4,0,0,0
3000452,3,M,C,B,SEDAN,3,0,0,0
9251150,4,F,C,D,SEDAN,1,0,0,0
8395495,5,F,B,B,HBACK,3,0,0,0
5739364,6,F,E,C,TRUCK,1,0,0,0
103095,3,F,A,B,HBACK,3,0,0,0
8811584,4,F,B,B,HBACK,1,0,0,0
2025915,5,F,A,B,SEDAN,3,0,0,0
2877471,4,M,A,D,STNWG,3,0,0,0
1683883,5,F,A,D,HBACK,3,0,0,0
4944127,3,F,B,D,HBACK,2,0,0,0
4968330,3,F,C,D,HBACK,1,0,0,0
8745032,3,F,C,D,SEDAN,4,0,0,0
8683487,2,F,E,C,UTE,3,0,0,0
4649008,6,F,B,B,HBACK,2,0,0,0
524234,4,F,C,D,HBACK,1,0,0,0
1437159,5,F,A,C,STNWG,2,0,0,0
6326054,3,F,C,B,SEDAN,3,1,1,353.77
5462205,3,M,C,D,HBACK,4,0,0,0
5196257,2,F,E,C,STNWG,1,0,0,0
219454,1,F,C,B,HBACK,2,1,2,400.0099945
429251,3,M,B,B,HBACK,3,0,0,0
1623341,3,M,C,C,HBACK,4,0,0,0
8551349,5,M,B,D,UTE,3,0,0,0
232039,5,F,B,A,COUPE,1,0,0,0
6104893,3,M,C,D,UTE,3,0,0,0
8200856,5,M,C,D,HBACK,4,0,0,0
103959,5,M,D,C,UTE,4,0,0,0
5305883,3,F,F,D,HBACK,4,0,0,0
1258777,4,F,E,D,HBACK,4,0,0,0
2285814,3,M,C,D,UTE,3,0,0,0
3947724,4,M,A,C,STNWG,3,0,0,0
1538982,1,M,E,D,UTE,2,1,1,3718.629997
9520708,5,M,A,C,SEDAN,4,1,1,974.75
1606491,3,M,E,D,HBACK,4,0,0,0
1325235,6,M,C,B,SEDAN,1,0,0,0
8075634,4,M,A,B,HBACK,1,0,0,0
4150159,3,F,D,B,STNWG,2,0,0,0
7323721,5,F,D,D,HBACK,3,0,0,0
7709303,3,F,A,D,STNWG,2,0,0,0
751738,4,F,E,D,UTE,3,0,0,0
9851166,5,F,C,C,SEDAN,3,0,0,0
3880800,2,F,C,C,SEDAN,3,0,0,0
5325607,6,M,A,D,HBACK,1,0,0,0
265189,4,M,B,C,STNWG,2,0,0,0
7156867,3,F,B,B,SEDAN,4,0,0,0
5118563,2,M,C,A,SEDAN,1,0,0,0
2938987,2,M,C,D,STNWG,4,0,0,0
6915707,3,M,C,C,UTE,3,0,0,0
5265254,2,M,A,D,HBACK,1,0,0,0
6430112,4,F,C,D,HBACK,2,0,0,0
1520304,5,F,B,A,SEDAN,3,0,0,0
303834,6,M,A,C,HBACK,4,0,0,0
1277419,4,M,C,B,SEDAN,3,0,0,0
1204205,6,F,A,C,HBACK,4,0,0,0
9496510,3,F,C,C,HBACK,3,0,0,0
2858959,5,F,D,C,HBACK,4,0,0,0
8603652,2,M,B,D,PANVN,4,0,0,0
884109,3,F,A,D,SEDAN,4,0,0,0
4259109,2,M,F,D,SEDAN,3,0,0,0
1246435,3,M,A,C,STNWG,3,0,0,0
3452146,2,F,A,D,STNWG,2,0,0,0
3800445,2,M,B,C,STNWG,2,0,0,0
3156769,2,F,F,D,SEDAN,4,0,0,0
8602149,2,F,A,B,HBACK,2,0,0,0
3279206,3,F,A,A,SEDAN,4,0,0,0
1926765,6,F,D,D,SEDAN,4,0,0,0
3236012,1,M,D,C,SEDAN,1,0,0,0
6291053,5,F,B,C,STNWG,1,0,0,0
7829116,2,F,A,D,SEDAN,4,0,0,0
1914991,3,M,C,D,SEDAN,1,0,0,0
2482786,5,M,C,D,PANVN,3,0,0,0
6343882,6,F,B,A,HBACK,2,0,0,0
7543453,4,F,C,D,COUPE,3,0,0,0
4298122,3,F,D,D,PANVN,1,0,0,0
4725055,5,M,E,D,UTE,2,0,0,0
9096150,3,F,C,D,SEDAN,3,1,1,678.0499992
8653533,3,F,C,D,SEDAN,4,0,0,0
8089138,3,F,B,B,SEDAN,2,0,0,0
4505220,2,F,C,B,HBACK,1,0,0,0
898246,4,F,D,B,HBACK,3,0,0,0
9624997,5,F,C,B,HBACK,3,0,0,0
146760,4,F,B,D,MIBUS,4,0,0,0
4759418,3,F,E,D,UTE,4,0,0,0
8159976,3,F,C,B,STNWG,3,0,0,0
1684708,4,F,B,D,STNWG,4,0,0,0
7144607,6,M,C,D,SEDAN,1,0,0,0
8223152,2,F,D,D,SEDAN,3,0,0,0
5990319,5,F,E,D,SEDAN,3,0,0,0
3426453,2,F,D,D,UTE,4,0,0,0
232185,3,M,C,D,SEDAN,4,0,0,0
4430721,2,M,A,C,COUPE,4,0,0,0
1171542,3,M,A,D,SEDAN,3,0,0,0
3625352,2,M,A,D,SEDAN,4,0,0,0
9405031,5,F,C,B,HBACK,2,0,0,0
9833309,2,F,D,B,HBACK,3,0,0,0
1055515,2,F,B,D,HBACK,2,0,0,0
1659788,2,F,B,D,STNWG,4,0,0,0
1208008,2,F,A,B,SEDAN,3,0,0,0
8338915,4,F,D,D,HDTOP,3,0,0,0
5988524,4,F,E,D,UTE,3,0,0,0
7832892,3,M,E,D,STNWG,2,1,1,3817.049995
9982271,3,F,B,D,HDTOP,4,0,0,0
5524164,1,F,F,D,HBACK,1,0,0,0
7295730,4,F,F,D,STNWG,3,0,0,0
610241,1,M,B,D,CONVT,3,0,0,0
7790284,2,F,F,D,UTE,4,1,1,243.4400024
7140703,6,F,D,D,HBACK,4,0,0,0
9768383,6,M,D,D,HBACK,2,0,0,0
2650067,6,F,E,B,HBACK,3,0,0,0
78288,1,F,B,B,HBACK,4,0,0,0
8091480,5,F,E,D,HBACK,3,0,0,0
4083375,5,F,C,D,SEDAN,3,0,0,0
8443809,2,F,C,D,STNWG,2,0,0,0
6166392,2,F,A,B,HBACK,2,0,0,0
1420241,1,F,B,B,HBACK,2,0,0,0
7169518,3,F,C,D,SEDAN,3,0,0,0
3624011,4,M,A,D,SEDAN,2,0,0,0
2601223,5,M,B,D,SEDAN,3,0,0,0
4026478,5,F,C,D,STNWG,2,0,0,0
5606480,3,M,A,D,STNWG,2,0,0,0
233919,2,F,C,D,HBACK,2,0,0,0
4269933,1,F,C,D,HBACK,4,0,0,0
1438441,3,F,A,C,SEDAN,4,0,0,0
133556,2,M,D,C,SEDAN,3,0,0,0
2668674,4,M,A,C,STNWG,1,0,0,0
5289496,1,F,C,C,HBACK,1,0,0,0
9621382,5,F,E,D,STNWG,1,0,0,0
2692298,1,M,C,C,UTE,4,0,0,0
43683,6,M,B,C,STNWG,4,0,0,0
2576044,2,F,D,D,UTE,3,0,0,0
1254838,3,F,C,D,SEDAN,4,0,0,0
2529267,4,F,B,D,SEDAN,1,0,0,0
6482485,2,M,A,C,SEDAN,4,0,0,0
2800346,3,M,D,D,UTE,4,0,0,0
179684,4,F,A,B,HBACK,1,0,0,0
953161,5,F,E,D,SEDAN,3,0,0,0
7741267,4,M,C,D,HDTOP,3,0,0,0
3025935,2,F,B,B,HBACK,2,0,0,0
9295933,5,F,C,C,STNWG,3,0,0,0
6035424,4,F,C,B,HBACK,3,0,0,0
3095388,3,M,A,D,SEDAN,3,0,0,0
7065645,2,F,A,B,STNWG,2,0,0,0
3575168,3,F,A,D,STNWG,1,0,0,0
4562988,3,F,E,D,STNWG,3,0,0,0
1489399,3,F,C,D,HBACK,3,0,0,0
5247547,6,M,E,D,STNWG,3,0,0,0
3689744,2,M,B,B,HBACK,1,0,0,0
4425228,3,F,A,B,HBACK,1,0,0,0
1510353,5,F,D,D,SEDAN,1,0,0,0
5073325,5,F,C,B,HBACK,2,0,0,0
1108270,1,F,A,D,HDTOP,4,0,0,0
3846518,1,F,C,B,HBACK,3,0,0,0
2119435,5,F,C,D,SEDAN,1,0,0,0
4352137,3,F,B,D,SEDAN,4,0,0,0
228090,4,M,C,D,UTE,1,0,0,0
4246240,4,M,D,D,HBACK,2,0,0,0
9979065,1,M,B,D,SEDAN,4,0,0,0
403270,4,F,A,B,SEDAN,2,0,0,0
4391141,1,M,C,A,SEDAN,2,0,0,0
9983957,3,M,A,B,HBACK,2,0,0,0
1147778,4,F,C,D,HBACK,2,0,0,0
470968,2,F,F,D,STNWG,3,0,0,0
9971115,2,F,A,C,SEDAN,3,0,0,0
6516563,2,F,A,C,STNWG,1,0,0,0
4910441,6,F,D,A,SEDAN,2,0,0,0
9115243,3,F,A,D,HBACK,1,0,0,0
3154251,6,F,B,D,SEDAN,2,0,0,0
1252659,4,M,B,D,SEDAN,2,1,1,1384.179997
1116305,4,M,E,B,HBACK,2,0,0,0
6530579,3,M,C,D,SEDAN,3,0,0,0
9370126,3,F,A,D,HBACK,4,0,0,0
1512753,3,M,C,D,STNWG,1,0,0,0
5451214,5,F,C,B,SEDAN,4,0,0,0
8974844,3,F,E,C,STNWG,1,0,0,0
822836,6,M,B,C,SEDAN,4,0,0,0
5465503,2,M,C,D,STNWG,3,0,0,0
6786257,3,F,C,A,STNWG,2,0,0,0
3431798,3,M,D,C,HBACK,4,0,0,0
2786105,5,F,C,D,HBACK,3,0,0,0
9025343,2,M,B,C,UTE,4,0,0,0
251157,6,F,C,B,SEDAN,4,1,1,523.54
59858,1,M,D,D,HDTOP,4,0,0,0
2480014,4,F,D,C,STNWG,3,0,0,0
3264926,6,F,E,D,HBACK,1,0,0,0
6835680,1,M,E,D,STNWG,3,0,0,0
1763345,2,F,A,D,HBACK,3,0,0,0
8218268,4,F,B,D,SEDAN,4,0,0,0
7551486,3,F,B,B,HBACK,3,0,0,0
3005631,4,M,A,D,HDTOP,4,0,0,0
1954230,6,F,A,D,HBACK,4,0,0,0
8888801,3,F,F,B,HBACK,4,0,0,0
172395,4,F,D,B,SEDAN,3,0,0,0
9168497,2,F,E,D,HBACK,4,0,0,0
7407542,4,F,B,B,HBACK,3,0,0,0
2055574,2,F,B,D,HBACK,3,0,0,0
8293306,2,M,A,C,SEDAN,2,0,0,0
95022,1,F,C,D,HBACK,1,0,0,0
9659884,4,M,C,A,PANVN,2,0,0,0
6516357,4,F,B,D,SEDAN,2,0,0,0
1154928,3,M,A,D,SEDAN,2,0,0,0
7364601,3,F,C,D,SEDAN,4,0,0,0
987353,3,M,B,D,HBACK,4,1,1,7031.169998
4353343,4,M,B,D,UTE,4,0,0,0
837786,5,F,A,D,SEDAN,3,0,0,0
4688350,5,M,E,C,STNWG,3,0,0,0
9443012,3,F,B,D,STNWG,2,0,0,0
3141020,3,F,E,B,HBACK,1,0,0,0
3761400,4,F,E,C,UTE,3,0,0,0
4665835,3,M,C,B,HBACK,1,0,0,0
5888639,3,M,D,B,HBACK,3,1,1,384.1399999
6046588,5,F,D,B,COUPE,3,0,0,0
4690009,4,F,D,C,STNWG,4,0,0,0
7621281,4,F,A,B,HBACK,1,0,0,0
2052732,6,F,B,D,SEDAN,4,0,0,0
9247450,2,F,B,D,SEDAN,3,0,0,0
1828506,1,M,B,D,SEDAN,3,0,0,0
5763426,3,F,C,D,STNWG,3,0,0,0
2420900,5,F,E,D,UTE,4,0,0,0
2787575,5,M,A,C,SEDAN,1,0,0,0
5224058,4,M,B,C,HBACK,4,0,0,0
3720539,3,M,B,D,STNWG,4,1,2,4423.779991
8392625,3,M,B,D,SEDAN,4,0,0,0
305847,5,M,C,B,HBACK,1,0,0,0
9307471,5,M,B,D,SEDAN,4,0,0,0
2665916,5,M,C,D,STNWG,4,0,0,0
1383194,5,F,D,C,STNWG,2,0,0,0
2806270,1,M,E,D,TRUCK,1,0,0,0
2693437,6,M,A,D,STNWG,1,0,0,0
3229719,6,M,C,B,HBACK,3,0,0,0
5519822,2,M,B,B,HBACK,3,0,0,0
1591271,5,M,C,D,SEDAN,4,0,0,0
3587848,1,M,F,C,TRUCK,2,0,0,0
6060287,4,F,D,D,HBACK,4,0,0,0
4543035,3,M,A,C,STNWG,3,0,0,0
8812861,5,M,B,D,STNWG,4,0,0,0
41417,6,F,B,B,SEDAN,2,0,0,0
9583735,4,M,A,D,UTE,2,0,0,0
7247309,3,M,B,C,SEDAN,2,0,0,0
8520143,4,M,C,D,UTE,1,0,0,0
7163419,5,F,A,B,STNWG,1,0,0,0
4760708,6,M,F,D,UTE,2,0,0,0
2172518,4,M,D,D,UTE,3,1,1,507.8199997
7175346,2,M,C,D,SEDAN,2,0,0,0
711060,3,M,D,C,STNWG,2,0,0,0
7463020,5,M,E,D,SEDAN,4,0,0,0
7141467,3,M,B,C,STNWG,3,0,0,0
9808939,2,M,B,D,SEDAN,3,0,0,0
3326848,3,F,D,B,STNWG,2,1,1,353.77
789608,3,F,B,C,STNWG,4,0,0,0
2790627,2,F,A,C,SEDAN,1,0,0,0
6524714,4,F,B,B,HBACK,4,0,0,0
7413928,2,M,F,D,SEDAN,3,0,0,0
7181636,2,F,E,C,UTE,4,0,0,0
5484648,1,F,D,B,SEDAN,2,0,0,0
6791991,6,M,D,D,SEDAN,3,0,0,0
2254597,1,M,A,C,SEDAN,2,0,0,0
3172330,1,F,B,C,HBACK,2,0,0,0
8479292,4,M,B,D,HBACK,4,0,0,0
1263365,3,M,E,C,STNWG,3,0,0,0
9382736,2,F,D,B,HBACK,3,0,0,0
5334474,3,M,A,D,PANVN,3,0,0,0
526872,4,M,C,D,STNWG,4,0,0,0
4545297,4,M,C,D,STNWG,4,0,0,0
1868978,4,F,B,C,HBACK,4,0,0,0
3908448,2,F,B,D,SEDAN,4,0,0,0
8671718,2,F,D,C,UTE,4,0,0,0
9436083,3,F,C,B,SEDAN,3,0,0,0
6838422,1,F,C,B,STNWG,2,0,0,0
1526898,3,F,A,C,SEDAN,4,0,0,0
3867792,4,F,B,D,HBACK,1,0,0,0
4316254,1,F,A,D,HBACK,1,0,0,0
101183,5,F,C,D,STNWG,3,0,0,0
105346,2,F,B,D,MIBUS,3,0,0,0
5078240,5,M,A,B,STNWG,3,0,0,0
8207756,5,F,B,D,SEDAN,4,0,0,0
3502456,1,M,B,D,SEDAN,1,0,0,0
1071994,1,F,C,B,HBACK,3,1,1,225.4
9892600,2,M,A,D,HBACK,2,1,1,956.5099983
5099473,3,M,F,D,UTE,3,0,0,0
6491520,3,M,B,B,SEDAN,3,0,0,0
8771049,3,F,F,D,STNWG,3,1,1,521.6199999
4974745,3,F,C,D,UTE,2,0,0,0
2057463,3,F,C,D,STNWG,1,0,0,0
1262313,3,M,C,D,SEDAN,3,0,0,0
5606043,4,F,D,D,UTE,4,0,0,0
1068939,4,F,B,C,SEDAN,4,0,0,0
1511153,6,F,C,D,SEDAN,4,0,0,0
9745377,2,F,A,D,SEDAN,4,0,0,0
6569003,1,F,C,D,HBACK,3,0,0,0
4654403,5,F,B,A,SEDAN,1,0,0,0
5891032,1,M,A,B,HBACK,3,0,0,0
4140798,3,M,C,D,STNWG,4,0,0,0
8444539,2,M,C,D,SEDAN,4,0,0,0
2814513,6,M,C,B,SEDAN,3,1,1,200
5600646,4,F,C,B,HBACK,3,0,0,0
7137421,6,F,C,D,SEDAN,3,1,1,1736.509998
6803437,4,M,B,D,STNWG,1,0,0,0
4168662,2,F,C,D,HBACK,2,0,0,0
9841976,3,M,B,D,SEDAN,2,0,0,0
6863211,5,F,B,B,HBACK,1,0,0,0
2355589,4,F,C,D,SEDAN,3,0,0,0
6310091,3,M,A,D,STNWG,2,0,0,0
451504,4,F,C,B,SEDAN,3,0,0,0
3145392,2,F,C,B,HBACK,2,0,0,0
2722733,4,F,E,D,UTE,4,0,0,0
4656941,3,F,C,C,HBACK,4,0,0,0
8452589,2,M,F,B,HBACK,3,0,0,0
7013113,2,F,C,D,STNWG,1,0,0,0
34722,6,M,B,D,SEDAN,3,0,0,0
2103744,2,M,A,C,STNWG,4,0,0,0
8027222,6,M,E,D,HBACK,2,0,0,0
5539559,5,M,C,D,HBACK,4,0,0,0
5839461,3,M,A,D,SEDAN,4,0,0,0
837325,5,F,A,C,STNWG,3,1,1,349.25
2718653,2,M,A,C,UTE,2,0,0,0
546979,1,F,A,D,HBACK,1,0,0,0
6822308,6,F,C,B,HBACK,1,0,0,0
9819206,6,M,E,B,SEDAN,3,0,0,0
6132321,3,M,C,D,HBACK,2,0,0,0
4482769,3,F,B,D,HDTOP,3,0,0,0
4542985,5,M,B,D,HBACK,3,0,0,0
7503710,2,F,C,B,HBACK,1,0,0,0
2432798,2,M,D,D,UTE,4,0,0,0
7674757,3,F,A,B,HBACK,1,0,0,0
7686014,6,F,C,C,SEDAN,1,0,0,0
9974582,4,M,B,D,MIBUS,4,0,0,0
7049843,4,M,C,D,SEDAN,2,0,0,0
6798121,5,M,C,D,STNWG,4,0,0,0
2438012,4,M,C,D,HBACK,3,0,0,0
4819250,4,F,D,C,STNWG,2,0,0,0
5372170,6,F,C,D,SEDAN,4,0,0,0
8335993,4,M,D,D,UTE,3,0,0,0
6540009,5,M,C,B,SEDAN,4,0,0,0
6625265,5,M,D,D,SEDAN,4,0,0,0
2787757,4,M,B,D,SEDAN,2,0,0,0
6116094,3,F,A,B,COUPE,2,0,0,0
924244,1,M,D,B,HBACK,1,0,0,0
2413911,2,F,A,D,HBACK,2,0,0,0
3106641,5,F,A,D,SEDAN,2,1,2,5997.139992
1473524,1,M,A,D,HDTOP,2,1,1,353.7999997
8286977,4,F,A,B,SEDAN,1,0,0,0
1774270,3,F,A,D,STNWG,2,0,0,0
4779273,6,F,E,B,HBACK,1,0,0,0
3397605,5,F,D,D,HBACK,4,0,0,0
692551,4,M,E,D,STNWG,2,0,0,0
4370397,2,M,E,C,UTE,4,0,0,0
4291777,5,M,F,D,STNWG,4,0,0,0
4532853,1,M,F,B,SEDAN,2,0,0,0
783608,4,M,B,D,STNWG,2,0,0,0
4335216,2,F,E,D,SEDAN,3,0,0,0
5518955,3,F,B,D,STNWG,1,0,0,0
9811932,3,M,B,D,STNWG,4,0,0,0
7995076,1,M,C,D,SEDAN,3,0,0,0
9640577,4,F,B,A,SEDAN,3,0,0,0
1581809,4,M,A,D,UTE,3,0,0,0
7098554,1,F,C,C,SEDAN,2,0,0,0
7400245,6,M,C,B,STNWG,3,0,0,0
5550894,3,M,C,B,SEDAN,1,0,0,0
9613059,5,F,B,C,STNWG,2,0,0,0
7236821,4,M,A,D,SEDAN,3,0,0,0
3045567,2,F,D,D,STNWG,2,0,0,0
268555,4,M,A,B,SEDAN,1,0,0,0
2371136,2,F,D,B,HBACK,4,0,0,0
2434665,4,F,C,B,HBACK,2,0,0,0
4712636,5,M,C,D,SEDAN,3,0,0,0
9550909,2,M,C,D,HBACK,1,0,0,0
8998979,3,M,D,D,SEDAN,4,0,0,0
5889296,2,M,D,D,SEDAN,2,0,0,0
3779807,1,M,B,D,UTE,4,0,0,0
8654576,6,M,D,D,STNWG,2,0,0,0
5478560,3,F,F,B,STNWG,1,0,0,0
9147192,3,M,B,D,STNWG,4,1,1,200
8765105,5,M,C,C,STNWG,4,0,0,0
3204518,3,M,A,B,STNWG,1,0,0,0
770263,4,F,A,B,HBACK,2,0,0,0
9013662,5,M,C,D,HBACK,1,0,0,0
2597603,4,M,C,D,SEDAN,4,0,0,0
1759281,4,F,D,D,HBACK,2,0,0,0
9679393,5,M,A,D,SEDAN,1,0,0,0
2510278,3,F,A,D,STNWG,1,0,0,0
9846720,3,M,B,C,COUPE,4,0,0,0
5195289,4,F,C,B,HBACK,3,0,0,0
7122625,3,F,E,B,HBACK,3,0,0,0
7437906,5,M,B,D,SEDAN,3,0,0,0
673122,1,F,D,D,STNWG,4,0,0,0
8379874,1,F,D,B,HBACK,3,0,0,0
4766915,3,F,B,A,SEDAN,4,0,0,0
2912946,3,F,C,D,SEDAN,1,0,0,0
687545,6,M,A,D,SEDAN,4,0,0,0
4060021,3,F,C,C,HBACK,4,0,0,0
1373736,4,M,C,D,PANVN,3,0,0,0
6796561,1,M,A,D,SEDAN,2,0,0,0
9728314,4,F,E,D,STNWG,4,0,0,0
5213013,4,F,C,B,SEDAN,3,0,0,0
5180427,1,F,F,C,STNWG,3,0,0,0
6239628,2,F,C,A,STNWG,2,0,0,0
3877248,2,F,D,D,STNWG,3,0,0,0
1670392,4,M,D,D,STNWG,4,0,0,0
3563507,1,F,F,D,STNWG,4,0,0,0
1389276,4,M,C,D,PANVN,3,0,0,0
4559611,5,M,C,D,UTE,2,0,0,0
4205126,3,M,A,B,HBACK,3,0,0,0
4127683,2,F,D,D,UTE,2,0,0,0
2215808,2,F,F,D,HBACK,1,0,0,0
2744242,2,F,A,D,SEDAN,1,0,0,0
9722783,5,M,F,D,STNWG,3,0,0,0
4018174,4,M,C,C,UTE,1,0,0,0
1776280,3,F,A,D,HBACK,2,0,0,0
9829170,3,F,C,B,HBACK,1,0,0,0
2143076,3,M,B,C,TRUCK,4,0,0,0
1464179,1,F,C,D,HBACK,2,0,0,0
5714854,3,F,C,D,HBACK,2,0,0,0
8758236,6,M,A,D,HDTOP,3,0,0,0
816890,3,M,F,C,UTE,4,0,0,0
2002103,2,F,F,D,STNWG,3,0,0,0
7150973,4,F,D,D,SEDAN,3,0,0,0
2682788,3,F,A,B,HBACK,3,0,0,0
7431818,3,F,C,D,SEDAN,3,0,0,0
6780170,5,M,D,D,STNWG,2,0,0,0
3487698,4,F,F,B,HBACK,3,0,0,0
4920979,4,F,E,C,SEDAN,3,0,0,0
5666263,4,M,E,D,TRUCK,4,0,0,0
2377245,3,F,C,D,SEDAN,4,0,0,0
1141531,3,F,B,D,STNWG,3,0,0,0
5014061,6,F,A,B,HBACK,4,0,0,0
1269014,2,F,C,C,SEDAN,3,0,0,0
4775940,4,F,E,D,HBACK,3,0,0,0
4431440,4,F,C,D,SEDAN,4,1,1,7269.253632
2733305,5,M,C,D,STNWG,3,0,0,0
5166988,5,F,D,D,SEDAN,2,0,0,0
337975,1,F,A,D,HBACK,4,0,0,0
6225058,4,M,F,D,STNWG,4,0,0,0
6234143,5,F,C,D,HBACK,3,0,0,0
4318151,5,F,C,D,COUPE,4,0,0,0
952992,5,M,B,D,SEDAN,4,0,0,0
287865,2,M,A,D,STNWG,3,0,0,0
2999095,5,F,D,D,SEDAN,2,0,0,0
9144895,2,F,C,D,MIBUS,4,0,0,0
2724770,5,M,E,D,STNWG,3,0,0,0
5410991,1,M,D,D,SEDAN,4,0,0,0
5394727,4,F,E,C,STNWG,2,0,0,0
2597978,3,F,C,C,STNWG,3,0,0,0
2735103,3,F,F,C,SEDAN,1,0,0,0
2495339,2,M,C,D,HBACK,1,0,0,0
5884731,4,F,C,B,HBACK,3,0,0,0
2784100,5,M,C,B,STNWG,1,0,0,0
1555880,1,M,D,D,STNWG,4,0,0,0
7362368,3,F,F,D,SEDAN,2,0,0,0
2343450,5,F,A,B,HBACK,1,0,0,0
7586648,1,F,A,C,SEDAN,3,0,0,0
5750636,2,F,B,D,HBACK,2,0,0,0
1991823,6,M,C,D,SEDAN,2,0,0,0
2596520,4,M,C,B,STNWG,3,0,0,0
232091,5,F,B,D,HBACK,4,0,0,0
2874268,6,M,B,B,HBACK,4,0,0,0
2385984,4,M,C,D,HBACK,2,0,0,0
4171902,3,M,B,D,STNWG,2,0,0,0
9515252,6,M,C,D,HBACK,2,0,0,0
8107085,2,F,C,D,HBACK,3,0,0,0
405212,6,M,A,D,HBACK,4,0,0,0
2365511,2,M,A,D,PANVN,1,1,1,200
772075,6,F,D,D,SEDAN,3,0,0,0
1655425,3,M,A,C,UTE,2,0,0,0
9601611,4,F,A,D,SEDAN,4,0,0,0
4448549,3,F,D,C,STNWG,2,0,0,0
2790442,6,F,A,D,SEDAN,1,0,0,0
7830914,5,F,A,D,HBACK,3,0,0,0
4557659,2,F,C,D,STNWG,4,0,0,0
1373202,1,F,C,D,HBACK,4,0,0,0
7973617,6,F,A,D,SEDAN,4,0,0,0
3300658,6,M,E,B,SEDAN,2,0,0,0
141102,2,F,C,B,SEDAN,1,0,0,0
4820911,5,F,E,B,SEDAN,3,0,0,0
90414,3,F,C,B,HBACK,1,0,0,0
7977209,2,F,C,B,HBACK,2,1,1,200
2387248,2,M,E,C,STNWG,4,1,1,390
4942173,5,M,D,C,STNWG,1,0,0,0
5483027,5,F,C,D,SEDAN,3,0,0,0
4701995,6,M,B,D,SEDAN,3,0,0,0
3821228,3,M,C,D,UTE,4,0,0,0
379568,5,M,A,B,STNWG,1,0,0,0
4407214,3,M,E,D,STNWG,3,0,0,0
8334133,4,F,A,D,HBACK,3,0,0,0
5147111,3,F,C,C,STNWG,3,0,0,0
1987711,3,M,C,D,UTE,4,0,0,0
1538214,1,F,C,B,HBACK,4,0,0,0
8742893,5,M,B,D,HBACK,2,0,0,0
3824392,3,F,A,D,SEDAN,2,0,0,0
4205623,3,F,B,D,SEDAN,1,0,0,0
102970,6,F,D,D,STNWG,4,0,0,0
1366738,4,M,A,D,HBACK,1,0,0,0
9517664,4,M,B,B,HBACK,3,0,0,0
3906682,4,F,A,C,SEDAN,4,0,0,0
1684483,2,F,E,D,STNWG,4,0,0,0
1081906,6,F,E,D,STNWG,1,0,0,0
1581222,5,F,D,D,HBACK,2,1,1,2582.809998
6783851,4,M,A,D,STNWG,2,0,0,0
9354249,6,M,E,C,TRUCK,1,0,0,0
4552017,5,F,C,D,SEDAN,1,0,0,0
4916371,2,M,C,D,STNWG,1,0,0,0
2952863,3,F,D,C,STNWG,1,0,0,0
2464992,4,F,A,C,HBACK,2,0,0,0
9889372,4,M,A,D,SEDAN,3,0,0,0
3009017,3,F,D,D,UTE,2,0,0,0
8166800,5,M,C,D,HDTOP,4,0,0,0
1219242,6,F,A,B,SEDAN,3,0,0,0
450983,4,F,A,D,SEDAN,2,0,0,0
6033608,4,F,C,B,SEDAN,1,0,0,0
2925133,4,M,C,D,SEDAN,4,0,0,0
9981504,5,M,E,C,HDTOP,3,0,0,0
527782,2,F,A,D,SEDAN,1,0,0,0
7402081,6,F,C,B,HBACK,1,0,0,0
5926756,4,F,C,D,SEDAN,3,0,0,0
777396,4,M,A,B,HBACK,4,1,1,200
3778086,3,F,C,B,SEDAN,3,1,2,2763.049996
4264876,4,M,F,C,STNWG,4,0,0,0
826196,4,F,D,D,STNWG,3,0,0,0
370875,2,M,F,D,STNWG,4,0,0,0
6069997,4,M,B,D,STNWG,3,0,0,0
3964885,2,F,C,D,STNWG,3,0,0,0
6231744,5,F,E,D,HDTOP,3,0,0,0
5466935,5,F,B,D,SEDAN,3,0,0,0
2784953,5,M,D,C,STNWG,3,0,0,0
1459189,1,M,B,D,HBACK,4,0,0,0
3592879,6,M,E,D,UTE,4,0,0,0
8804760,4,F,C,B,SEDAN,3,0,0,0
7596370,2,F,F,D,STNWG,1,0,0,0
4354413,4,F,A,C,HBACK,3,0,0,0
6111193,5,M,E,D,SEDAN,3,0,0,0
5282159,6,F,C,B,HBACK,2,0,0,0
7423242,5,F,A,D,SEDAN,2,1,1,603.1499996
9973183,6,M,C,D,SEDAN,1,0,0,0
1442091,2,F,E,C,STNWG,1,0,0,0
6817572,3,F,A,D,HBACK,2,0,0,0
1296576,3,F,C,D,HDTOP,1,1,1,689.0199995
6023596,1,M,B,B,SEDAN,1,0,0,0
9518539,4,M,C,C,UTE,4,0,0,0
2835108,2,M,C,C,HDTOP,4,0,0,0
3155319,4,F,A,D,HBACK,4,0,0,0
4969326,3,M,B,D,SEDAN,3,0,0,0
2514840,6,M,C,D,STNWG,4,0,0,0
2434070,5,F,C,D,SEDAN,2,0,0,0
2666531,6,F,E,B,HBACK,2,0,0,0
8749117,4,M,F,C,UTE,4,1,1,4318.309998
2279145,2,M,C,C,SEDAN,4,0,0,0
303602,3,M,D,D,STNWG,1,0,0,0
9861358,4,M,F,D,SEDAN,4,0,0,0
7069862,3,F,C,B,SEDAN,1,0,0,0
2887959,2,M,B,C,COUPE,4,0,0,0
6729680,6,F,D,B,HBACK,2,0,0,0
8389162,2,F,F,D,SEDAN,3,0,0,0
3339690,3,F,A,D,STNWG,3,1,1,405.0499997
9719038,4,M,E,D,SEDAN,1,0,0,0
4060230,5,F,B,B,HBACK,3,0,0,0
5667903,6,M,B,C,STNWG,1,1,1,4641.689987
2895289,3,F,D,D,STNWG,4,0,0,0
7227775,1,M,C,D,STNWG,4,0,0,0
3427162,2,F,C,D,HBACK,2,0,0,0
8586884,3,F,A,B,STNWG,2,1,1,2724.619995
7821742,2,F,E,D,STNWG,4,0,0,0
8691506,5,M,C,D,SEDAN,3,0,0,0
3145693,3,F,B,D,SEDAN,4,0,0,0
4288771,4,F,D,C,HBACK,4,0,0,0
7764961,3,F,E,D,SEDAN,2,0,0,0
5327471,5,F,A,D,SEDAN,3,0,0,0
8820403,1,F,E,D,HBACK,3,0,0,0
2428442,4,M,B,D,SEDAN,1,0,0,0
9409026,1,F,A,C,SEDAN,3,0,0,0
4734281,5,M,B,D,STNWG,4,0,0,0
6192431,5,F,D,C,SEDAN,3,0,0,0
8337501,4,F,B,D,HBACK,4,0,0,0
3296697,4,M,C,A,PANVN,1,1,1,672.1799994
8771234,2,F,A,C,HBACK,4,1,2,3731.169996
6759527,5,M,C,D,UTE,3,0,0,0
4484905,5,M,A,D,STNWG,4,0,0,0
9817020,5,M,C,C,STNWG,4,0,0,0
8906298,6,F,D,D,SEDAN,3,0,0,0
7408452,5,F,A,D,STNWG,3,0,0,0
6618014,3,F,A,D,HBACK,3,0,0,0
164223,3,F,D,D,STNWG,2,0,0,0
3971187,2,F,D,D,HBACK,3,0,0,0
7463647,4,F,B,B,COUPE,1,0,0,0
3168128,3,F,A,B,HBACK,2,0,0,0
9982101,5,M,D,C,STNWG,4,0,0,0
3473150,2,F,A,D,STNWG,2,0,0,0
7335865,5,M,D,D,STNWG,1,0,0,0
3479887,3,F,A,D,HBACK,3,0,0,0
1209009,3,M,F,B,HBACK,2,0,0,0
8350205,4,M,E,D,TRUCK,1,0,0,0
4732051,4,M,C,D,SEDAN,4,0,0,0
6260998,4,M,A,D,HBACK,2,0,0,0
916615,5,F,C,D,SEDAN,3,0,0,0
5520314,1,M,F,D,TRUCK,3,0,0,0
6626865,2,M,B,C,HBACK,4,0,0,0
6223778,2,M,A,B,SEDAN,4,0,0,0
7709830,4,M,B,B,HBACK,2,0,0,0
9006771,4,M,C,B,SEDAN,3,0,0,0
2492396,4,F,B,D,SEDAN,4,0,0,0
6293311,5,F,B,D,UTE,3,1,1,2476.939995
2855783,2,F,E,B,HBACK,1,0,0,0
5259715,4,F,A,D,MIBUS,3,0,0,0
4546878,6,M,D,B,SEDAN,3,0,0,0
8749224,4,M,D,D,TRUCK,4,0,0,0
2274546,1,F,B,B,HBACK,2,0,0,0
66231,3,M,A,D,SEDAN,4,0,0,0
3274878,2,F,A,D,HBACK,3,0,0,0
5555925,2,M,A,D,SEDAN,3,0,0,0
2178301,3,F,B,D,SEDAN,3,0,0,0
9892751,2,M,A,D,UTE,3,0,0,0
8355909,3,F,C,D,HBACK,3,0,0,0
3208410,1,M,C,D,STNWG,4,0,0,0
1014821,5,F,D,D,SEDAN,4,0,0,0
6637594,4,M,B,C,SEDAN,3,0,0,0
6538472,5,F,C,C,HBACK,3,0,0,0
8462432,5,F,A,C,HBACK,4,0,0,0
8209563,3,M,B,B,SEDAN,3,0,0,0
9766942,3,M,B,D,MIBUS,4,0,0,0
58352,1,F,C,C,HBACK,4,0,0,0
9822428,2,F,E,C,STNWG,3,0,0,0
8266847,4,F,C,D,HBACK,2,0,0,0
2342609,5,F,A,A,HBACK,2,0,0,0
4821238,4,F,B,C,SEDAN,3,0,0,0
124285,4,F,C,B,HBACK,2,1,1,200
9726716,3,F,B,D,HBACK,2,0,0,0
1828363,6,M,C,B,STNWG,2,0,0,0
8741301,4,F,A,D,HBACK,1,0,0,0
8390598,2,F,C,D,SEDAN,1,0,0,0
842348,5,M,D,C,HDTOP,4,0,0,0
5180078,6,F,A,C,SEDAN,1,0,0,0
6628842,1,F,E,D,SEDAN,2,0,0,0
3689839,3,F,A,D,SEDAN,4,0,0,0
4196180,2,F,B,B,HBACK,2,0,0,0
1447470,3,F,A,B,HBACK,2,0,0,0
6646825,1,F,A,B,HBACK,3,0,0,0
5601457,2,M,C,D,HBACK,3,0,0,0
9584747,5,F,A,D,STNWG,3,0,0,0
8509311,2,F,C,D,SEDAN,2,0,0,0
9431150,3,M,D,D,SEDAN,4,0,0,0
4487554,3,F,B,D,SEDAN,4,0,0,0
7977697,3,M,B,C,TRUCK,3,0,0,0
9743285,4,M,B,D,HBACK,1,0,0,0
1628912,1,F,A,C,HBACK,4,0,0,0
1369209,4,F,B,C,STNWG,1,0,0,0
367591,3,M,E,C,STNWG,3,0,0,0
4265810,2,F,E,D,HDTOP,4,1,1,389.9499998
2800584,1,F,A,B,HBACK,2,0,0,0
8425000,3,M,B,D,COUPE,4,1,1,537.2299995
7211169,3,M,E,D,STNWG,3,0,0,0
3878386,4,F,B,B,HBACK,3,0,0,0
3903455,4,F,A,D,SEDAN,1,0,0,0
5988437,2,M,B,D,SEDAN,2,0,0,0
103706,5,F,A,D,STNWG,3,0,0,0
3672640,3,F,C,B,HBACK,1,0,0,0
4634291,2,M,D,D,UTE,3,0,0,0
1068868,6,M,D,D,UTE,2,0,0,0
3234488,3,F,E,D,SEDAN,4,0,0,0
2178589,3,M,C,D,PANVN,2,0,0,0
3060463,5,F,E,D,HBACK,3,0,0,0
9736938,5,F,A,D,SEDAN,1,0,0,0
7077053,4,M,A,A,PANVN,3,0,0,0
7669840,3,F,C,D,HBACK,2,0,0,0
544010,3,F,E,C,UTE,4,0,0,0
1123197,4,M,A,C,SEDAN,3,0,0,0
2187164,2,M,D,C,STNWG,2,0,0,0
7836928,1,M,B,D,STNWG,2,0,0,0
712091,2,F,B,D,HBACK,4,0,0,0
6370376,4,F,C,B,SEDAN,3,0,0,0
8741250,1,F,D,C,SEDAN,1,0,0,0
778391,4,M,C,C,STNWG,4,0,0,0
7703322,4,F,A,D,STNWG,1,0,0,0
1276016,4,F,A,B,SEDAN,3,0,0,0
2062552,4,M,B,D,SEDAN,3,0,0,0
7571490,2,M,F,D,SEDAN,1,0,0,0
5643563,5,F,B,D,HBACK,3,0,0,0
467641,3,F,C,D,SEDAN,2,0,0,0
9975957,4,F,B,C,SEDAN,1,0,0,0
9418795,3,M,A,D,HBACK,2,0,0,0
6533711,4,F,A,D,SEDAN,2,1,1,359.2299995
7675976,4,F,A,D,STNWG,3,0,0,0
2281377,1,F,B,B,HBACK,1,0,0,0
2737941,2,F,F,D,SEDAN,2,0,0,0
1683076,4,M,A,C,SEDAN,3,0,0,0
165056,1,M,C,D,SEDAN,4,0,0,0
6535367,3,F,D,D,STNWG,2,0,0,0
6992133,3,M,D,B,STNWG,2,0,0,0
1122714,3,F,B,B,STNWG,3,0,0,0
1338903,2,M,B,D,MIBUS,3,0,0,0
4445767,2,M,A,D,STNWG,4,0,0,0
244763,1,M,B,C,SEDAN,2,0,0,0
5514000,5,M,A,C,SEDAN,2,0,0,0
6733890,4,F,A,D,HBACK,2,0,0,0
236033,5,F,E,D,MCARA,2,0,0,0
6756703,2,F,C,D,SEDAN,4,0,0,0
6063053,5,F,C,C,SEDAN,3,0,0,0
2824294,6,M,E,B,HBACK,2,0,0,0
4696940,4,F,C,D,HBACK,1,0,0,0
308952,4,F,D,D,STNWG,4,0,0,0
3676444,3,F,B,B,HBACK,2,0,0,0
3919611,2,M,C,D,SEDAN,1,0,0,0
5051703,3,M,B,D,STNWG,4,0,0,0
5400290,6,M,A,D,SEDAN,2,0,0,0
2425282,3,F,A,D,HBACK,4,0,0,0
943269,4,M,D,D,BUS,2,0,0,0
271676,5,F,E,C,UTE,1,0,0,0
2020151,3,F,A,D,SEDAN,3,0,0,0
2684760,4,M,C,D,SEDAN,4,0,0,0
516074,5,F,A,D,STNWG,2,0,0,0
4258001,5,F,D,B,SEDAN,3,0,0,0
3545191,5,F,B,D,HBACK,4,0,0,0
205934,2,M,A,D,UTE,3,0,0,0
3287537,3,M,E,D,STNWG,3,0,0,0
5814831,2,F,A,C,HBACK,3,0,0,0
5383226,2,F,C,D,STNWG,2,0,0,0
5246460,4,F,A,D,HBACK,3,1,1,200
4387439,4,M,A,D,SEDAN,1,0,0,0
3300386,6,F,C,A,SEDAN,2,0,0,0
8391991,5,M,D,C,STNWG,4,0,0,0
1813268,3,M,A,D,HBACK,4,0,0,0
6839156,2,F,A,B,SEDAN,3,1,1,200
2118089,1,F,B,B,HBACK,1,0,0,0
7278357,2,F,B,D,HBACK,4,0,0,0
7628151,1,F,B,C,SEDAN,3,0,0,0
3673406,5,F,A,D,SEDAN,4,0,0,0
485513,3,F,B,D,HBACK,2,0,0,0
6085291,5,F,E,D,STNWG,3,0,0,0
8838155,2,F,C,D,HBACK,3,0,0,0
5221044,2,F,B,D,HBACK,2,0,0,0
2949269,6,F,C,D,HBACK,2,0,0,0
4120113,6,M,C,D,SEDAN,4,0,0,0
2279944,1,F,C,D,HDTOP,3,0,0,0
1372050,4,F,F,C,STNWG,1,0,0,0
2147651,3,F,A,D,STNWG,1,0,0,0
105858,5,M,C,B,HBACK,2,0,0,0
2056904,3,F,A,B,SEDAN,2,0,0,0
6542394,2,M,B,B,SEDAN,2,0,0,0
8871932,4,F,A,D,MIBUS,4,0,0,0
9640245,2,M,A,D,STNWG,1,0,0,0
4266615,3,F,C,C,SEDAN,2,0,0,0
2446950,4,F,C,D,HBACK,2,0,0,0
8096058,1,F,E,D,HBACK,1,0,0,0
4265408,3,F,C,D,HBACK,3,0,0,0
3478614,6,M,D,B,SEDAN,4,0,0,0
5781443,4,F,E,C,STNWG,4,0,0,0
542142,4,M,D,D,STNWG,4,0,0,0
4265841,4,M,E,B,HBACK,3,0,0,0
4183676,2,F,B,D,STNWG,1,0,0,0
343150,4,M,C,D,UTE,3,0,0,0
3481812,2,M,E,C,SEDAN,3,0,0,0
385265,4,F,A,D,HBACK,3,0,0,0
6384159,3,M,A,D,STNWG,1,0,0,0
748736,2,M,D,D,STNWG,4,0,0,0
4764306,4,M,C,D,STNWG,4,0,0,0
6790953,2,F,D,D,STNWG,3,0,0,0
9143733,4,M,A,D,SEDAN,3,0,0,0
5016916,2,F,B,D,HBACK,2,0,0,0
6232754,4,F,A,D,HBACK,1,0,0,0
6387090,4,F,A,B,SEDAN,3,0,0,0
4731247,4,F,A,D,HBACK,3,0,0,0
579591,3,F,C,B,HBACK,3,0,0,0
2732125,4,F,A,D,COUPE,4,1,1,350.29
7002170,5,F,D,B,HBACK,2,0,0,0
2860923,2,M,B,C,UTE,4,0,0,0
3029657,3,F,C,D,HBACK,1,0,0,0
4264334,4,F,C,D,SEDAN,2,0,0,0
6073163,2,M,A,D,STNWG,2,0,0,0
3695112,2,M,A,B,SEDAN,2,0,0,0
8216412,5,M,C,B,SEDAN,2,0,0,0
7024676,1,F,D,D,STNWG,3,0,0,0
8447525,2,F,C,B,SEDAN,3,0,0,0
4910768,4,M,A,D,SEDAN,3,0,0,0
2518659,3,F,C,D,STNWG,4,0,0,0
5404971,3,M,C,D,STNWG,4,0,0,0
9268724,4,F,C,B,HBACK,1,0,0,0
8420306,3,F,B,D,SEDAN,3,0,0,0
8841582,2,F,B,D,SEDAN,1,0,0,0
4305601,2,F,D,D,SEDAN,4,0,0,0
6863152,2,F,A,B,HBACK,4,0,0,0
6803779,4,M,C,D,SEDAN,3,0,0,0
9831185,3,M,B,D,STNWG,2,0,0,0
8331864,4,F,D,C,SEDAN,1,0,0,0
1581087,2,M,A,B,HBACK,3,0,0,0
8518330,6,M,A,D,MCARA,2,0,0,0
3475381,2,F,E,D,MIBUS,3,0,0,0
408522,5,F,C,D,HBACK,4,0,0,0
2667930,3,M,C,D,SEDAN,4,0,0,0
8338828,4,M,A,D,HBACK,2,0,0,0
6864377,3,F,C,D,HBACK,4,0,0,0
7754839,3,M,E,D,HDTOP,2,0,0,0
9115357,1,F,C,B,HBACK,4,1,1,200
4342209,1,F,B,B,HBACK,1,0,0,0
9867097,4,F,D,D,SEDAN,3,0,0,0
4285096,5,F,D,D,STNWG,1,0,0,0
163309,4,M,A,C,HBACK,4,0,0,0
1113024,4,M,B,D,STNWG,1,0,0,0
4258529,5,F,B,D,SEDAN,4,0,0,0
4565102,4,M,A,D,SEDAN,3,0,0,0
2951957,3,F,C,B,SEDAN,2,0,0,0
2489794,5,F,C,D,SEDAN,3,0,0,0
1350363,4,F,A,D,SEDAN,2,0,0,0
3400820,6,F,E,B,SEDAN,3,0,0,0
2472798,1,F,A,C,SEDAN,1,0,0,0
137946,5,F,B,D,HBACK,2,0,0,0
1925863,4,M,C,B,HBACK,3,0,0,0
5219114,5,F,B,B,SEDAN,2,0,0,0
8143381,2,M,C,D,MIBUS,4,0,0,0
2648112,4,M,A,D,SEDAN,3,0,0,0
3088039,6,F,B,C,HBACK,4,0,0,0
263135,3,F,A,D,SEDAN,2,0,0,0
5937189,3,M,D,D,TRUCK,4,1,1,2587.099999
7471331,4,F,E,D,STNWG,1,0,0,0
2340017,4,F,C,D,HDTOP,1,0,0,0
5972638,2,F,A,D,STNWG,4,0,0,0
952172,5,F,D,B,SEDAN,4,0,0,0
1226263,3,M,B,D,SEDAN,4,0,0,0
3034481,3,M,B,D,SEDAN,3,0,0,0
5391433,1,F,C,D,SEDAN,2,1,1,200
9980029,3,F,A,D,STNWG,2,0,0,0
2704973,4,M,E,C,STNWG,4,0,0,0
7164214,5,M,A,D,STNWG,3,0,0,0
7863181,4,M,C,B,HBACK,3,0,0,0
4350936,5,M,C,D,STNWG,1,0,0,0
6525538,4,F,D,D,HBACK,1,0,0,0
5464101,3,F,C,D,SEDAN,4,0,0,0
3702466,6,F,C,D,STNWG,4,0,0,0
7532448,5,M,D,D,STNWG,2,0,0,0
1348447,4,F,D,B,SEDAN,3,0,0,0
3131535,5,F,A,A,MCARA,3,0,0,0
2991830,3,M,F,C,SEDAN,1,0,0,0
950176,2,F,A,D,SEDAN,4,0,0,0
522413,3,F,D,C,STNWG,4,0,0,0
4681558,5,M,A,D,SEDAN,3,0,0,0
1264508,5,M,C,B,HBACK,3,0,0,0
2417053,4,F,A,B,HBACK,1,0,0,0
9414735,5,F,E,B,HBACK,1,0,0,0
3762645,2,F,E,D,PANVN,3,0,0,0
2744575,3,M,A,D,SEDAN,3,0,0,0
5341808,3,M,B,B,HBACK,4,0,0,0
6432870,6,F,A,B,HBACK,4,0,0,0
1552690,3,F,D,C,STNWG,3,0,0,0
3998787,2,M,A,D,STNWG,2,1,1,55922.12988
1075858,4,M,D,D,HDTOP,3,0,0,0
6117057,2,M,B,D,STNWG,4,0,0,0
8338195,3,F,B,D,SEDAN,2,1,1,353.77
7583811,3,M,C,D,STNWG,4,0,0,0
8907673,3,F,D,B,HBACK,3,0,0,0
7788791,4,F,C,D,HBACK,1,0,0,0
9582805,3,F,F,C,SEDAN,4,0,0,0
9655064,2,F,C,D,HBACK,4,0,0,0
8948295,2,F,C,B,HBACK,1,1,1,353.77
4186738,2,F,E,D,HBACK,2,0,0,0
2933955,3,F,A,D,HBACK,4,0,0,0
7881221,3,F,D,B,HBACK,1,1,1,390
1324344,2,M,E,D,HDTOP,3,0,0,0
4890853,2,F,D,D,STNWG,3,0,0,0
6921190,2,M,A,B,SEDAN,3,0,0,0
8819353,4,F,A,D,MIBUS,4,0,0,0
1700636,2,M,C,D,TRUCK,4,0,0,0
4480637,5,F,C,C,SEDAN,1,0,0,0
3392215,5,F,D,C,TRUCK,4,0,0,0
2353307,1,F,C,B,HBACK,2,0,0,0
5458757,3,M,E,D,UTE,3,0,0,0
3102496,4,F,B,B,HBACK,3,0,0,0
4836772,1,F,B,B,HBACK,1,0,0,0
4329656,2,F,C,D,STNWG,3,0,0,0
1997553,5,F,C,B,HBACK,3,0,0,0
1016728,3,F,B,D,STNWG,3,0,0,0
5485200,3,F,A,B,HBACK,4,0,0,0
5693288,6,F,D,D,SEDAN,3,0,0,0
4658359,2,F,A,C,HDTOP,4,0,0,0
9329522,3,F,A,D,PANVN,3,0,0,0
9017819,3,M,A,D,SEDAN,3,0,0,0
5512046,3,M,B,D,HBACK,4,0,0,0
385101,3,F,B,C,STNWG,4,0,0,0
1515183,3,M,E,C,STNWG,3,0,0,0
1077519,1,F,A,D,STNWG,1,0,0,0
3521316,3,M,A,C,STNWG,2,0,0,0
4060143,5,M,A,B,HBACK,3,0,0,0
7141499,5,F,F,B,HBACK,2,0,0,0
2852657,6,M,B,C,SEDAN,1,0,0,0
7139338,4,M,A,D,PANVN,4,0,0,0
2365944,3,M,C,D,STNWG,4,0,0,0
1763850,6,F,A,D,STNWG,4,0,0,0
8361677,4,M,C,C,UTE,2,0,0,0
1211331,3,F,D,C,STNWG,4,0,0,0
5465984,4,F,B,B,STNWG,3,0,0,0
3402916,3,F,A,D,SEDAN,2,0,0,0
7860589,3,F,C,B,HBACK,2,0,0,0
2323771,4,F,C,D,HDTOP,2,0,0,0
769055,5,M,F,D,HBACK,3,0,0,0
771260,5,F,C,D,HBACK,4,0,0,0
5401630,3,F,D,B,SEDAN,3,0,0,0
9002274,4,M,F,C,COUPE,4,1,1,389.9499998
3116195,4,F,A,D,SEDAN,2,0,0,0
6115228,5,F,E,B,STNWG,2,0,0,0
1221980,3,M,D,D,STNWG,2,0,0,0
2511641,5,F,C,D,SEDAN,2,0,0,0
9427602,6,M,C,D,SEDAN,4,0,0,0
7629539,2,M,C,D,SEDAN,3,1,1,623.5299997
2754630,3,F,C,C,HBACK,2,0,0,0
1449120,2,F,A,C,SEDAN,3,0,0,0
9185974,2,M,A,C,SEDAN,3,0,0,0
1672358,3,M,A,D,UTE,2,0,0,0
7551096,4,F,C,B,HBACK,2,0,0,0
3595916,5,F,C,D,SEDAN,3,0,0,0
9719144,1,F,B,D,SEDAN,2,0,0,0
9745917,3,F,F,D,STNWG,3,0,0,0
3111785,2,M,B,D,TRUCK,3,0,0,0
5221355,4,F,C,D,SEDAN,4,0,0,0
404503,3,F,E,C,STNWG,1,0,0,0
8680911,2,F,F,B,HBACK,3,0,0,0
8692754,4,M,C,D,SEDAN,2,1,1,207.6000061
2665447,4,M,A,C,STNWG,4,0,0,0
9189118,1,M,F,D,TRUCK,1,0,0,0
5519297,4,M,A,B,HBACK,1,0,0,0
8817679,3,F,E,D,STNWG,4,0,0,0
7359682,3,F,D,C,SEDAN,2,0,0,0
1920515,2,F,A,B,HBACK,4,0,0,0
6122236,4,M,B,D,COUPE,4,0,0,0
3303293,3,F,C,D,MIBUS,3,0,0,0
4351428,6,F,C,D,SEDAN,1,0,0,0
167103,3,M,B,D,SEDAN,4,1,1,265
8656290,6,M,D,B,HBACK,3,0,0,0
4599075,2,M,A,C,HBACK,4,0,0,0
4900713,4,M,C,D,UTE,3,1,1,1330.519997
9726573,4,M,D,D,SEDAN,3,0,0,0
3896962,4,M,C,D,STNWG,1,0,0,0
4628718,2,F,E,D,SEDAN,2,0,0,0
469186,6,M,C,D,HBACK,4,0,0,0
9119999,2,F,A,B,HBACK,1,0,0,0
113510,3,F,E,C,STNWG,4,0,0,0
5004784,3,M,C,B,COUPE,3,1,1,983.7299995
4200675,1,F,C,D,SEDAN,4,0,0,0
4556396,2,F,D,D,SEDAN,2,0,0,0
583849,3,M,A,D,HBACK,2,0,0,0
3623881,6,M,E,D,STNWG,1,0,0,0
457326,4,M,C,D,MCARA,4,0,0,0
5438494,3,M,B,B,HBACK,2,0,0,0
2999798,5,F,B,B,HBACK,4,0,0,0
3114608,6,F,D,D,HBACK,4,0,0,0
8158313,3,M,E,C,TRUCK,2,0,0,0
970320,5,F,A,D,HBACK,3,0,0,0
304007,4,M,D,D,STNWG,3,0,0,0
6253029,4,F,F,C,SEDAN,2,0,0,0
6182822,4,F,C,B,HBACK,4,0,0,0
8603972,2,F,F,D,HBACK,2,0,0,0
7652932,2,M,C,C,SEDAN,3,1,1,1728.279999
6995690,4,F,A,D,MIBUS,4,0,0,0
7136353,6,M,A,B,SEDAN,4,0,0,0
1155003,2,F,A,D,STNWG,4,0,0,0
2850234,4,M,B,D,SEDAN,2,0,0,0
6011545,2,M,C,B,HBACK,2,0,0,0
7405414,3,F,E,C,UTE,1,0,0,0
1113434,4,F,D,B,SEDAN,3,0,0,0
9293951,4,F,A,C,SEDAN,3,0,0,0
6166478,2,F,B,D,SEDAN,2,0,0,0
6051649,4,M,F,C,TRUCK,3,0,0,0
6038931,4,M,C,D,SEDAN,4,0,0,0
8286353,5,F,C,D,HBACK,4,0,0,0
8109056,6,F,A,B,HBACK,4,0,0,0
4674064,5,M,C,B,HBACK,3,0,0,0
7473344,2,F,A,D,STNWG,4,0,0,0
2772218,3,M,B,D,SEDAN,4,0,0,0
5853686,4,F,C,B,HBACK,1,0,0,0
2553679,2,M,A,C,SEDAN,1,0,0,0
688106,4,F,C,D,SEDAN,1,0,0,0
9022048,6,M,B,D,HBACK,2,0,0,0
5889319,1,M,D,D,UTE,4,0,0,0
6473811,5,M,C,D,HBACK,4,0,0,0
4004170,2,F,C,C,STNWG,2,1,1,720.0099983
4688228,5,M,A,D,HBACK,4,0,0,0
5106946,3,F,A,B,HBACK,2,0,0,0
6719136,4,F,C,D,SEDAN,4,0,0,0
2876344,3,M,A,C,UTE,4,0,0,0
6348073,3,F,D,D,UTE,3,0,0,0
8517349,6,M,B,D,SEDAN,4,0,0,0
1658311,3,F,A,B,HBACK,3,0,0,0
4755408,4,M,B,C,STNWG,1,0,0,0
3335865,3,F,B,C,HBACK,4,0,0,0
6596119,6,M,C,D,SEDAN,2,0,0,0
826514,6,M,B,D,SEDAN,2,0,0,0
2292226,4,M,A,D,HBACK,1,0,0,0
3595167,5,F,D,C,SEDAN,4,0,0,0
9005694,4,M,C,D,MIBUS,4,0,0,0
4340468,2,F,C,D,HBACK,2,1,1,200
4754217,4,F,B,D,SEDAN,2,0,0,0
4622571,3,F,C,D,STNWG,1,0,0,0
9145699,4,M,C,D,HDTOP,4,0,0,0
8156205,6,F,D,D,HBACK,2,1,1,294.5499995
5111046,1,F,C,B,HBACK,3,0,0,0
6792519,6,M,D,C,STNWG,1,0,0,0
7136556,5,F,E,D,SEDAN,3,0,0,0
9858310,3,F,A,D,HDTOP,4,0,0,0
1244458,5,M,B,C,UTE,2,0,0,0
7104873,4,F,E,D,SEDAN,4,0,0,0
6840160,4,F,E,C,STNWG,3,0,0,0
8508729,2,M,E,D,STNWG,4,0,0,0
9746398,3,F,C,B,HBACK,2,0,0,0
4733643,2,M,A,C,STNWG,1,0,0,0
2810733,4,F,D,C,HBACK,3,0,0,0
3682794,3,M,C,D,UTE,3,0,0,0
3779346,3,M,C,D,SEDAN,3,0,0,0
7584398,1,F,A,C,SEDAN,3,0,0,0
2439957,3,M,C,D,STNWG,2,0,0,0
838905,5,F,C,D,HBACK,3,0,0,0
2048151,4,F,C,D,SEDAN,3,0,0,0
4836447,2,F,B,C,STNWG,2,0,0,0
829434,5,F,B,D,SEDAN,2,0,0,0
7184720,6,M,B,C,STNWG,3,0,0,0
5560832,3,F,C,B,COUPE,3,0,0,0
520873,4,M,C,D,SEDAN,4,0,0,0
6013437,1,F,C,C,HBACK,1,0,0,0
199553,4,F,C,D,STNWG,4,0,0,0
4577063,3,F,A,C,STNWG,3,0,0,0
6613631,2,F,A,D,HBACK,2,1,1,369.1499996
1070623,5,M,D,B,HBACK,3,0,0,0
1294531,3,M,D,D,UTE,4,0,0,0
6930654,3,F,F,D,UTE,4,0,0,0
4185966,3,F,B,D,SEDAN,3,0,0,0
104602,6,M,B,D,SEDAN,4,0,0,0
129502,5,M,B,D,HBACK,3,0,0,0
89876,2,F,C,D,HBACK,3,0,0,0
9143008,3,F,C,D,HBACK,4,0,0,0
254565,4,M,C,B,HBACK,1,0,0,0
6629071,2,F,C,D,TRUCK,3,0,0,0
8503727,4,M,D,D,TRUCK,3,0,0,0
9016936,4,F,C,D,SEDAN,3,0,0,0
8445051,3,F,B,D,STNWG,2,0,0,0
1600735,2,F,A,D,HBACK,3,1,2,9511.089981
5391130,3,F,D,D,STNWG,4,0,0,0
2419583,5,F,E,D,STNWG,3,0,0,0
539101,3,F,D,B,HBACK,3,0,0,0
4955297,4,F,C,D,HBACK,4,0,0,0
429791,5,M,A,D,SEDAN,2,0,0,0
8761745,3,M,F,D,STNWG,3,0,0,0
1437129,2,F,B,D,SEDAN,3,0,0,0
5248700,3,M,C,D,HBACK,3,0,0,0
1685969,2,F,E,C,STNWG,1,0,0,0
821392,4,F,D,D,SEDAN,2,0,0,0
1353478,3,M,E,D,UTE,3,0,0,0
4674230,3,F,C,D,STNWG,4,0,0,0
5539871,2,M,B,D,PANVN,4,0,0,0
8810121,2,F,F,C,STNWG,1,0,0,0
8504783,2,M,C,D,STNWG,4,0,0,0
5402138,4,M,A,B,SEDAN,3,0,0,0
5393926,2,F,D,B,HBACK,3,0,0,0
279455,5,F,B,D,HBACK,4,0,0,0
8691416,4,M,D,B,HBACK,2,0,0,0
5459158,6,F,D,C,SEDAN,1,0,0,0
7221590,3,M,E,C,STNWG,1,0,0,0
3473127,1,F,A,B,HBACK,3,0,0,0
8254508,2,M,C,B,HBACK,1,0,0,0
455416,3,F,B,B,HBACK,3,0,0,0
31160,2,F,B,D,STNWG,4,1,2,739.2299995
9618577,5,M,B,D,SEDAN,2,0,0,0
6172301,6,F,C,D,SEDAN,2,0,0,0
7599647,1,M,D,D,UTE,2,0,0,0
4800555,2,M,A,C,STNWG,2,0,0,0
3060294,4,M,A,D,HBACK,4,0,0,0
7701680,1,M,D,C,STNWG,4,0,0,0
1348736,3,M,A,D,STNWG,1,0,0,0
6735075,1,M,A,D,STNWG,2,0,0,0
3888553,1,F,A,C,SEDAN,3,0,0,0
8753213,6,F,C,C,HBACK,3,0,0,0
8176084,3,F,B,B,HBACK,2,0,0,0
429799,6,F,E,C,HBACK,4,0,0,0
8441023,4,F,B,B,HBACK,2,0,0,0
1071383,6,F,C,D,SEDAN,4,0,0,0
778927,4,M,C,D,STNWG,4,0,0,0
803209,2,F,B,D,SEDAN,1,0,0,0
814424,4,M,E,D,STNWG,4,0,0,0
5572917,3,M,D,D,UTE,2,0,0,0
909751,3,M,E,D,SEDAN,1,0,0,0
3624816,3,F,B,B,HBACK,4,0,0,0
5580358,4,F,D,D,HBACK,4,0,0,0
5191303,3,F,A,C,SEDAN,1,0,0,0
8296867,4,M,F,C,STNWG,4,0,0,0
3005142,4,M,B,C,UTE,2,0,0,0
1363976,3,F,B,B,SEDAN,3,0,0,0
702728,4,M,A,D,SEDAN,4,1,1,1627.349999
680430,2,M,A,D,SEDAN,4,0,0,0
7716228,3,M,F,D,SEDAN,4,1,1,10350.07999
4121469,4,F,C,B,SEDAN,3,0,0,0
5459069,5,M,B,D,SEDAN,4,0,0,0
2841965,4,F,E,B,SEDAN,3,1,1,449.890007
6154304,4,M,C,D,STNWG,3,0,0,0
3891786,5,F,C,C,STNWG,2,0,0,0
1935667,5,M,E,D,UTE,3,0,0,0
2437810,4,F,B,D,SEDAN,4,0,0,0
9323034,5,M,B,D,UTE,2,0,0,0
3476534,4,M,A,C,SEDAN,2,0,0,0
5217031,5,F,C,B,STNWG,2,0,0,0
3600317,6,M,C,D,SEDAN,4,0,0,0
9779930,4,F,C,D,STNWG,3,0,0,0
1648761,4,F,A,D,SEDAN,4,0,0,0
3877709,2,F,A,C,STNWG,4,0,0,0
7139915,2,M,B,D,UTE,4,0,0,0
7184252,5,F,B,C,STNWG,4,0,0,0
8890695,3,M,A,D,HBACK,1,0,0,0
8497891,3,F,B,B,HBACK,1,0,0,0
5385062,2,F,C,B,HBACK,1,0,0,0
9017905,3,M,D,D,HBACK,4,0,0,0
9908900,4,F,A,C,HBACK,4,0,0,0
7142070,4,M,C,B,SEDAN,4,0,0,0
1799385,4,M,D,D,HBACK,4,0,0,0
9895190,5,F,E,C,TRUCK,4,0,0,0
1575440,5,M,F,B,SEDAN,3,0,0,0
6733385,2,F,F,C,TRUCK,3,0,0,0
7273389,2,F,C,D,PANVN,4,0,0,0
9503662,2,M,C,D,TRUCK,4,0,0,0
2441279,6,M,C,D,SEDAN,2,0,0,0
2266310,3,M,C,B,HBACK,2,0,0,0
7542803,5,F,C,B,SEDAN,3,0,0,0
9428417,6,F,C,D,HBACK,4,1,1,615.7399998
105845,1,F,C,D,UTE,1,0,0,0
1818043,4,F,D,C,STNWG,4,0,0,0
3266212,5,M,E,D,SEDAN,2,0,0,0
8510995,4,M,C,D,HBACK,2,0,0,0
6639128,3,F,D,C,SEDAN,3,0,0,0
3764314,1,M,A,C,HBACK,4,0,0,0
1512331,2,M,C,D,HDTOP,4,0,0,0
63110,4,F,A,D,HBACK,2,0,0,0
5924952,5,M,C,D,UTE,3,0,0,0
4920163,3,M,D,D,UTE,2,0,0,0
1934162,5,F,D,D,SEDAN,4,0,0,0
4118650,6,F,C,D,SEDAN,3,0,0,0
1157854,4,F,A,D,PANVN,4,0,0,0
1138703,2,M,B,D,STNWG,4,0,0,0
1424443,4,M,C,D,STNWG,1,0,0,0
9642452,2,M,A,D,SEDAN,1,0,0,0
955564,2,F,A,C,STNWG,2,0,0,0
1759612,5,M,C,C,SEDAN,2,0,0,0
833419,1,M,A,C,COUPE,4,0,0,0
5597166,2,M,A,D,HDTOP,2,1,1,353.7999997
5143142,3,F,C,B,HBACK,4,0,0,0
8722687,1,M,D,D,TRUCK,3,0,0,0
1437294,6,M,C,D,SEDAN,3,0,0,0
2947007,5,F,D,D,STNWG,2,0,0,0
968717,3,F,A,D,SEDAN,1,0,0,0
4739880,6,F,D,C,HBACK,3,0,0,0
3758277,3,F,D,B,HBACK,2,0,0,0
6050775,3,F,D,C,STNWG,3,0,0,0
3763286,2,M,A,D,SEDAN,3,0,0,0
786219,4,F,C,B,HBACK,2,0,0,0
1994151,4,M,E,D,TRUCK,2,0,0,0
1875432,4,M,C,D,HBACK,3,0,0,0
3202725,6,M,A,D,HBACK,4,0,0,0
3116834,4,F,C,D,STNWG,2,0,0,0
3300484,5,F,C,D,HBACK,3,0,0,0
6974992,2,F,B,B,HBACK,2,1,2,4050.609996
2008249,2,M,A,D,STNWG,4,1,1,200
7733055,5,M,B,D,HDTOP,1,0,0,0
3757501,3,M,D,D,HBACK,1,0,0,0
1781089,2,M,A,D,UTE,4,0,0,0
6957790,4,M,C,D,SEDAN,2,1,1,3306.409996
9499188,6,M,D,A,SEDAN,4,0,0,0
6284716,2,F,C,D,STNWG,2,0,0,0
8954846,2,F,C,B,SEDAN,3,0,0,0
1508799,4,F,B,B,HBACK,3,1,1,200
9017949,4,M,C,C,STNWG,3,0,0,0
3338119,6,M,B,B,SEDAN,1,0,0,0
5214458,4,F,C,D,STNWG,2,1,1,367.7299995
5985163,2,F,C,D,STNWG,4,0,0,0
7411874,3,F,C,B,HBACK,3,0,0,0
4027814,1,F,D,D,HBACK,2,0,0,0
3878919,6,F,C,B,SEDAN,2,0,0,0
3184908,1,F,E,B,HBACK,3,0,0,0
1217891,4,F,B,C,SEDAN,2,0,0,0
4145276,2,F,C,D,HBACK,1,0,0,0
1440046,5,M,C,D,STNWG,4,0,0,0
7830110,6,F,B,D,SEDAN,3,0,0,0
342236,4,F,D,B,HBACK,3,0,0,0
9052622,6,F,B,D,HBACK,2,0,0,0
5284074,6,M,D,D,STNWG,3,0,0,0
7104404,2,M,B,C,UTE,1,0,0,0
9392962,5,M,A,C,STNWG,2,0,0,0
9411827,3,F,C,B,HBACK,1,0,0,0
5317117,3,F,D,D,SEDAN,1,0,0,0
4664345,1,F,C,B,HBACK,1,0,0,0
9301193,3,F,B,D,SEDAN,2,0,0,0
7143914,4,F,C,D,PANVN,3,0,0,0
4833854,1,F,F,B,HBACK,3,0,0,0
2851022,4,F,B,D,MIBUS,3,0,0,0
5078117,4,F,C,B,HBACK,2,0,0,0
410537,2,M,C,B,SEDAN,2,0,0,0
5989860,4,F,C,D,STNWG,3,0,0,0
2099592,6,M,C,B,SEDAN,2,0,0,0
2673928,2,M,B,D,SEDAN,2,0,0,0
3335124,4,F,B,D,SEDAN,2,0,0,0
9799356,3,F,E,D,SEDAN,4,0,0,0
405405,3,F,E,B,SEDAN,4,0,0,0
1147289,3,M,E,C,UTE,2,0,0,0
4297783,4,F,C,B,HBACK,3,0,0,0
3604064,3,F,D,B,HBACK,3,0,0,0
1152390,5,F,A,B,HBACK,1,0,0,0
3622797,3,F,A,D,MIBUS,2,0,0,0
8303305,3,F,A,C,PANVN,4,1,1,955.2099991
4336333,5,F,A,B,HBACK,3,0,0,0
12094,2,F,A,D,HBACK,1,0,0,0
8392437,3,M,C,D,MIBUS,3,0,0,0
6283944,2,F,F,C,STNWG,4,0,0,0
4689548,4,F,A,B,SEDAN,3,0,0,0
8553663,4,M,E,C,HBACK,3,0,0,0
5253987,5,F,A,D,SEDAN,2,0,0,0
4266058,6,M,B,A,COUPE,1,0,0,0
5702131,2,F,B,B,SEDAN,1,0,0,0
2668769,4,F,C,D,SEDAN,3,0,0,0
2122167,4,F,A,D,HBACK,2,0,0,0
9601425,1,F,C,B,HBACK,4,1,1,390
498048,4,F,B,B,HBACK,2,0,0,0
8627608,5,F,E,B,SEDAN,1,0,0,0
3813012,4,F,C,C,STNWG,2,0,0,0
7683003,3,F,E,D,HBACK,3,0,0,0
8356966,6,M,A,B,HBACK,1,1,1,353.77
2595592,2,F,E,C,UTE,2,0,0,0
8271698,5,F,C,D,SEDAN,2,0,0,0
9438403,3,F,A,B,SEDAN,3,0,0,0
2740081,3,M,A,D,SEDAN,3,0,0,0
8502518,5,M,C,C,STNWG,2,0,0,0
256831,4,F,C,D,STNWG,1,0,0,0
7114574,2,F,F,D,STNWG,4,0,0,0
3205140,6,M,A,B,SEDAN,3,0,0,0
5932412,3,M,F,D,STNWG,4,0,0,0
7252939,5,M,B,D,UTE,3,0,0,0
6794504,4,M,E,C,STNWG,3,0,0,0
3231340,4,F,C,D,SEDAN,3,0,0,0
668968,2,F,C,C,STNWG,4,1,1,353.77
9497344,5,F,A,B,SEDAN,3,0,0,0
3379275,4,F,D,D,HBACK,3,0,0,0
9084926,5,F,C,C,HBACK,4,0,0,0
6445472,2,M,C,C,STNWG,3,0,0,0
1422774,5,F,A,D,SEDAN,2,0,0,0
5676442,5,F,D,D,STNWG,2,1,1,1873.759998
2523584,4,M,C,D,TRUCK,4,1,1,610
894514,3,F,B,D,UTE,4,0,0,0
4697376,5,M,A,D,HBACK,2,0,0,0
4691788,4,F,B,D,SEDAN,3,0,0,0
5774452,1,F,B,B,HBACK,1,0,0,0
6348039,1,F,C,D,SEDAN,2,1,1,367.7299995
3688114,2,F,A,D,SEDAN,2,0,0,0
1143674,1,F,B,B,HBACK,1,0,0,0
6050129,3,F,E,C,SEDAN,2,0,0,0
5710753,4,F,C,A,SEDAN,1,0,0,0
4583682,3,M,A,D,STNWG,4,0,0,0
5586835,2,F,C,C,STNWG,1,0,0,0
5698993,4,F,A,D,STNWG,4,0,0,0
1191984,3,F,B,C,STNWG,1,0,0,0
8075658,4,M,D,D,SEDAN,2,0,0,0
755873,1,M,C,D,UTE,2,0,0,0
5324451,1,F,E,B,SEDAN,2,0,0,0
4366294,2,F,F,D,UTE,3,0,0,0
3152404,6,M,A,D,SEDAN,4,0,0,0
4882159,5,F,E,D,HDTOP,1,0,0,0
6152282,2,M,A,B,HBACK,1,0,0,0
997346,2,M,B,A,SEDAN,4,0,0,0
9018138,4,M,C,B,HBACK,2,0,0,0
5323070,6,F,C,C,SEDAN,3,0,0,0
8478725,3,M,C,D,SEDAN,3,0,0,0
5695380,3,F,C,B,HBACK,4,0,0,0
6960727,3,F,A,B,SEDAN,2,0,0,0
2694860,6,M,C,D,UTE,3,0,0,0
6039015,1,F,B,B,HBACK,1,0,0,0
4728862,6,M,A,D,HBACK,4,0,0,0
167068,5,F,D,C,SEDAN,4,0,0,0
7952981,4,F,B,D,HBACK,3,0,0,0
5219391,3,M,B,D,SEDAN,3,0,0,0
2983795,1,F,C,D,PANVN,3,0,0,0
4676129,3,F,A,D,SEDAN,2,0,0,0
2477871,2,M,B,C,STNWG,3,0,0,0
8815723,4,M,C,D,HBACK,2,0,0,0
1461126,2,F,A,D,STNWG,4,0,0,0
5452893,6,F,A,D,SEDAN,3,0,0,0
7430592,4,M,D,D,SEDAN,3,0,0,0
7022054,3,M,A,A,STNWG,3,0,0,0
5452266,5,M,C,B,HBACK,2,0,0,0
4310305,3,F,B,D,MIBUS,4,0,0,0
692586,2,M,E,D,STNWG,4,0,0,0
7138470,3,M,C,D,STNWG,3,0,0,0
1388399,2,F,F,B,SEDAN,3,0,0,0
558876,3,F,A,C,STNWG,4,0,0,0
7941715,3,F,C,B,HBACK,1,0,0,0
769623,4,F,B,D,STNWG,4,0,0,0
4723129,3,F,D,B,SEDAN,4,0,0,0
9481051,5,M,B,D,SEDAN,4,0,0,0
9061221,2,F,C,D,HBACK,4,0,0,0
4121311,5,F,A,D,SEDAN,3,0,0,0
3480342,6,F,E,B,SEDAN,3,0,0,0
3389404,4,M,A,A,SEDAN,3,0,0,0
2874331,5,F,A,D,SEDAN,4,0,0,0
8742708,4,M,C,D,SEDAN,2,0,0,0
4425489,4,F,A,D,HBACK,3,0,0,0
3207378,6,M,B,D,SEDAN,4,0,0,0
3932918,5,M,B,D,SEDAN,4,0,0,0
1443656,2,F,A,D,HBACK,3,0,0,0
8870470,6,M,A,D,SEDAN,3,0,0,0
5644883,4,M,A,D,STNWG,4,0,0,0
5328121,5,F,A,D,HBACK,2,0,0,0
9332692,2,M,D,D,UTE,3,0,0,0
3505352,3,F,A,D,SEDAN,3,0,0,0
4999743,1,F,B,C,SEDAN,4,1,1,471.227272
9723098,5,F,C,B,HBACK,3,0,0,0
1615917,6,M,B,C,STNWG,1,0,0,0
2667137,4,F,A,C,STNWG,4,0,0,0
1995183,4,F,D,D,STNWG,2,0,0,0
1937636,6,F,B,D,SEDAN,3,0,0,0
9907686,6,F,B,B,HBACK,2,0,0,0
5401744,4,F,A,D,STNWG,4,0,0,0
2952667,5,F,B,D,SEDAN,3,1,1,200
393284,2,F,F,D,STNWG,3,0,0,0
8478437,4,F,C,D,STNWG,4,0,0,0
965802,1,M,C,C,UTE,1,0,0,0
2923766,6,F,C,D,STNWG,4,0,0,0
8164096,3,F,D,B,HBACK,2,0,0,0
2293263,4,M,B,B,SEDAN,3,0,0,0
291916,4,F,E,D,STNWG,4,0,0,0
1673981,4,F,C,D,SEDAN,1,0,0,0
6673066,6,F,B,B,SEDAN,1,0,0,0
10664,2,M,F,C,STNWG,3,1,2,1811.709997
6055017,4,M,C,D,SEDAN,4,0,0,0
6938855,5,F,C,D,HBACK,3,0,0,0
9729914,3,F,B,D,SEDAN,4,0,0,0
973707,5,F,B,B,HBACK,3,0,0,0
1054771,1,F,C,D,HBACK,1,0,0,0
2510799,6,F,A,A,SEDAN,2,0,0,0
5091143,3,F,C,B,SEDAN,2,0,0,0
9085658,1,F,A,B,HBACK,3,0,0,0
1673970,5,F,C,D,SEDAN,4,1,1,200
7175685,6,M,B,D,SEDAN,3,0,0,0
4551651,4,M,B,D,HBACK,4,0,0,0
3993033,2,F,B,D,SEDAN,3,1,1,869.7199993
1735338,2,M,B,D,STNWG,2,0,0,0
2839688,5,M,A,B,HBACK,2,0,0,0
4939594,3,M,B,C,SEDAN,1,0,0,0
2181435,4,F,A,C,HBACK,4,0,0,0
2727066,4,M,C,C,STNWG,3,0,0,0
3905210,2,M,C,D,STNWG,4,0,0,0
6918769,4,M,C,B,SEDAN,2,0,0,0
8070914,6,F,A,B,HBACK,2,0,0,0
6640720,2,F,C,B,SEDAN,2,0,0,0
3117752,3,M,B,B,HBACK,4,0,0,0
3992733,4,F,C,D,SEDAN,3,0,0,0
3129989,2,M,A,D,HBACK,2,0,0,0
7113605,1,F,B,B,HBACK,4,0,0,0
475549,5,M,B,C,STNWG,2,0,0,0
4684465,4,M,B,D,SEDAN,1,0,0,0
1623898,4,M,C,D,SEDAN,2,0,0,0
6943541,4,F,C,D,STNWG,3,0,0,0
6298965,4,M,C,A,SEDAN,2,0,0,0
2534898,3,F,B,C,HBACK,4,0,0,0
4294372,3,F,A,D,UTE,1,0,0,0
8692553,5,M,B,D,PANVN,3,0,0,0
3392854,3,M,A,D,SEDAN,4,1,1,1135.679998
9024006,2,F,B,B,HBACK,2,0,0,0
101437,3,M,B,D,STNWG,3,0,0,0
5193007,1,M,B,B,HBACK,1,0,0,0
7974701,2,F,C,B,SEDAN,3,0,0,0
4479004,6,M,E,B,HBACK,2,0,0,0
3402648,3,F,C,D,SEDAN,4,0,0,0
496334,3,F,C,D,MIBUS,4,0,0,0
8345292,5,F,C,B,HBACK,3,0,0,0
826329,3,F,A,D,HBACK,4,0,0,0
9325581,3,F,A,D,STNWG,3,0,0,0
7138323,3,F,A,D,HBACK,3,0,0,0
5509038,3,M,C,C,STNWG,2,0,0,0
9553302,1,F,E,B,HBACK,1,0,0,0
1125341,4,F,C,D,SEDAN,1,1,1,696.3199997
421856,3,F,A,D,SEDAN,2,0,0,0
3157367,3,F,D,B,SEDAN,4,0,0,0
5625814,1,F,F,C,HBACK,2,0,0,0
403881,5,F,B,B,HBACK,1,0,0,0
8503376,4,F,A,D,HBACK,1,0,0,0
8765768,6,M,E,B,SEDAN,1,0,0,0
7122012,2,F,F,C,STNWG,2,0,0,0
2751821,2,M,C,C,STNWG,3,0,0,0
2876395,2,F,E,C,SEDAN,3,0,0,0
4955889,3,M,B,D,TRUCK,3,1,1,200
1252781,6,M,B,B,HBACK,4,0,0,0
9976761,5,F,C,D,SEDAN,4,0,0,0
7015010,3,F,C,B,HBACK,3,0,0,0
3929229,3,F,B,B,HBACK,2,0,0,0
7163087,2,M,B,B,SEDAN,2,0,0,0
9631615,3,F,C,D,SEDAN,3,0,0,0
7650752,2,F,C,D,HDTOP,2,0,0,0
8817628,4,M,B,D,SEDAN,4,0,0,0
1334908,2,M,C,D,STNWG,4,0,0,0
7554995,3,M,C,B,SEDAN,3,0,0,0
2876947,5,F,D,B,HBACK,3,0,0,0
6567256,6,M,F,D,TRUCK,1,0,0,0
4595548,3,M,A,C,STNWG,4,0,0,0
2489200,2,M,A,D,UTE,4,0,0,0
4710808,3,F,C,B,HBACK,2,0,0,0
4333757,3,M,A,D,UTE,4,0,0,0
684716,3,M,C,D,UTE,2,0,0,0
2525062,5,M,C,C,STNWG,4,0,0,0
5222666,5,M,E,B,STNWG,3,0,0,0
3202993,4,M,A,B,SEDAN,4,0,0,0
9159152,3,M,F,C,UTE,3,0,0,0
471018,1,F,C,B,HBACK,2,0,0,0
5345167,5,F,A,B,HBACK,4,0,0,0
1063637,4,F,C,D,HBACK,2,0,0,0
2603287,3,M,A,D,SEDAN,3,0,0,0
2516208,2,F,D,B,STNWG,3,0,0,0
9683114,3,F,A,B,SEDAN,4,0,0,0
2890568,3,M,B,D,SEDAN,4,0,0,0
4639246,4,M,A,C,STNWG,3,0,0,0
7482870,2,F,F,D,STNWG,3,0,0,0
8203945,3,F,C,D,STNWG,4,0,0,0
556977,2,F,F,D,STNWG,3,0,0,0
1008409,4,F,E,B,HBACK,1,0,0,0
8940858,2,F,A,C,COUPE,4,0,0,0
4216840,4,F,B,D,STNWG,4,0,0,0
7880815,2,F,D,D,UTE,3,0,0,0
4295280,4,F,D,C,HBACK,4,0,0,0
2301693,1,M,D,D,UTE,4,0,0,0
3752552,1,F,A,D,SEDAN,1,0,0,0
5605890,2,M,C,D,COUPE,4,0,0,0
1449482,3,F,A,D,HBACK,3,0,0,0
5168521,5,M,F,C,STNWG,4,0,0,0
1673899,5,F,B,D,SEDAN,2,0,0,0
2727480,2,F,C,D,HDTOP,4,0,0,0
9192762,6,F,D,D,SEDAN,1,0,0,0
1178533,1,F,C,D,SEDAN,2,0,0,0
1791558,2,F,F,C,STNWG,3,0,0,0
5327018,4,F,C,D,STNWG,3,0,0,0
9414022,4,F,A,D,SEDAN,4,0,0,0
2353886,3,F,B,B,HBACK,2,0,0,0
7970407,3,M,A,C,STNWG,4,0,0,0
5222841,6,F,B,D,HBACK,2,0,0,0
7406596,4,M,A,D,MIBUS,4,0,0,0
8202266,4,F,B,C,HBACK,4,0,0,0
1335987,6,F,B,B,HBACK,2,0,0,0
1442757,6,M,B,D,SEDAN,2,1,1,1775.009998
1235957,4,F,A,D,SEDAN,3,0,0,0
5804344,3,F,E,C,STNWG,4,0,0,0
1412655,3,F,D,D,SEDAN,3,0,0,0
1511200,2,F,E,C,UTE,2,0,0,0
9973112,5,M,C,A,SEDAN,1,0,0,0
6309634,1,M,A,B,HBACK,1,0,0,0
2065467,3,F,A,D,HBACK,2,0,0,0
4190383,3,M,C,C,STNWG,4,0,0,0
1573497,5,M,D,D,STNWG,3,0,0,0
2769008,2,F,B,B,SEDAN,3,0,0,0
3113796,6,F,C,D,SEDAN,2,0,0,0
7418776,6,F,B,D,HBACK,4,0,0,0
1930845,6,M,C,D,SEDAN,3,0,0,0
8162972,1,F,A,D,SEDAN,1,0,0,0
5296211,5,M,A,C,HBACK,4,0,0,0
2332918,5,F,B,A,SEDAN,4,0,0,0
1768444,4,M,B,C,STNWG,4,0,0,0
7223751,1,F,C,D,STNWG,4,0,0,0
9743781,1,F,F,B,SEDAN,3,0,0,0
2804314,3,F,C,D,SEDAN,4,0,0,0
2365168,3,M,A,D,STNWG,2,0,0,0
3682574,2,F,B,D,SEDAN,4,0,0,0
509194,2,F,A,D,STNWG,3,0,0,0
2517972,4,M,A,D,SEDAN,1,0,0,0
320817,2,M,B,D,STNWG,4,0,0,0
3779224,5,M,A,D,SEDAN,4,0,0,0
1154805,6,M,B,C,STNWG,4,0,0,0
5047041,2,M,F,D,UTE,2,0,0,0
6795235,3,M,B,D,STNWG,2,0,0,0
6824645,3,M,C,C,STNWG,4,0,0,0
5218954,6,F,A,C,SEDAN,4,0,0,0
9236767,4,F,A,B,HBACK,1,1,1,200
2607450,2,F,C,B,HBACK,2,0,0,0
2045385,4,F,A,B,SEDAN,3,0,0,0
163538,5,F,C,C,SEDAN,3,0,0,0
6931011,5,F,C,D,SEDAN,1,0,0,0
6850864,4,M,A,D,STNWG,2,0,0,0
7826071,3,M,C,D,UTE,4,0,0,0
3319207,6,M,D,C,STNWG,1,0,0,0
6940945,4,F,A,B,HBACK,3,0,0,0
6935981,6,F,D,D,HBACK,3,0,0,0
5536973,5,F,C,D,SEDAN,3,0,0,0
4494083,2,F,C,D,HBACK,1,0,0,0
2390002,6,M,A,D,SEDAN,1,0,0,0
5225346,6,M,A,D,SEDAN,3,0,0,0
1959742,6,M,C,D,HDTOP,4,0,0,0
7429663,2,F,C,C,SEDAN,1,0,0,0
4065938,4,M,D,D,STNWG,4,0,0,0
549326,1,F,C,D,SEDAN,3,0,0,0
4543284,4,F,A,B,STNWG,3,0,0,0
2129094,3,F,C,C,STNWG,2,0,0,0
193123,6,F,A,D,SEDAN,1,0,0,0
8476203,5,M,E,D,STNWG,2,0,0,0
1153257,5,M,B,B,SEDAN,2,1,1,613.4899998
6542962,4,F,A,D,SEDAN,3,0,0,0
9953000,4,F,F,D,STNWG,2,0,0,0
9832165,1,M,B,D,UTE,2,0,0,0
5963439,6,F,E,D,HBACK,2,0,0,0
6230353,6,M,E,D,SEDAN,4,0,0,0
4061167,6,M,A,D,UTE,3,0,0,0
8086518,4,F,B,D,SEDAN,2,0,0,0
8164282,5,F,C,D,SEDAN,3,0,0,0
7593039,2,F,C,B,HBACK,2,0,0,0
2043837,3,M,B,D,SEDAN,4,0,0,0
4109940,6,M,C,D,TRUCK,1,0,0,0
4618188,1,M,B,C,SEDAN,3,0,0,0
8676313,5,M,F,D,SEDAN,3,0,0,0
8813089,6,M,A,C,STNWG,3,0,0,0
6732546,3,M,C,D,STNWG,2,0,0,0
167147,4,F,C,B,HBACK,2,0,0,0
9356170,4,F,D,B,HBACK,2,0,0,0
4053273,4,F,D,D,UTE,4,0,0,0
5203638,3,M,D,D,MIBUS,3,0,0,0
2761731,3,F,B,D,HBACK,2,0,0,0
8943279,5,F,B,D,COUPE,3,0,0,0
8889888,1,F,C,B,HBACK,2,1,1,1582.25
6535622,4,M,E,D,STNWG,4,0,0,0
6543915,3,M,B,D,HBACK,4,0,0,0
9763693,2,M,A,C,UTE,1,0,0,0
405894,4,M,C,B,SEDAN,3,0,0,0
8965300,5,M,C,B,HBACK,3,0,0,0
9422135,4,F,C,B,HBACK,2,0,0,0
912483,5,F,A,D,HBACK,4,0,0,0
527776,6,F,A,D,COUPE,4,1,1,3663.409996
6238277,3,F,E,C,UTE,4,1,1,1285.41
5893297,4,F,B,D,STNWG,3,0,0,0
8478697,2,M,C,C,TRUCK,3,0,0,0
6528828,4,F,C,D,HBACK,3,0,0,0
1209016,3,F,C,C,SEDAN,2,0,0,0
7177253,4,F,C,D,STNWG,2,0,0,0
4701112,2,F,A,D,HBACK,4,0,0,0
5240837,2,F,B,D,HBACK,2,0,0,0
2477808,6,M,E,B,HBACK,4,0,0,0
9421401,4,F,D,B,SEDAN,3,0,0,0
6640929,3,F,A,A,SEDAN,3,1,1,3613.649994
8241804,4,F,C,D,SEDAN,4,0,0,0
2338449,3,F,B,D,SEDAN,3,0,0,0
6050327,2,F,D,D,TRUCK,3,1,1,2066.049999
7613543,6,F,B,D,SEDAN,3,0,0,0
3520613,3,F,B,B,SEDAN,3,0,0,0
407549,3,F,C,D,SEDAN,4,0,0,0
9799981,2,M,C,B,HBACK,3,0,0,0
5470623,4,F,A,B,SEDAN,2,0,0,0
9480887,3,F,E,B,SEDAN,2,0,0,0
3783703,2,F,B,D,SEDAN,4,0,0,0
5631308,2,M,B,D,SEDAN,4,0,0,0
1956740,4,F,A,B,HBACK,4,0,0,0
9337976,4,M,A,B,SEDAN,4,0,0,0
4731811,1,M,D,D,HDTOP,3,0,0,0
2575001,3,M,D,C,STNWG,3,0,0,0
1801954,5,M,C,D,HBACK,2,0,0,0
7138506,5,M,C,D,PANVN,4,0,0,0
1576593,2,F,B,D,STNWG,2,0,0,0
6930420,2,M,C,D,STNWG,3,0,0,0
5927209,4,F,C,D,MCARA,3,0,0,0
5426520,2,F,C,B,STNWG,2,0,0,0
97427,5,M,D,D,SEDAN,4,0,0,0
4032935,3,F,C,B,HBACK,1,0,0,0
7883632,4,F,C,D,SEDAN,2,0,0,0
4830459,2,F,B,D,STNWG,2,0,0,0
5334158,4,F,A,B,HBACK,3,0,0,0
7101658,5,M,D,C,STNWG,4,0,0,0
9115369,1,F,C,B,SEDAN,3,0,0,0
3006421,1,M,D,B,COUPE,3,0,0,0
2259827,2,M,C,D,SEDAN,1,0,0,0
3295534,2,M,A,D,HBACK,4,0,0,0
9724307,4,F,C,D,UTE,4,0,0,0
2955310,5,F,A,C,STNWG,2,0,0,0
1750726,2,M,C,D,PANVN,3,0,0,0
6572352,4,F,B,D,STNWG,1,1,1,200
889103,3,F,A,B,HBACK,1,1,1,481.9699993
41437,6,M,D,D,SEDAN,4,0,0,0
3609003,4,F,A,B,HBACK,1,0,0,0
3394055,3,M,E,D,HBACK,3,0,0,0
700846,5,M,D,D,STNWG,3,0,0,0
9736116,5,M,B,D,UTE,4,0,0,0
2734150,5,M,C,D,UTE,4,0,0,0
9817718,3,M,B,B,SEDAN,3,0,0,0
5118949,2,F,F,C,SEDAN,4,0,0,0
3852863,3,M,D,D,STNWG,4,0,0,0
1519418,3,F,E,D,UTE,3,0,0,0
2594672,4,F,C,D,SEDAN,1,0,0,0
2220400,5,F,E,C,TRUCK,2,0,0,0
2529145,4,M,A,B,HBACK,1,0,0,0
9157044,3,F,B,D,SEDAN,2,0,0,0
8546946,3,M,A,D,STNWG,1,0,0,0
7379179,4,F,F,D,TRUCK,4,0,0,0
1334844,6,F,C,B,HBACK,4,0,0,0
1599166,3,F,C,D,SEDAN,4,0,0,0
8197569,1,M,C,C,SEDAN,2,0,0,0
2883196,1,F,F,B,HBACK,1,1,1,364.6799998
2756983,4,M,C,B,HBACK,3,1,1,3695.619995
4561784,5,F,F,D,STNWG,3,1,1,1672.07
588443,2,M,A,D,HBACK,2,0,0,0
3956020,2,F,B,C,SEDAN,1,0,0,0
4291139,4,M,C,D,UTE,3,0,0,0
8847535,2,M,A,C,UTE,1,0,0,0
4707826,4,M,B,B,HBACK,3,0,0,0
8312768,2,F,D,C,STNWG,4,0,0,0
2298759,4,F,D,C,COUPE,4,1,1,2273.869995
2856838,3,F,B,D,SEDAN,4,0,0,0
9812727,6,F,D,D,UTE,4,0,0,0
2592067,6,M,A,D,UTE,4,1,1,353.7999997
154240,3,M,F,C,STNWG,3,0,0,0
7410001,4,F,A,B,HBACK,2,0,0,0
7183483,4,F,E,D,STNWG,3,0,0,0
6295177,6,F,C,B,HBACK,1,0,0,0
6592790,2,F,B,C,SEDAN,4,0,0,0
5087537,2,F,A,D,HBACK,2,0,0,0
1054309,6,M,B,D,HBACK,2,1,1,567.6799984
3003093,3,F,E,D,SEDAN,4,0,0,0
8668748,4,M,B,B,SEDAN,3,0,0,0
2338215,2,F,B,D,SEDAN,4,0,0,0
1674050,2,F,C,D,HBACK,2,0,0,0
3155973,6,F,C,C,HBACK,4,0,0,0
3764543,3,M,A,D,SEDAN,3,0,0,0
9848181,3,M,C,B,HBACK,4,0,0,0
8543458,5,F,D,D,HDTOP,1,0,0,0
4143950,1,M,B,C,UTE,2,0,0,0
9734190,6,F,A,B,HBACK,2,0,0,0
5162256,2,F,E,B,HBACK,3,0,0,0
9664161,1,F,C,B,HBACK,3,1,1,238.1999999
7339949,3,F,C,D,UTE,2,0,0,0
4630319,6,F,E,D,SEDAN,3,0,0,0
7446946,2,M,A,D,TRUCK,4,0,0,0
4784980,5,F,C,B,HBACK,3,0,0,0
7873288,3,M,C,C,STNWG,4,0,0,0
1011582,5,M,D,C,UTE,2,0,0,0
3203091,5,F,E,D,HDTOP,4,0,0,0
5156525,6,M,A,C,SEDAN,1,0,0,0
2842858,5,M,C,D,SEDAN,3,0,0,0
8680210,4,M,D,D,STNWG,2,0,0,0
1510065,5,M,E,C,STNWG,3,0,0,0
6110922,5,M,E,D,UTE,3,0,0,0
1273688,6,F,A,B,HBACK,2,0,0,0
4503021,4,M,C,A,CONVT,2,0,0,0
3206365,4,F,D,D,MIBUS,3,0,0,0
7016545,3,M,A,D,SEDAN,1,0,0,0
8792057,2,F,A,D,HBACK,3,0,0,0
8900165,5,F,C,B,HBACK,4,0,0,0
4942820,1,F,A,D,SEDAN,2,0,0,0
2255823,5,F,A,D,SEDAN,4,0,0,0
6797514,4,M,A,D,STNWG,4,0,0,0
2111380,2,F,A,B,SEDAN,1,0,0,0
284576,3,F,B,B,STNWG,2,0,0,0
1211700,3,F,D,B,HBACK,4,0,0,0
5008026,6,M,C,B,SEDAN,1,0,0,0
2954328,3,M,B,B,HBACK,2,0,0,0
4480890,3,F,E,C,SEDAN,3,0,0,0
3356140,1,F,D,B,SEDAN,3,0,0,0
5310834,2,M,A,D,SEDAN,3,0,0,0
7552347,3,F,B,D,HBACK,3,0,0,0
1959601,4,M,C,B,SEDAN,3,0,0,0
4264908,4,M,B,C,SEDAN,2,0,0,0
5223830,4,F,B,D,SEDAN,2,0,0,0
2666724,2,M,B,D,HBACK,3,0,0,0
3876389,3,M,C,D,STNWG,3,0,0,0
412984,4,F,B,C,SEDAN,2,0,0,0
7170897,4,F,F,B,HBACK,3,0,0,0
724512,4,F,D,D,STNWG,1,0,0,0
5207151,3,F,A,D,STNWG,4,0,0,0
9698755,2,M,D,D,UTE,3,0,0,0
3035282,3,F,E,D,SEDAN,2,1,1,1556.169998
3877701,3,F,A,D,HBACK,3,0,0,0
2431396,3,M,C,D,STNWG,1,0,0,0
3593493,2,F,A,C,SEDAN,4,0,0,0
5637627,5,F,C,D,SEDAN,2,0,0,0
9501039,5,M,A,B,STNWG,3,0,0,0
6232828,1,F,C,D,UTE,2,0,0,0
8030216,5,F,C,D,SEDAN,2,0,0,0
6734770,2,F,A,B,STNWG,1,0,0,0
866235,4,M,E,C,STNWG,2,0,0,0
3685377,4,M,A,D,SEDAN,3,0,0,0
6481755,2,F,F,C,STNWG,2,0,0,0
4790872,5,F,C,D,HBACK,2,0,0,0
3099463,4,F,C,C,SEDAN,2,0,0,0
4788264,4,F,E,D,SEDAN,4,0,0,0
6996600,4,M,C,D,SEDAN,2,0,0,0
8018870,1,F,A,B,HBACK,4,0,0,0
4527704,6,M,B,D,HBACK,4,0,0,0
6273328,5,M,B,C,STNWG,1,0,0,0
7016127,2,F,C,D,UTE,3,0,0,0
7420528,4,M,E,D,STNWG,3,0,0,0
4136101,4,M,A,D,SEDAN,1,0,0,0
8741565,5,F,B,C,STNWG,3,0,0,0
4469335,2,F,E,D,STNWG,3,0,0,0
2245909,2,F,E,C,STNWG,2,0,0,0
9679840,4,M,C,D,UTE,4,0,0,0
1996912,2,F,A,B,HBACK,1,0,0,0
9381558,2,F,C,B,HBACK,1,0,0,0
9372549,4,M,C,D,SEDAN,2,1,1,4740.409988
6626526,3,F,C,B,HBACK,2,0,0,0
4188380,6,M,C,D,SEDAN,3,0,0,0
4225423,4,M,D,D,SEDAN,1,0,0,0
2053630,6,M,B,B,HBACK,4,0,0,0
1511827,3,F,A,D,SEDAN,2,0,0,0
6038450,3,M,E,D,TRUCK,4,0,0,0
8371738,5,F,C,B,SEDAN,4,0,0,0
953938,5,F,E,D,TRUCK,4,0,0,0
5405822,4,F,D,D,SEDAN,3,0,0,0
9021089,2,F,F,D,HDTOP,3,0,0,0
5557051,2,F,B,D,SEDAN,4,0,0,0
8690714,3,F,B,B,HBACK,2,0,0,0
9022154,4,F,B,B,SEDAN,3,0,0,0
4066581,4,M,D,D,TRUCK,1,0,0,0
1983270,1,F,C,D,HBACK,2,1,1,8078.049988
1041397,2,F,E,D,SEDAN,2,0,0,0
2728867,3,M,C,C,STNWG,1,0,0,0
9171476,5,M,C,C,STNWG,4,0,0,0
3300248,4,F,A,D,UTE,4,0,0,0
5283373,6,M,B,B,SEDAN,4,0,0,0
404086,1,F,F,D,UTE,3,0,0,0
9394300,2,F,D,D,MIBUS,4,0,0,0
2093953,4,M,C,D,SEDAN,4,0,0,0
4207124,3,F,C,B,SEDAN,3,0,0,0
6803388,4,F,B,D,STNWG,3,0,0,0
884107,3,M,B,D,STNWG,3,0,0,0
4596002,2,M,D,D,UTE,3,0,0,0
1385156,4,M,C,D,SEDAN,2,0,0,0
8217638,3,F,D,B,SEDAN,2,1,1,568.6899996
9975650,5,M,D,D,TRUCK,4,0,0,0
2731995,4,M,A,D,TRUCK,1,0,0,0
5070038,5,F,C,D,HDTOP,2,1,1,2854.049995
7860386,2,F,C,D,SEDAN,2,0,0,0
4026927,3,F,F,D,STNWG,3,0,0,0
107252,3,F,A,D,UTE,4,0,0,0
4257972,3,F,A,A,HBACK,3,0,0,0
6225341,2,M,A,B,SEDAN,3,0,0,0
4934491,6,M,D,D,SEDAN,3,0,0,0
8623361,4,F,A,C,SEDAN,4,1,1,4290.229996
8514343,4,M,C,D,UTE,4,0,0,0
2055347,2,M,A,D,PANVN,3,0,0,0
8859949,4,F,B,C,SEDAN,3,1,1,746.5899983
9416314,3,M,A,B,HBACK,2,0,0,0
2841573,6,F,A,D,HBACK,3,0,0,0
685787,4,F,A,C,HBACK,4,0,0,0
4519387,1,F,B,D,STNWG,4,1,1,842.5499992
2061590,5,F,D,D,SEDAN,2,0,0,0
9371848,3,M,F,D,STNWG,3,0,0,0
5919363,4,F,E,D,SEDAN,4,0,0,0
2192293,2,F,B,D,SEDAN,2,0,0,0
5194524,2,M,C,D,SEDAN,4,0,0,0
6173057,4,F,A,D,HBACK,4,0,0,0
2810914,4,M,D,D,HBACK,2,0,0,0
3167454,2,M,B,B,HBACK,1,0,0,0
5276705,2,M,B,D,SEDAN,1,0,0,0
3398015,3,F,A,D,SEDAN,3,0,0,0
4011448,6,F,D,D,HBACK,4,0,0,0
1777027,2,M,A,C,HBACK,4,0,0,0
6495034,3,F,C,D,SEDAN,2,0,0,0
2434507,5,M,D,C,UTE,3,0,0,0
4517370,4,M,C,D,UTE,1,0,0,0
6968418,4,M,B,D,SEDAN,2,0,0,0
4282338,4,F,D,C,SEDAN,2,0,0,0
9821072,3,F,C,C,STNWG,4,0,0,0
412843,2,F,A,B,SEDAN,2,0,0,0
6552630,3,F,D,D,SEDAN,2,0,0,0
1024364,2,F,C,D,SEDAN,4,0,0,0
5336724,3,F,C,D,STNWG,1,0,0,0
9376434,4,F,A,D,STNWG,1,0,0,0
6047013,4,F,C,B,SEDAN,3,1,1,200
5454494,3,F,E,C,STNWG,3,1,2,4081.569996
4642546,4,M,B,D,SEDAN,2,0,0,0
5016709,3,F,E,B,HBACK,1,0,0,0
7957706,6,F,C,D,SEDAN,3,0,0,0
4661484,4,F,D,D,UTE,2,0,0,0
1699742,4,M,A,A,SEDAN,3,0,0,0
3670173,3,M,D,B,HBACK,2,0,0,0
2839254,2,F,A,D,SEDAN,4,0,0,0
5282873,1,F,C,D,HBACK,2,0,0,0
347191,4,F,A,D,HBACK,2,0,0,0
1334509,5,M,C,C,SEDAN,4,0,0,0
5701575,2,M,A,B,STNWG,1,0,0,0
6940892,3,F,D,D,MIBUS,4,0,0,0
9551466,5,F,C,B,HBACK,1,0,0,0
7113961,4,M,A,D,SEDAN,3,0,0,0
3292986,5,M,B,D,SEDAN,2,0,0,0
745685,3,F,F,D,STNWG,2,0,0,0
3569126,3,M,A,D,HBACK,2,0,0,0
3399051,3,F,C,B,SEDAN,3,0,0,0
688857,5,M,B,D,STNWG,2,0,0,0
7392056,4,M,B,D,SEDAN,4,0,0,0
2851460,5,F,C,D,SEDAN,2,0,0,0
409929,2,M,C,C,STNWG,3,0,0,0
8509032,4,F,C,D,SEDAN,4,1,2,1871.534538
2181751,3,M,A,C,STNWG,4,0,0,0
514138,4,M,C,D,SEDAN,3,0,0,0
459952,2,M,F,D,STNWG,2,0,0,0
8425747,3,F,A,B,SEDAN,2,0,0,0
8299948,2,M,C,D,SEDAN,1,0,0,0
5463080,5,M,C,B,SEDAN,2,0,0,0
9283467,4,F,D,D,SEDAN,4,0,0,0
8748732,4,F,A,B,SEDAN,3,0,0,0
6432642,2,F,B,B,HBACK,4,1,1,653.7699995
1130181,4,F,B,D,HDTOP,4,1,1,200
9495312,4,M,E,C,STNWG,3,0,0,0
3180211,3,F,A,D,HBACK,2,0,0,0
7001430,3,F,C,C,HBACK,4,0,0,0
1865234,2,M,A,D,UTE,3,0,0,0
420201,5,F,A,D,SEDAN,4,0,0,0
8346424,3,M,B,D,HBACK,4,0,0,0
776721,5,F,C,B,SEDAN,2,0,0,0
343186,6,M,C,D,SEDAN,1,1,1,909.6499996
9214509,3,F,E,B,SEDAN,3,0,0,0
1079784,2,M,D,B,STNWG,1,0,0,0
7924519,4,M,A,D,SEDAN,4,0,0,0
1340269,5,F,A,B,HBACK,3,1,1,499.3499985
3110708,3,F,E,D,SEDAN,1,0,0,0
985158,2,F,D,C,STNWG,3,0,0,0
6429599,3,M ,B,D,SEDAN,3,0,0,0
8471261,2,F,B,D,TRUCK,3,0,0,0
8411822,4,M,C,C,SEDAN,2,0,0,0
593782,3,F,D,B,SEDAN,3,0,0,0
2050825,3,F,D,B,HBACK,2,0,0,0
4291750,4,M,B,D,SEDAN,4,0,0,0
5348134,4,F,A,B,HBACK,3,0,0,0
4534019,1,F,A,D,HBACK,3,0,0,0
6529414,3,M,E,D,UTE,4,0,0,0
3384825,3,M,D,B,STNWG,1,0,0,0
2922131,6,F,E,B,SEDAN,3,1,1,2889.209999
7136860,6,M,C,D,SEDAN,4,0,0,0
3475202,5,M,A,B,SEDAN,4,0,0,0
3992991,3,M,A,D,STNWG,4,0,0,0
1358317,3,M,C,A,SEDAN,2,1,1,227.22
8537053,3,M,D,D,HDTOP,2,0,0,0
7870122,4,F,A,D,SEDAN,3,0,0,0
2977487,4,M,D,D,STNWG,4,1,1,1378.41
2552134,4,M,C,C,HBACK,4,0,0,0
1601063,2,F,C,C,STNWG,4,0,0,0
7145614,5,F,C,D,UTE,3,0,0,0
3406211,3,M,C,D,SEDAN,3,1,1,648.0999994
2702648,2,M,E,C,STNWG,4,0,0,0
8907402,2,M,A,B,SEDAN,2,0,0,0
5840799,4,F,D,B,HBACK,3,0,0,0
1334530,1,M,D,D,STNWG,1,0,0,0
8208048,5,F,A,D,SEDAN,2,0,0,0
2721176,5,M,C,C,HBACK,4,0,0,0
4449565,1,F,A,B,HBACK,4,0,0,0
4503291,5,M,F,D,UTE,3,0,0,0
6081509,3,F,D,B,HBACK,4,0,0,0
4260006,5,F,C,B,SEDAN,3,0,0,0
9703400,2,F,A,D,STNWG,4,0,0,0
8718052,3,F,B,C,HBACK,4,0,0,0
5385508,4,M,C,D,UTE,2,0,0,0
9804730,3,F,A,C,HBACK,4,0,0,0
7205973,4,F,A,B,HBACK,1,0,0,0
6933810,5,M,F,D,STNWG,4,0,0,0
8018901,2,F,A,D,STNWG,3,0,0,0
9693046,1,M,B,A,PANVN,2,0,0,0
1064800,6,M,C,D,STNWG,1,0,0,0
9868528,4,M,E,B,HBACK,4,0,0,0
3488576,3,M,E,C,UTE,4,0,0,0
2321638,2,F,A,D,SEDAN,1,0,0,0
9370291,1,F,B,D,STNWG,4,0,0,0
7405426,4,F,A,D,STNWG,4,0,0,0
7545947,5,M,B,D,SEDAN,2,0,0,0
6946496,3,M,D,D,TRUCK,3,0,0,0
4641519,5,F,A,D,HBACK,4,0,0,0
8997226,3,M,C,D,UTE,4,0,0,0
2790075,4,M,C,D,STNWG,4,0,0,0
9622001,1,F,C,D,STNWG,4,0,0,0
7803271,4,F,B,A,SEDAN,4,0,0,0
4838499,1,F,B,D,HBACK,3,0,0,0
8245993,3,F,B,D,HBACK,3,1,1,1266.709999
9643133,3,F,C,D,SEDAN,2,0,0,0
6069649,2,M,D,B,SEDAN,2,0,0,0
8374062,4,M,C,D,SEDAN,4,0,0,0
8027234,1,M,D,D,STNWG,4,0,0,0
3820151,3,F,A,D,SEDAN,4,0,0,0
8414572,3,F,E,B,HBACK,1,0,0,0
2638871,3,F,C,D,SEDAN,4,0,0,0
8516498,6,M,C,B,HBACK,1,0,0,0
7611711,4,M,C,D,SEDAN,4,0,0,0
4499289,4,M,D,D,TRUCK,4,0,0,0
9049622,4,F,A,D,SEDAN,3,1,1,521.04
1200053,6,M,B,D,HBACK,2,0,0,0
8351578,2,M,F,D,HDTOP,3,0,0,0
6430916,2,M,C,B,HBACK,3,0,0,0
6027280,2,M,C,B,HBACK,2,0,0,0
5933965,4,F,C,D,HBACK,2,0,0,0
7144501,4,F,B,D,HBACK,3,0,0,0
1213746,3,M,B,D,HBACK,4,0,0,0
4688904,2,F,A,D,HBACK,2,0,0,0
9271391,2,F,A,C,STNWG,4,0,0,0
1769690,2,F,C,C,SEDAN,1,0,0,0
3538624,2,M,B,C,STNWG,1,0,0,0
5985226,2,F,A,D,HBACK,4,0,0,0
9346941,4,F,A,D,SEDAN,3,0,0,0
6305110,2,M,C,C,UTE,1,0,0,0
816007,6,F,D,C,STNWG,4,0,0,0
7552001,3,F,A,D,HBACK,4,0,0,0
7615485,2,M,F,D,UTE,4,1,1,389.9499998
2035755,3,M,F,B,HBACK,3,0,0,0
4121130,3,F,F,C,TRUCK,3,0,0,0
5152428,4,M,E,D,HBACK,3,0,0,0
4483050,3,M,F,C,SEDAN,4,0,0,0
9731074,6,F,C,B,HBACK,3,1,1,1873.57
7137078,4,M,A,D,STNWG,4,1,1,200
5047229,2,F,B,D,STNWG,4,0,0,0
5605314,4,F,B,D,SEDAN,4,0,0,0
5768407,4,F,C,D,SEDAN,4,0,0,0
7111849,2,M,C,C,STNWG,3,0,0,0
3478693,3,F,C,D,STNWG,2,0,0,0
6533731,5,M,C,B,SEDAN,2,0,0,0
872234,2,F,E,B,SEDAN,3,0,0,0
3399691,2,F,D,D,STNWG,4,0,0,0
3300780,4,F,B,D,HBACK,3,0,0,0
1849791,5,M,B,D,UTE,4,0,0,0
7951880,4,F,A,B,SEDAN,4,0,0,0
3315362,4,M,A,D,UTE,2,0,0,0
4800196,3,M,B,B,SEDAN,1,0,0,0
701894,3,F,B,B,SEDAN,3,0,0,0
7185176,6,F,C,C,HBACK,4,0,0,0
4522221,4,M,E,D,SEDAN,3,0,0,0
2436075,4,F,B,C,HBACK,2,0,0,0
6286465,4,M,F,C,UTE,1,0,0,0
3667790,3,F,A,B,HBACK,1,1,1,200
5832274,6,M,A,A,HBACK,3,0,0,0
6248102,2,F,A,D,STNWG,2,0,0,0
461876,4,F,A,D,STNWG,3,0,0,0
3563960,6,M,C,B,HBACK,2,0,0,0
6997179,3,M,C,D,TRUCK,4,0,0,0
9866720,2,F,C,D,HBACK,4,0,0,0
1970080,3,F,C,D,MIBUS,4,0,0,0
2884034,1,M,E,D,HDTOP,4,0,0,0
4546905,5,F,C,D,SEDAN,3,0,0,0
6854018,3,F,C,D,STNWG,3,0,0,0
6863192,2,F,B,D,SEDAN,3,0,0,0
9281565,2,F,B,C,HBACK,4,1,1,640.9399996
1501394,5,F,C,D,SEDAN,4,0,0,0
9129803,4,F,A,D,SEDAN,2,0,0,0
2721823,4,M,C,B,HBACK,2,0,0,0
8975541,5,M,B,D,STNWG,3,0,0,0
1514194,4,M,C,D,SEDAN,3,0,0,0
6732700,5,M,C,B,HBACK,3,0,0,0
5312291,3,M,A,B,HBACK,1,0,0,0
6852099,5,F,F,D,STNWG,3,0,0,0
4255921,6,M,B,D,SEDAN,2,0,0,0
7604233,3,M,B,D,UTE,3,0,0,0
6647801,2,F,F,D,STNWG,3,0,0,0
1410869,1,F,E,C,SEDAN,4,0,0,0
102852,3,M,E,D,UTE,1,0,0,0
795753,5,M,D,D,STNWG,1,0,0,0
5405278,3,F,B,D,HBACK,3,0,0,0
7110133,2,F,C,D,HBACK,2,0,0,0
3921052,5,F,B,C,STNWG,2,0,0,0
4138400,3,F,A,D,SEDAN,4,0,0,0
9733875,4,F,A,B,HBACK,3,0,0,0
9473986,4,F,C,D,STNWG,1,0,0,0
6874917,5,F,C,C,HBACK,4,0,0,0
6354800,6,F,E,B,HBACK,1,0,0,0
3399577,4,F,C,B,HBACK,3,0,0,0
3567963,3,F,B,C,HBACK,2,1,1,18291.46991
437978,4,F,A,B,HBACK,2,0,0,0
9713317,4,M,A,D,COUPE,4,0,0,0
9825653,1,M,E,D,UTE,3,0,0,0
8767880,6,M,D,C,HBACK,3,0,0,0
7831001,3,M,C,D,SEDAN,4,0,0,0
6298935,4,F,C,D,MIBUS,4,0,0,0
8921271,3,F,C,B,HBACK,2,0,0,0
7680067,2,F,C,B,SEDAN,1,0,0,0
7514893,4,F,A,D,STNWG,2,0,0,0
2087031,6,M,E,B,HBACK,3,0,0,0
3465072,1,F,D,D,TRUCK,3,0,0,0
7555911,4,F,A,D,HBACK,4,0,0,0
4361250,3,M,F,D,HDTOP,3,0,0,0
1675924,4,F,A,D,HBACK,2,0,0,0
883609,5,M,A,B,HBACK,3,0,0,0
2331451,2,M,A,D,UTE,3,0,0,0
6839438,3,M,F,D,STNWG,2,0,0,0
3926580,6,F,C,D,SEDAN,3,0,0,0
6277996,3,F,E,C,SEDAN,1,0,0,0
1831592,3,F,C,B,STNWG,2,0,0,0
1486011,5,F,A,B,SEDAN,3,0,0,0
488866,6,F,B,D,HBACK,1,0,0,0
3880752,1,F,D,B,SEDAN,3,0,0,0
1810490,3,F,C,D,STNWG,3,0,0,0
8765220,4,F,C,B,SEDAN,4,0,0,0
701930,2,M,D,C,UTE,1,0,0,0
1285393,4,M,A,C,SEDAN,2,0,0,0
5372027,5,F,B,C,SEDAN,2,0,0,0
5255196,4,F,C,B,HBACK,2,0,0,0
2600766,2,F,F,C,STNWG,2,0,0,0
1955881,6,M,B,C,SEDAN,4,0,0,0
9821265,4,F,A,D,SEDAN,4,0,0,0
6594611,2,F,A,D,SEDAN,4,0,0,0
4550808,3,F,F,B,SEDAN,4,0,0,0
3442456,2,F,B,D,STNWG,3,0,0,0
4820450,6,F,B,B,SEDAN,2,0,0,0
1443411,4,F,C,D,HBACK,2,0,0,0
3973040,4,F,A,D,SEDAN,2,0,0,0
4666664,2,F,B,B,HBACK,2,0,0,0
6125936,3,F,C,D,COUPE,4,0,0,0
7027488,4,M,B,C,SEDAN,2,0,0,0
7759870,5,F,B,B,HBACK,4,0,0,0
106957,2,M,E,D,TRUCK,3,0,0,0
6628011,4,F,C,C,HBACK,3,0,0,0
6491528,2,M,E,D,TRUCK,2,0,0,0
4535153,2,F,C,D,SEDAN,4,0,0,0
2781352,2,F,B,D,HBACK,4,0,0,0
3796914,4,F,A,D,HBACK,2,0,0,0
3281249,4,M,C,A,PANVN,2,0,0,0
1012721,4,F,C,B,HBACK,2,0,0,0
4856837,5,F,D,D,STNWG,2,0,0,0
719389,4,F,C,D,HDTOP,1,0,0,0
2969701,5,F,D,C,SEDAN,1,0,0,0
2140513,3,F,A,C,STNWG,2,0,0,0
6431735,5,F,A,D,HBACK,4,0,0,0
8941503,3,F,E,D,MIBUS,3,0,0,0
8335165,2,M,C,D,SEDAN,4,0,0,0
1255050,6,M,C,D,HDTOP,3,0,0,0
6853517,5,F,F,D,HBACK,3,0,0,0
1624927,3,M,C,B,HBACK,3,0,0,0
9372005,6,M,C,D,SEDAN,1,0,0,0
8087830,5,M,A,C,STNWG,1,0,0,0
4458532,4,F,C,C,SEDAN,2,0,0,0
8087112,3,M,A,D,SEDAN,3,0,0,0
9707261,3,M,A,D,MCARA,3,0,0,0
6601471,5,F,A,D,SEDAN,2,0,0,0
4935054,2,M,F,D,STNWG,1,0,0,0
5322282,4,M,B,D,HBACK,1,0,0,0
82523,3,M,A,B,HBACK,2,0,0,0
3983222,3,M,A,D,STNWG,1,0,0,0
6794311,4,M,B,C,STNWG,2,0,0,0
2971116,6,M,A,D,SEDAN,2,0,0,0
4590912,5,F,A,D,STNWG,3,0,0,0
105775,6,F,A,D,HBACK,3,1,1,200
265238,5,F,B,D,SEDAN,1,0,0,0
8911351,5,F,C,D,SEDAN,2,1,1,200
2521248,4,F,C,D,SEDAN,3,0,0,0
6432488,3,M,E,D,STNWG,1,0,0,0
8871206,4,F,E,B,STNWG,3,0,0,0
6165841,4,M,E,D,UTE,4,0,0,0
8870679,4,F,C,A,SEDAN,3,0,0,0
6138680,3,M,A,D,UTE,3,0,0,0
8980174,4,M,B,B,SEDAN,3,0,0,0
5410293,3,M,A,B,HBACK,3,0,0,0
5051166,4,M,C,D,STNWG,4,0,0,0
5406905,4,F,E,C,STNWG,1,0,0,0
5215313,5,M,C,D,UTE,4,0,0,0
687210,4,M,C,D,SEDAN,4,0,0,0
1376847,5,F,C,C,HBACK,2,0,0,0
8009506,1,M,A,D,PANVN,4,0,0,0
5680258,2,F,B,D,HBACK,3,0,0,0
6044535,3,M,A,D,SEDAN,4,0,0,0
4623557,1,M,C,C,TRUCK,3,1,1,777.0499992
3946014,4,M,B,A,SEDAN,4,0,0,0
9073690,2,F,B,D,HBACK,1,0,0,0
6305989,3,M,C,C,UTE,3,0,0,0
5008506,2,F,D,C,SEDAN,1,0,0,0
7208627,4,F,B,D,SEDAN,4,0,0,0
4160966,4,M,B,B,HBACK,4,0,0,0
3651249,2,M,C,D,SEDAN,4,0,0,0
8889124,4,F,E,C,STNWG,4,0,0,0
6152728,4,F,F,C,STNWG,3,0,0,0
2277562,4,F,A,D,SEDAN,4,0,0,0
6954938,2,M,E,D,UTE,3,0,0,0
9762555,4,M,D,D,UTE,3,0,0,0
302277,3,F,D,D,STNWG,1,0,0,0
6160742,3,M,C,B,HBACK,3,0,0,0
6980358,2,M,A,C,HDTOP,4,0,0,0
5465188,3,F,C,D,HBACK,3,0,0,0
1905099,3,M,C,D,HBACK,2,0,0,0
7200618,2,M,F,D,HBACK,2,0,0,0
3561133,4,F,D,C,UTE,4,0,0,0
8980750,2,M,C,D,HBACK,3,0,0,0
7130702,3,F,C,D,STNWG,4,1,1,1161.459999
9088851,4,F,D,D,SEDAN,1,1,1,590.5799999
3481796,5,F,C,B,HBACK,4,0,0,0
7177943,5,M,C,D,TRUCK,4,0,0,0
3179831,4,F,D,C,STNWG,1,0,0,0
3955948,3,M,B,D,SEDAN,4,0,0,0
8752398,5,F,E,B,SEDAN,3,0,0,0
4673931,4,M,C,C,TRUCK,3,1,1,450.8899999
3577635,2,F,A,D,STNWG,2,0,0,0
1479457,2,F,A,C,STNWG,4,0,0,0
1024804,1,F,B,D,STNWG,3,0,0,0
9179980,5,M,D,D,SEDAN,4,0,0,0
9693680,2,M,B,D,HBACK,4,0,0,0
9438107,1,F,E,D,STNWG,2,0,0,0
4255649,3,F,D,D,SEDAN,3,0,0,0
7148409,4,F,E,B,HBACK,2,0,0,0
4122355,3,F,A,C,STNWG,1,0,0,0
1997432,6,M,C,D,SEDAN,1,0,0,0
9731677,4,M,C,A,SEDAN,3,0,0,0
8758051,3,M,C,B,HBACK,4,0,0,0
270926,6,F,D,D,HBACK,3,0,0,0
7716542,4,F,C,B,HBACK,1,0,0,0
5121694,1,F,D,D,SEDAN,3,0,0,0
6348275,1,F,C,B,SEDAN,3,0,0,0
102501,2,F,A,C,STNWG,1,0,0,0
7518655,5,F,B,D,STNWG,2,0,0,0
7393692,2,F,F,D,STNWG,2,0,0,0
8512139,2,M,A,D,HBACK,4,1,1,3622.359993
1012000,5,F,A,B,SEDAN,3,0,0,0
8047209,5,M,A,C,SEDAN,2,0,0,0
4004657,4,F,C,D,SEDAN,4,0,0,0
1972212,6,F,C,D,SEDAN,4,0,0,0
8752828,5,M,A,D,SEDAN,2,0,0,0
8406147,1,M,E,C,STNWG,2,0,0,0
7693670,4,M,C,D,PANVN,3,0,0,0
6851236,5,F,B,B,SEDAN,3,0,0,0
7661285,4,F,A,D,HBACK,2,0,0,0
8694180,5,F,E,D,HBACK,4,0,0,0
2418852,3,M,A,D,HBACK,3,0,0,0
8092490,5,M,B,B,SEDAN,1,0,0,0
4727267,2,F,A,D,SEDAN,3,0,0,0
3605647,2,M,B,D,STNWG,2,0,0,0
950803,4,M,A,D,TRUCK,4,0,0,0
823202,6,F,A,D,HBACK,2,0,0,0
5510573,6,F,A,D,SEDAN,2,1,1,1089.669998
8339084,4,F,B,D,SEDAN,4,0,0,0
5395452,6,M,E,D,STNWG,4,0,0,0
7711878,4,M,A,C,STNWG,1,0,0,0
6432275,5,M,C,D,STNWG,1,0,0,0
100062,4,F,A,D,HBACK,2,0,0,0
7549595,4,M,C,D,SEDAN,3,0,0,0
5604779,4,F,B,B,SEDAN,3,0,0,0
7010841,3,M,B,C,UTE,3,0,0,0
691083,5,M,A,D,UTE,3,0,0,0
3115390,2,M,D,C,STNWG,2,0,0,0
6694261,3,F,B,D,SEDAN,4,0,0,0
6852783,5,F,B,D,SEDAN,2,0,0,0
2100612,3,F,A,D,SEDAN,3,0,0,0
1247407,2,M,D,D,TRUCK,4,0,0,0
5607504,1,F,C,D,HBACK,2,1,1,1570.339996
9042198,6,M,A,D,SEDAN,4,0,0,0
4908426,2,F,A,D,STNWG,1,0,0,0
9416711,2,F,C,B,HBACK,1,0,0,0
8095014,1,F,A,C,HBACK,4,0,0,0
935927,2,F,E,B,HBACK,2,0,0,0
845062,4,F,A,B,HBACK,3,0,0,0
1309788,3,F,A,D,STNWG,3,0,0,0
9427141,4,M,E,B,HBACK,1,0,0,0
8667995,5,F,D,D,STNWG,2,1,2,743.77
883960,5,F,B,C,HDTOP,4,0,0,0
5989001,2,F,E,D,STNWG,4,0,0,0
1657220,4,M,D,D,SEDAN,4,0,0,0
776965,4,M,A,B,SEDAN,2,1,2,553.77
5326624,4,F,B,B,SEDAN,1,0,0,0
3991787,5,F,B,D,HDTOP,1,0,0,0
8762322,2,F,B,B,HBACK,1,0,0,0
2754831,1,M,A,C,UTE,4,0,0,0
4359639,3,F,C,B,HBACK,2,0,0,0
712589,5,M,B,D,HBACK,4,0,0,0
4230712,3,F,C,D,SEDAN,2,0,0,0
3764012,2,F,B,B,HBACK,1,0,0,0
8105146,5,M,D,D,STNWG,4,0,0,0
2045760,3,F,A,D,HBACK,3,0,0,0
3211308,4,M,C,D,STNWG,4,0,0,0
3274483,4,F,E,D,SEDAN,3,0,0,0
8599805,2,M,A,C,STNWG,3,0,0,0
5530452,3,F,A,D,STNWG,3,1,1,390
6448349,3,M,A,D,HBACK,1,0,0,0
4492641,3,F,A,D,STNWG,2,0,0,0
6865122,4,F,C,D,STNWG,3,0,0,0
7525848,4,F,B,D,SEDAN,2,0,0,0
3457776,4,F,C,D,SEDAN,2,0,0,0
2531390,4,M,A,C,STNWG,1,0,0,0
9097963,2,F,A,D,SEDAN,2,0,0,0
7353185,2,F,D,B,HBACK,3,0,0,0
4818613,2,F,C,C,SEDAN,2,0,0,0
514165,3,F,A,C,STNWG,3,1,1,2287.709999
2520738,1,F,A,D,HBACK,2,0,0,0
4415589,3,F,C,B,HBACK,2,0,0,0
345396,4,F,B,D,STNWG,4,0,0,0
5216259,5,M,B,C,SEDAN,4,0,0,0
2270114,5,F,A,D,HBACK,3,0,0,0
3269278,1,F,C,B,HBACK,1,0,0,0
1447536,4,M,A,B,HBACK,1,0,0,0
2816797,3,F,A,D,STNWG,1,1,1,1746.789997
1336400,5,M,C,D,HBACK,3,0,0,0
2595286,6,M,B,C,SEDAN,4,0,0,0
8102284,4,M,C,D,SEDAN,2,0,0,0
8524152,6,M,A,D,HBACK,3,0,0,0
8218792,2,F,B,D,SEDAN,3,0,0,0
6594953,5,M,B,D,UTE,4,0,0,0
9422985,1,M,E,D,BUS,4,1,1,490
167383,6,M,A,C,STNWG,1,0,0,0
8501939,2,F,A,C,SEDAN,4,0,0,0
1509599,4,F,C,B,SEDAN,3,0,0,0
4708466,3,F,D,B,HBACK,2,0,0,0
1256910,5,F,E,B,HBACK,1,0,0,0
5885802,2,F,C,D,SEDAN,2,0,0,0
703086,3,M,B,C,HBACK,4,0,0,0
9967663,4,M,C,D,MIBUS,4,0,0,0
2856045,4,F,D,D,STNWG,4,0,0,0
7136406,3,F,F,D,STNWG,4,0,0,0
10963,2,F,C,B,HBACK,2,0,0,0
6368478,5,F,F,C,STNWG,3,0,0,0
7884519,4,M,A,D,RDSTR,1,0,0,0
4527985,3,F,B,D,HBACK,1,0,0,0
7494893,4,M,F,D,UTE,4,0,0,0
5855688,1,F,A,C,STNWG,3,0,0,0
8216432,5,M,C,D,STNWG,4,1,1,994.6399994
9426638,3,M,E,D,TRUCK,3,0,0,0
9869363,4,F,A,D,HBACK,4,0,0,0
5182782,1,F,A,D,STNWG,1,0,0,0
9063635,2,M,D,D,UTE,4,0,0,0
3763448,4,M,B,D,SEDAN,2,0,0,0
5001725,3,F,E,C,STNWG,4,1,1,519.5099983
6433267,3,F,A,D,HBACK,3,0,0,0
1513635,2,F,A,B,SEDAN,3,0,0,0
406840,5,M,A,B,SEDAN,2,0,0,0
4023508,6,M,E,D,SEDAN,4,1,1,583.5999994
8836797,3,F,A,B,HBACK,2,0,0,0
9149966,5,M,C,C,SEDAN,4,0,0,0
1923368,4,M,D,B,SEDAN,3,0,0,0
4926396,3,F,B,B,HBACK,1,0,0,0
2337227,3,F,D,D,HBACK,3,0,0,0
3396206,3,F,A,D,SEDAN,3,0,0,0
1303359,3,F,B,D,SEDAN,2,0,0,0
9900791,1,M,D,D,SEDAN,4,0,0,0
5089326,3,M,F,D,UTE,2,0,0,0
5579701,3,M,F,D,STNWG,2,1,1,227.27
1236385,3,M,B,B,COUPE,4,0,0,0
9805975,2,F,D,C,STNWG,4,0,0,0
892430,2,M,B,D,SEDAN,1,0,0,0
1764203,5,F,A,C,HBACK,1,0,0,0
8078356,4,M,B,D,STNWG,4,0,0,0
168636,2,M,B,C,COUPE,3,0,0,0
4127222,3,F,D,C,SEDAN,2,0,0,0
4595256,4,F,A,B,HBACK,3,0,0,0
35032,4,M,F,D,MCARA,3,1,1,3230.599999
7641039,3,F,A,C,SEDAN,4,0,0,0
4615821,4,F,A,D,HBACK,2,0,0,0
1984025,4,M,A,D,SEDAN,2,0,0,0
7137263,4,F,C,D,HBACK,1,0,0,0
7389159,6,F,F,D,STNWG,1,0,0,0
2718783,4,M,D,D,STNWG,4,0,0,0
7607689,3,M,B,D,COUPE,4,0,0,0
1053525,3,F,B,B,HBACK,2,0,0,0
1323458,4,F,A,D,MIBUS,3,0,0,0
9385286,1,M,D,D,HBACK,4,0,0,0
6940900,4,F,A,D,SEDAN,4,0,0,0
5422721,4,M,B,B,HBACK,2,0,0,0
4421997,2,F,A,B,HBACK,3,0,0,0
7544083,3,F,B,D,SEDAN,3,0,0,0
9932835,4,F,B,B,HBACK,2,0,0,0
1508913,5,M,C,B,HBACK,2,1,1,603.3299999
2430753,2,M,E,D,STNWG,4,1,1,1400.679997
8757811,5,M,A,D,HBACK,2,0,0,0
6449783,4,F,C,D,STNWG,2,0,0,0
1966047,3,M,B,D,UTE,3,0,0,0
4360149,4,M,A,B,HBACK,4,0,0,0
9435411,2,F,B,C,HBACK,3,0,0,0
5613566,2,M,A,D,HBACK,3,1,1,1017.25
4897530,3,F,C,B,HBACK,1,0,0,0
3704059,2,F,C,D,HBACK,3,0,0,0
9189440,6,M,F,C,TRUCK,3,0,0,0
9368629,4,M,D,C,STNWG,4,0,0,0
97522,6,F,F,C,SEDAN,2,0,0,0
371626,5,M,B,C,UTE,1,0,0,0
9566111,4,F,C,C,HBACK,4,0,0,0
5461784,2,F,C,D,STNWG,2,0,0,0
2049771,4,M,B,D,HBACK,4,0,0,0
4540143,3,F,C,D,HBACK,2,0,0,0
7120541,3,M,B,D,STNWG,4,0,0,0
2852917,4,F,F,C,STNWG,2,0,0,0
9763315,4,M,C,D,HBACK,4,0,0,0
1962562,4,F,C,B,HBACK,2,0,0,0
4962087,2,M,A,D,SEDAN,2,0,0,0
8822312,3,F,D,C,STNWG,4,1,1,1162.288181
531399,3,F,B,D,UTE,4,0,0,0
4223285,4,F,B,D,HBACK,1,0,0,0
4295489,4,F,E,D,STNWG,2,0,0,0
9952079,2,F,D,D,HBACK,3,0,0,0
6875904,2,F,D,B,STNWG,3,0,0,0
4796153,3,M,B,C,HBACK,3,0,0,0
302214,3,F,F,C,STNWG,4,0,0,0
692894,3,F,D,D,STNWG,1,0,0,0
4781000,3,F,E,C,STNWG,3,0,0,0
9350835,2,F,B,B,HBACK,4,0,0,0
8399510,2,F,C,D,STNWG,4,0,0,0
7705624,3,F,D,D,SEDAN,1,0,0,0
9087553,2,F,B,D,UTE,3,0,0,0
9739747,2,M,A,D,HBACK,4,0,0,0
1011468,6,M,B,D,SEDAN,2,1,1,200
3392322,4,M,C,C,SEDAN,2,0,0,0
38074,5,M,A,D,HBACK,4,0,0,0
6542891,5,M,D,C,STNWG,3,0,0,0
9672473,1,F,C,D,HBACK,2,0,0,0
4551614,1,F,B,B,STNWG,3,0,0,0
2856167,3,M,F,D,STNWG,2,0,0,0
8299181,3,M,A,D,HBACK,1,0,0,0
1414546,3,M,C,D,HBACK,1,0,0,0
7241538,4,M,D,D,SEDAN,4,0,0,0
1000926,3,F,B,D,SEDAN,2,0,0,0
2789565,5,F,C,D,SEDAN,4,0,0,0
981369,5,F,A,D,STNWG,3,0,0,0
613647,3,M,B,C,STNWG,3,0,0,0
9599414,3,M,D,D,STNWG,2,0,0,0
9417254,2,F,B,D,SEDAN,3,0,0,0
9358017,3,F,D,D,SEDAN,2,0,0,0
6803266,6,F,B,B,SEDAN,2,0,0,0
5335664,1,F,C,D,SEDAN,2,1,1,200
6996454,4,F,B,D,HBACK,3,0,0,0
4033234,5,M,C,D,STNWG,1,0,0,0
5225098,3,F,F,D,UTE,4,0,0,0
7873769,3,M,A,C,TRUCK,2,0,0,0
1713248,3,F,C,B,HBACK,1,0,0,0
1670325,3,M,A,D,STNWG,4,0,0,0
8116951,3,F,B,D,STNWG,4,0,0,0
3103435,3,M,B,D,SEDAN,2,0,0,0
829824,3,M,E,D,STNWG,3,0,0,0
398094,2,M,C,C,STNWG,3,0,0,0
4140528,2,M,D,D,UTE,2,0,0,0
6791250,6,F,C,C,SEDAN,2,0,0,0
3819231,4,M,C,C,HDTOP,4,0,0,0
7264947,2,F,B,B,HBACK,4,0,0,0
727873,3,F,D,D,STNWG,3,0,0,0
8756160,5,M,A,D,SEDAN,4,0,0,0
1514466,3,F,C,C,STNWG,4,0,0,0
4358896,5,M,C,D,SEDAN,2,0,0,0
4687641,5,F,C,D,HBACK,2,0,0,0
327151,5,F,A,D,SEDAN,2,0,0,0
7300771,2,F,F,C,SEDAN,3,0,0,0
6298131,3,M,B,B,SEDAN,3,1,1,1794.389999
3057557,4,F,C,B,HBACK,3,0,0,0
8164763,3,M,A,D,MIBUS,3,0,0,0
5682142,2,M,A,D,SEDAN,3,0,0,0
682689,2,M,A,C,UTE,3,0,0,0
6150803,4,M,C,D,HBACK,1,0,0,0
9005441,1,M,A,D,TRUCK,2,0,0,0
5389937,4,F,A,A,SEDAN,3,0,0,0
1587712,4,M,C,D,STNWG,2,0,0,0
9957728,4,F,C,D,SEDAN,3,0,0,0
1386248,2,M,B,D,STNWG,3,0,0,0
6262361,5,M,B,B,SEDAN,3,0,0,0
6734977,4,M,B,C,STNWG,4,0,0,0
8241801,2,M,C,B,HBACK,2,0,0,0
8811834,3,M,A,C,STNWG,4,0,0,0
5351083,1,F,B,D,HBACK,4,1,1,634.3499994
3150402,3,F,A,C,HBACK,4,0,0,0
4995779,3,F,D,B,SEDAN,4,0,0,0
2053602,6,M,C,D,SEDAN,4,0,0,0
1367889,3,F,A,B,HBACK,2,0,0,0
9649437,4,F,C,C,HBACK,1,0,0,0
1967576,2,F,C,D,HBACK,4,0,0,0
7440733,5,F,A,D,SEDAN,2,0,0,0
8721836,4,F,C,D,SEDAN,2,0,0,0
6874105,5,M,A,C,STNWG,4,0,0,0
9060983,3,F,A,D,SEDAN,4,0,0,0
3033525,4,F,B,D,SEDAN,4,0,0,0
1451447,3,F,C,B,SEDAN,4,0,0,0
9018922,4,M,A,D,SEDAN,4,0,0,0
1455906,2,M,B,D,HBACK,2,0,0,0
6926848,1,M,A,B,HBACK,1,0,0,0
8086612,6,F,C,B,HBACK,3,0,0,0
1387567,4,F,A,D,STNWG,1,0,0,0
4590230,5,M,C,D,MCARA,4,0,0,0
1051106,3,M,C,D,HBACK,4,0,0,0
5856617,2,F,E,C,SEDAN,2,1,1,200
1980564,4,F,B,D,SEDAN,2,0,0,0
997291,2,M,A,D,HDTOP,3,0,0,0
9082056,6,M,C,D,SEDAN,3,0,0,0
5629237,5,F,B,B,HBACK,1,0,0,0
2972692,1,F,B,B,HBACK,2,0,0,0
1254455,3,M,B,D,STNWG,4,0,0,0
4178759,5,M,A,D,STNWG,1,0,0,0
6779407,4,F,C,B,HBACK,1,0,0,0
1782143,3,M,C,D,STNWG,3,0,0,0
7972392,6,M,C,D,HDTOP,3,0,0,0
7545273,4,F,D,B,HBACK,2,0,0,0
60440,6,F,A,D,STNWG,2,0,0,0
8032795,2,M,E,D,UTE,4,0,0,0
4574415,1,F,A,D,HBACK,3,0,0,0
2476280,5,F,A,D,HBACK,2,0,0,0
8079956,2,M,A,D,HBACK,3,1,1,362.8599997
9067651,3,F,C,B,COUPE,2,0,0,0
6046967,2,F,C,D,STNWG,2,0,0,0
5479556,4,M,A,B,SEDAN,3,0,0,0
7682136,5,F,C,B,SEDAN,1,0,0,0
7246769,3,M,A,D,HBACK,3,0,0,0
2424271,3,M,A,D,UTE,1,0,0,0
4766149,5,F,C,C,SEDAN,3,0,0,0
5024424,5,F,A,C,SEDAN,1,0,0,0
5159668,3,F,A,B,HBACK,3,0,0,0
4009471,3,M,C,C,STNWG,4,0,0,0
9423383,4,M,C,C,STNWG,2,0,0,0
5147492,1,M,D,D,HBACK,2,0,0,0
1291763,1,F,A,C,SEDAN,3,0,0,0
6511301,4,F,C,D,HBACK,1,1,1,693.0499992
2713184,5,M,A,D,HBACK,2,0,0,0
2102290,2,M,C,D,HDTOP,1,1,1,1962.73
1273857,4,M,B,B,SEDAN,4,0,0,0
1366227,5,F,C,B,HBACK,2,1,1,292.3400002
1431771,5,F,C,D,HBACK,2,0,0,0
2010036,3,F,B,D,STNWG,4,0,0,0
5186387,1,F,B,B,HBACK,2,0,0,0
1762687,4,M,A,D,SEDAN,4,0,0,0
1015589,4,F,C,B,STNWG,1,0,0,0
9482903,2,F,A,B,HBACK,2,0,0,0
1828002,2,F,D,B,COUPE,1,0,0,0
2055647,5,F,A,B,SEDAN,3,0,0,0
7657609,3,F,E,D,TRUCK,1,0,0,0
4190746,4,M,C,D,HBACK,1,0,0,0
1522848,5,M,B,D,STNWG,4,0,0,0
637540,3,F,B,D,HBACK,4,0,0,0
7406293,4,F,C,D,STNWG,3,1,1,357.0999999
3491169,2,F,B,D,HBACK,1,0,0,0
3625805,3,F,B,D,STNWG,3,0,0,0
9726644,4,M,C,D,UTE,4,0,0,0
9158644,4,F,C,B,STNWG,1,0,0,0
1256965,4,F,E,D,UTE,4,0,0,0
4424010,4,M,B,D,STNWG,4,0,0,0
5219899,5,F,B,D,HBACK,4,0,0,0
3905928,4,M,A,D,SEDAN,4,0,0,0
2327900,5,M,B,D,STNWG,1,0,0,0
7275064,5,M,B,B,HBACK,1,0,0,0
451094,6,M,C,D,STNWG,4,0,0,0
6803187,6,M,A,B,SEDAN,3,0,0,0
9169774,3,M,C,C,STNWG,1,0,0,0
531405,3,M,F,D,TRUCK,4,0,0,0
5464715,4,F,C,D,SEDAN,3,0,0,0
7647742,6,F,A,D,SEDAN,3,0,0,0
6923840,6,F,A,B,HBACK,3,0,0,0
7130712,1,F,C,B,SEDAN,3,0,0,0
1112949,5,M,C,D,HBACK,3,0,0,0
6226222,6,M,A,D,STNWG,1,0,0,0
2129442,3,F,C,D,SEDAN,2,0,0,0
7545492,4,F,B,D,HBACK,1,0,0,0
6837807,3,F,A,B,HBACK,2,1,1,200
7135321,6,M,B,D,SEDAN,4,0,0,0
2407638,3,M,B,D,MIBUS,4,1,1,415.9099999
4549367,6,F,D,B,SEDAN,1,0,0,0
9539297,3,F,C,B,HBACK,2,0,0,0
6297875,5,F,C,D,HBACK,1,0,0,0
2168725,5,M,C,D,SEDAN,2,0,0,0
6037390,5,M,A,B,HBACK,2,0,0,0
4419581,2,M,B,D,STNWG,4,1,1,1888.829998
8280146,5,M,A,C,STNWG,1,0,0,0
946103,1,F,A,D,SEDAN,4,0,0,0
1859161,3,F,B,B,HBACK,1,0,0,0
3767238,2,M,A,D,SEDAN,4,0,0,0
6738511,2,F,D,B,HBACK,3,0,0,0
7934568,4,M,B,C,UTE,4,1,2,9087.829979
8762304,5,F,C,D,SEDAN,4,0,0,0
2527189,5,M,D,D,SEDAN,4,0,0,0
3154653,4,M,C,D,PANVN,4,0,0,0
2521000,4,M,B,D,TRUCK,4,0,0,0
6645701,3,F,A,D,HBACK,3,0,0,0
2850940,4,F,B,D,HBACK,1,0,0,0
693646,2,M,B,D,UTE,3,0,0,0
1361356,1,F,A,B,HBACK,4,0,0,0
5001512,5,F,A,C,HBACK,4,0,0,0
2482652,6,F,A,D,SEDAN,3,0,0,0
9724394,4,M,C,D,HBACK,3,0,0,0
1254325,2,M,C,D,SEDAN,4,0,0,0
6665561,3,M,C,C,HBACK,4,0,0,0
9376911,3,M,E,D,UTE,2,0,0,0
5131877,2,M,F,D,UTE,2,0,0,0
9560224,3,F,C,D,MIBUS,4,0,0,0
1957240,5,F,A,B,SEDAN,2,0,0,0
11699,3,F,D,D,SEDAN,3,0,0,0
3892885,2,F,B,D,SEDAN,2,0,0,0
6209811,4,F,A,B,HBACK,2,0,0,0
897354,3,F,B,B,HBACK,2,0,0,0
6366509,6,F,D,B,HBACK,4,0,0,0
6309074,3,F,D,C,STNWG,2,0,0,0
3873868,3,M,B,D,SEDAN,4,0,0,0
4449420,5,M,C,D,HBACK,3,0,0,0
3668594,1,F,A,D,HBACK,2,0,0,0
8413672,2,M,F,D,UTE,3,0,0,0
9042823,3,F,F,C,SEDAN,2,0,0,0
7421954,6,M,C,C,UTE,4,0,0,0
2623436,4,F,E,D,HDTOP,4,0,0,0
7022027,5,M,D,D,SEDAN,1,0,0,0
4052521,3,M,B,D,STNWG,4,0,0,0
977410,6,M,B,B,HBACK,4,0,0,0
6802025,5,F,D,B,HBACK,3,0,0,0
2054812,1,M,C,C,STNWG,3,0,0,0
2996481,4,M,A,C,SEDAN,2,1,2,951.9299965
1204627,4,M,B,D,SEDAN,3,0,0,0
9303938,5,F,A,B,HBACK,2,0,0,0
4834974,2,F,B,D,SEDAN,4,0,0,0
1108061,4,F,A,B,STNWG,2,0,0,0
1751389,4,F,A,B,HBACK,3,0,0,0
4821624,5,F,B,C,STNWG,3,0,0,0
5397784,4,M,A,D,SEDAN,4,0,0,0
2550712,5,M,A,D,SEDAN,2,0,0,0
5382738,6,F,E,D,SEDAN,2,0,0,0
2099608,6,M,A,C,STNWG,4,0,0,0
4940170,2,M,B,D,STNWG,3,0,0,0
1548164,5,F,A,D,SEDAN,3,1,1,15157.04996
2013257,5,M,E,B,SEDAN,4,0,0,0
5209756,3,F,C,D,STNWG,3,1,1,200
2060696,4,M,B,D,STNWG,3,0,0,0
8989490,1,M,F,D,TRUCK,4,0,0,0
1827512,5,F,A,C,HBACK,4,0,0,0
2345156,2,F,A,C,COUPE,1,0,0,0
6849134,5,F,C,C,HBACK,4,0,0,0
3385527,1,M,C,D,HBACK,2,0,0,0
7645305,3,M,A,D,HBACK,1,0,0,0
4245538,4,F,D,D,SEDAN,3,0,0,0
6591064,4,M,C,B,SEDAN,3,0,0,0
4672022,6,M,C,D,MIBUS,2,0,0,0
3566946,1,M,C,D,STNWG,2,0,0,0
8655608,3,F,E,B,HBACK,1,0,0,0
1689064,2,M,F,C,STNWG,2,0,0,0
5139933,2,F,C,D,SEDAN,2,0,0,0
1006721,3,F,D,B,SEDAN,4,0,0,0
6701638,5,F,E,D,SEDAN,2,0,0,0
7839649,3,F,B,D,SEDAN,3,0,0,0
9188042,6,F,B,D,SEDAN,4,0,0,0
7133893,6,M,B,D,STNWG,4,0,0,0
9135330,5,M,C,C,STNWG,1,1,1,516.1200028
7175923,5,F,C,D,HBACK,2,0,0,0
4567558,2,F,C,D,SEDAN,4,0,0,0
2480451,4,M,D,D,STNWG,4,0,0,0
3975490,1,F,F,D,SEDAN,1,0,0,0
2878373,2,F,C,B,HBACK,3,0,0,0
4180261,5,F,B,B,SEDAN,3,0,0,0
2059961,4,M,E,D,STNWG,4,0,0,0
9519283,2,F,A,D,HBACK,4,0,0,0
2172296,4,F,C,B,SEDAN,3,0,0,0
7426437,5,F,C,D,HBACK,3,0,0,0
8790166,3,M,C,C,SEDAN,1,0,0,0
4874938,5,M,A,B,HBACK,1,0,0,0
920445,5,M,C,D,COUPE,4,0,0,0
2177497,6,M,C,D,SEDAN,4,0,0,0
3936023,2,M,E,C,UTE,1,0,0,0
1255531,4,M,C,D,MIBUS,4,0,0,0
2031922,1,F,B,D,HBACK,2,0,0,0
6162220,3,F,D,D,STNWG,1,0,0,0
8626541,4,M,C,B,STNWG,1,0,0,0
4430283,3,M,A,D,HDTOP,4,0,0,0
2919000,3,F,A,D,SEDAN,3,0,0,0
9856061,3,M,C,D,SEDAN,1,0,0,0
1683150,5,F,A,D,STNWG,4,0,0,0
8291256,2,F,F,D,STNWG,3,1,1,325.1799996
6237129,2,M,D,D,HDTOP,4,0,0,0
3982017,2,F,E,D,STNWG,1,0,0,0
1601231,1,M,C,D,UTE,4,0,0,0
1573525,4,F,D,B,STNWG,1,0,0,0
2526015,1,M,C,D,STNWG,3,1,1,3384.199997
4800546,3,F,B,D,UTE,4,0,0,0
1069624,5,F,C,D,HBACK,2,0,0,0
8971865,2,F,C,D,HBACK,4,0,0,0
1993241,4,M,A,B,HBACK,3,1,1,3792.449997
8803897,3,F,C,D,MIBUS,4,0,0,0
493706,5,M,C,D,STNWG,3,0,0,0
2722820,3,F,B,D,SEDAN,4,0,0,0
5984750,6,M,B,D,SEDAN,3,0,0,0
5433006,4,F,B,D,SEDAN,2,0,0,0
5398861,6,M,E,D,SEDAN,2,0,0,0
7405781,3,M,C,D,UTE,4,0,0,0
6803573,2,F,A,D,HBACK,3,0,0,0
41713,6,M,C,D,STNWG,4,0,0,0
680690,5,M,B,D,HBACK,4,0,0,0
2525189,1,F,E,B,STNWG,2,0,0,0
3303451,5,M,C,D,SEDAN,2,0,0,0
6529001,3,F,B,D,HBACK,2,0,0,0
3796838,3,F,E,D,UTE,4,0,0,0
6390002,5,M,D,D,UTE,3,0,0,0
4570175,2,F,C,D,HBACK,3,0,0,0
6877326,2,F,E,D,STNWG,4,0,0,0
6515686,5,F,C,B,HBACK,1,0,0,0
6595568,3,F,B,D,COUPE,4,0,0,0
8872432,5,M,C,C,SEDAN,4,1,1,6647.729996
3596235,4,F,C,D,SEDAN,3,0,0,0
2594455,2,F,A,C,SEDAN,1,0,0,0
65800,6,F,C,B,HBACK,2,0,0,0
4820580,6,M,D,D,SEDAN,2,0,0,0
4201996,3,F,B,C,HBACK,2,0,0,0
5244415,1,M,A,D,HBACK,1,0,0,0
3624338,5,M,B,C,STNWG,2,0,0,0
214165,2,M,F,D,STNWG,3,0,0,0
6035842,4,M,C,D,SEDAN,3,0,0,0
9910576,3,M,B,B,HBACK,1,0,0,0
7168514,1,F,D,D,HDTOP,4,0,0,0
8769270,5,F,A,D,HBACK,3,0,0,0
3232924,3,M,A,B,SEDAN,3,0,0,0
5952247,3,M,F,D,SEDAN,2,0,0,0
4076544,6,M,D,D,UTE,2,1,1,1699.149998
804954,1,F,C,D,HBACK,3,1,1,4853.5
682932,5,F,B,B,HBACK,3,0,0,0
1258075,3,M,D,D,HBACK,1,0,0,0
3395060,5,M,C,D,TRUCK,4,0,0,0
9725777,3,M,A,C,STNWG,1,0,0,0
8201565,4,F,E,C,STNWG,4,0,0,0
4549304,4,F,C,D,HDTOP,4,0,0,0
9758895,5,M,F,C,HDTOP,4,0,0,0
2396662,2,F,A,D,STNWG,2,0,0,0
7656238,2,M,F,C,STNWG,3,1,1,456
6757246,2,M,F,C,STNWG,2,1,1,688.7699995
2053797,4,M,B,B,HBACK,1,0,0,0
9254257,2,M,B,D,HBACK,3,0,0,0
8312828,3,M,E,D,UTE,4,0,0,0
5866636,5,M,C,D,HBACK,4,0,0,0
4036020,3,F,F,D,STNWG,4,0,0,0
9444118,6,F,D,D,SEDAN,3,0,0,0
1672196,4,M,F,C,STNWG,1,0,0,0
2700825,2,F,E,B,STNWG,1,0,0,0
8158132,2,F,C,B,HBACK,3,0,0,0
3211292,5,F,D,D,SEDAN,3,0,0,0
6943261,2,F,C,B,HBACK,1,0,0,0
1357504,2,F,A,D,HBACK,4,1,1,15588.92999
2925464,3,F,A,D,SEDAN,4,0,0,0
2924578,4,M,A,D,PANVN,2,0,0,0
4998573,2,M,B,C,SEDAN,3,1,1,636.3699999
2052363,6,M,B,D,SEDAN,2,0,0,0
951968,5,M,C,C,STNWG,3,1,1,200
2666944,3,M,C,C,STNWG,4,0,0,0
306406,5,F,A,C,STNWG,2,1,2,2212.689998
9585275,5,F,F,D,SEDAN,2,0,0,0
7545499,2,F,A,D,HBACK,1,0,0,0
703805,3,F,E,D,UTE,2,0,0,0
4778349,2,M,C,B,HBACK,3,0,0,0
3873643,4,M,C,C,TRUCK,2,0,0,0
8755201,5,M,B,C,STNWG,2,0,0,0
893047,6,M,A,B,SEDAN,1,0,0,0
2450411,6,F,B,D,HBACK,2,0,0,0
531645,3,F,B,D,HBACK,4,0,0,0
8939517,2,F,D,D,STNWG,3,0,0,0
23313,4,M,A,D,SEDAN,4,0,0,0
6805350,3,F,D,C,STNWG,3,0,0,0
9338863,3,F,C,B,SEDAN,4,0,0,0
4856229,6,F,C,D,HBACK,2,0,0,0
7160864,1,F,C,B,HBACK,4,0,0,0
1154605,1,F,B,B,HBACK,1,0,0,0
1681639,4,F,C,D,STNWG,3,0,0,0
4067698,2,F,D,D,TRUCK,1,0,0,0
5458048,4,M,B,D,HBACK,3,1,1,335.8199997
8086352,6,M,E,D,HDTOP,4,0,0,0
5583087,2,F,A,D,SEDAN,3,0,0,0
1769851,2,M,F,D,HDTOP,4,0,0,0
3219206,2,M,B,D,MCARA,4,0,0,0
4905290,4,M,B,D,HBACK,2,0,0,0
823545,3,F,C,C,HBACK,4,0,0,0
7140147,5,M,E,D,UTE,4,0,0,0
6459166,3,F,C,B,COUPE,4,0,0,0
7423451,2,F,C,D,SEDAN,2,0,0,0
298569,2,F,B,B,SEDAN,3,0,0,0
9893188,2,F,C,D,SEDAN,4,1,1,1755.619999
1448375,1,F,E,C,STNWG,1,0,0,0
3986449,4,M,B,D,COUPE,4,0,0,0
7077995,1,M,C,D,SEDAN,3,0,0,0
285526,3,F,D,B,STNWG,2,0,0,0
594963,2,F,B,C,HBACK,4,0,0,0
6535943,5,M,D,B,SEDAN,2,0,0,0
8124564,3,F,B,D,SEDAN,4,1,1,200
7834863,5,F,C,D,HBACK,1,0,0,0
2887785,1,M,A,B,SEDAN,2,1,1,278.6499996
3399838,5,M,D,C,TRUCK,1,0,0,0
2113870,1,F,D,B,HBACK,2,0,0,0
8763603,3,F,A,B,HBACK,1,0,0,0
8758420,4,F,A,A,SEDAN,4,1,1,1285.019997
7764340,4,F,C,D,UTE,3,0,0,0
898793,4,M,D,B,HBACK,3,0,0,0
9423347,3,F,C,B,SEDAN,4,0,0,0
9107712,3,F,A,D,STNWG,1,0,0,0
6469598,4,F,C,D,SEDAN,4,0,0,0
4853514,3,F,A,D,STNWG,4,0,0,0
369002,2,F,B,C,HBACK,4,0,0,0
3419584,2,F,B,B,HBACK,2,0,0,0
1493091,2,M,C,C,SEDAN,3,0,0,0
3839910,1,M,C,C,SEDAN,3,0,0,0
4730211,5,F,C,D,HBACK,2,0,0,0
3624819,4,F,E,C,UTE,1,0,0,0
163646,3,M,B,D,SEDAN,3,0,0,0
7795454,5,F,B,B,SEDAN,3,0,0,0
9676743,4,F,B,B,SEDAN,3,0,0,0
4264097,6,F,C,B,SEDAN,1,0,0,0
9400825,2,F,E,C,HBACK,2,0,0,0
8769859,3,F,B,D,STNWG,2,0,0,0
3798207,1,F,C,B,SEDAN,4,0,0,0
9230605,2,M,C,D,SEDAN,2,0,0,0
8802439,6,F,D,D,SEDAN,2,0,0,0
6977024,3,M,B,D,COUPE,4,0,0,0
5020611,5,F,C,B,HBACK,3,0,0,0
8090814,4,F,F,B,HBACK,2,1,1,1043.15
1350920,2,M,C,D,HBACK,2,0,0,0
3943033,6,M,B,D,HBACK,4,0,0,0
495684,3,F,E,C,STNWG,4,0,0,0
331230,3,F,C,D,STNWG,1,1,1,1747.439999
342685,3,M,F,D,STNWG,2,0,0,0
7031339,2,F,E,B,HBACK,2,0,0,0
3116826,4,M,B,D,STNWG,4,0,0,0
685765,2,F,C,D,HDTOP,4,0,0,0
4281540,6,M,C,D,HBACK,2,0,0,0
2716287,2,F,A,B,HBACK,2,0,0,0
6838209,4,F,B,C,TRUCK,3,0,0,0
2619675,3,F,B,D,HBACK,2,0,0,0
6923946,4,F,C,B,SEDAN,1,0,0,0
5491864,3,F,A,B,SEDAN,3,0,0,0
8814527,2,F,D,C,SEDAN,4,0,0,0
1749676,2,F,C,B,HBACK,4,0,0,0
6664510,5,F,B,B,HBACK,1,0,0,0
4268086,2,F,F,D,HDTOP,4,0,0,0
232232,3,F,A,D,SEDAN,2,0,0,0
3062476,4,M,A,B,HBACK,3,0,0,0
4259262,5,M,A,D,SEDAN,2,0,0,0
3923545,4,M,A,D,SEDAN,4,0,0,0
8605326,4,F,C,C,HBACK,4,0,0,0
6921582,6,M,C,D,STNWG,3,0,0,0
1013351,3,M,C,B,STNWG,3,0,0,0
6258060,4,F,E,D,SEDAN,2,0,0,0
7746967,4,M,C,D,STNWG,2,0,0,0
9980219,1,F,A,D,SEDAN,2,0,0,0
5772279,3,F,C,C,SEDAN,4,0,0,0
2143084,5,M,E,D,UTE,3,0,0,0
7063979,3,F,A,B,STNWG,3,0,0,0
212231,2,F,C,C,STNWG,3,0,0,0
3105760,1,F,D,D,HDTOP,1,0,0,0
2725843,3,M,D,D,STNWG,4,0,0,0
6176300,3,M,C,B,HBACK,3,0,0,0
1801596,1,F,C,D,HBACK,2,0,0,0
8906353,5,F,C,B,HBACK,2,0,0,0
698444,3,M,C,B,SEDAN,3,0,0,0
7937554,2,F,A,B,HBACK,1,0,0,0
3153881,4,M,A,B,SEDAN,3,0,0,0
8144810,3,F,B,D,SEDAN,3,0,0,0
4643272,2,F,C,B,SEDAN,4,0,0,0
6531698,4,F,E,D,STNWG,4,0,0,0
8460391,4,M,B,B,HBACK,4,0,0,0
1202961,5,F,A,D,HBACK,4,0,0,0
9426826,5,F,B,D,SEDAN,3,0,0,0
1010707,5,F,C,D,HBACK,3,0,0,0
123202,3,M,A,B,STNWG,2,0,0,0
1838910,2,F,A,D,STNWG,3,0,0,0
4191463,5,M,C,B,HBACK,3,0,0,0
7694782,4,F,E,C,HBACK,3,0,0,0
4301340,5,M,C,D,COUPE,4,0,0,0
3479623,3,F,E,C,UTE,4,0,0,0
3402222,5,M,C,D,SEDAN,3,0,0,0
4338432,2,M,A,C,STNWG,2,0,0,0
3758880,2,M,A,B,HBACK,3,0,0,0
7227767,4,F,A,B,COUPE,3,0,0,0
1504704,6,M,A,D,PANVN,1,0,0,0
874947,2,M,A,D,SEDAN,1,0,0,0
1966016,4,F,C,D,SEDAN,3,0,0,0
8337598,4,F,A,D,HBACK,2,0,0,0
7436992,2,F,D,B,SEDAN,3,0,0,0
3596511,3,F,E,D,STNWG,1,0,0,0
97372,4,M,E,D,HDTOP,1,0,0,0
5509262,2,F,C,B,SEDAN,3,0,0,0
6365317,3,F,B,D,SEDAN,2,0,0,0
2440921,3,F,C,B,STNWG,3,0,0,0
7177312,5,F,B,D,SEDAN,4,0,0,0
567698,4,M,A,D,SEDAN,3,0,0,0
8476361,5,F,B,D,HBACK,4,0,0,0
8973086,1,F,B,B,HBACK,1,0,0,0
9020961,2,M,A,C,UTE,2,0,0,0
6991163,3,F,C,D,COUPE,4,0,0,0
1696535,4,M,A,D,SEDAN,2,0,0,0
1059814,2,F,A,C,UTE,1,0,0,0
1593878,3,M,C,B,HBACK,3,0,0,0
6604670,2,M,D,C,SEDAN,3,0,0,0
336544,2,F,B,D,HBACK,3,0,0,0
4274582,2,F,A,B,STNWG,2,0,0,0
7133597,1,F,D,B,HBACK,2,0,0,0
2364980,5,M,A,D,HBACK,4,1,1,200
4936532,5,M,D,D,SEDAN,1,0,0,0
7715730,2,M,A,D,SEDAN,4,0,0,0
1258608,5,F,E,B,HBACK,2,0,0,0
4718823,5,F,D,D,SEDAN,1,1,1,200
7867877,4,M,C,D,HBACK,2,0,0,0
4636879,1,M,A,D,HDTOP,2,0,0,0
9444693,4,F,A,D,UTE,1,0,0,0
2519223,4,M,A,D,HDTOP,2,0,0,0
8884467,3,M,D,C,UTE,1,0,0,0
2525704,3,M,B,D,UTE,2,0,0,0
7400139,5,M,C,D,SEDAN,4,0,0,0
2818563,4,M,C,D,STNWG,1,0,0,0
4735506,3,F,E,D,STNWG,4,0,0,0
1507183,6,M,D,C,STNWG,2,0,0,0
2434456,4,M,F,D,STNWG,3,0,0,0
2063533,5,F,B,B,HBACK,2,0,0,0
477252,5,M,B,D,BUS,4,0,0,0
849653,4,F,B,B,HBACK,2,0,0,0
9317480,4,F,E,D,SEDAN,4,0,0,0
4701802,3,M,B,D,SEDAN,1,0,0,0
4598889,3,M,C,C,COUPE,1,0,0,0
3807371,3,F,A,D,STNWG,2,0,0,0
401521,2,M,D,D,UTE,2,0,0,0
2809255,5,F,C,D,COUPE,4,0,0,0
6526499,3,M,C,D,STNWG,4,0,0,0
9374627,5,M,C,C,STNWG,2,0,0,0
1565700,4,F,A,D,HBACK,3,0,0,0
7867809,4,F,B,D,HBACK,4,0,0,0
11263,4,M,D,D,HDTOP,3,0,0,0
9434249,5,M,C,C,SEDAN,1,0,0,0
6792203,5,M,B,D,STNWG,4,0,0,0
6714254,5,M,C,D,UTE,4,0,0,0
4284580,4,F,C,C,SEDAN,2,0,0,0
6312593,3,F,D,B,STNWG,3,1,1,200
1013201,5,M,A,C,SEDAN,3,0,0,0
122046,4,M,D,D,SEDAN,3,0,0,0
3629566,2,F,F,C,STNWG,2,0,0,0
1566062,3,F,C,B,HBACK,2,0,0,0
2889739,4,M,A,C,STNWG,3,0,0,0
8965216,3,F,D,D,TRUCK,3,0,0,0
7175614,5,F,D,D,SEDAN,2,0,0,0
5032585,3,M,D,D,UTE,4,0,0,0
9116650,1,F,F,D,STNWG,4,0,0,0
7150346,3,F,F,D,STNWG,1,0,0,0
7992932,3,M,C,B,HBACK,1,0,0,0
3821891,1,M,B,D,SEDAN,2,1,1,200.0000004
1609155,2,F,B,B,SEDAN,3,0,0,0
4733928,4,F,A,D,HBACK,2,1,1,200
1859187,4,M,C,B,SEDAN,2,0,0,0
3924795,4,F,D,C,STNWG,3,0,0,0
9579440,4,M,B,C,STNWG,4,0,0,0
2745564,4,M,C,D,HBACK,2,0,0,0
5362835,3,F,A,B,HBACK,2,0,0,0
1439899,5,F,C,D,HBACK,1,0,0,0
682063,2,F,E,C,SEDAN,2,0,0,0
170088,1,F,A,B,HBACK,4,0,0,0
2600147,5,F,D,C,SEDAN,3,0,0,0
6191447,2,F,A,D,SEDAN,4,0,0,0
3041742,2,M,A,D,HBACK,3,0,0,0
7388048,2,M,C,D,SEDAN,1,1,1,4690.259995
9738130,5,F,C,C,SEDAN,4,0,0,0
1451667,4,F,C,D,SEDAN,4,0,0,0
4266503,4,F,E,B,SEDAN,3,0,0,0
7642217,3,M,B,D,PANVN,3,0,0,0
2875083,5,F,D,D,HBACK,2,0,0,0
276878,3,F,E,D,TRUCK,1,0,0,0
1159587,3,F,B,C,SEDAN,4,0,0,0
5977188,4,F,A,A,SEDAN,1,0,0,0
40996,5,M,A,D,SEDAN,1,0,0,0
7418958,3,M,A,B,HBACK,4,0,0,0
621819,4,M,C,C,SEDAN,2,0,0,0
2795671,3,F,B,D,SEDAN,3,0,0,0
6535600,3,M,A,D,SEDAN,4,0,0,0
8141004,5,M,C,D,SEDAN,3,0,0,0
4230663,1,M,A,D,UTE,2,0,0,0
2109889,2,F,D,D,UTE,3,0,0,0
5893743,4,F,A,D,STNWG,1,1,1,3226.539993
6292573,3,M,D,D,STNWG,1,0,0,0
2851779,5,F,D,D,SEDAN,4,0,0,0
4394160,2,M,B,C,SEDAN,4,0,0,0
4829854,2,F,D,D,STNWG,4,0,0,0
7657699,2,F,D,D,UTE,3,0,0,0
7183633,5,M,C,B,HBACK,4,0,0,0
920102,2,F,F,D,STNWG,2,0,0,0
5210893,1,F,A,B,HBACK,2,0,0,0
1597001,1,M,C,B,HBACK,3,0,0,0
7546152,4,M,B,D,HBACK,1,0,0,0
1426887,2,F,C,D,HBACK,3,0,0,0
76304,3,F,C,D,HBACK,3,0,0,0
2691152,5,F,A,B,HBACK,3,0,0,0
7203703,3,M,C,D,SEDAN,1,0,0,0
3008814,5,M,B,B,HBACK,1,0,0,0
7615704,4,F,C,B,HBACK,3,0,0,0
7647322,4,F,C,D,SEDAN,2,0,0,0
1272112,5,M,A,D,COUPE,4,0,0,0
688936,3,F,A,D,HBACK,4,0,0,0
7099401,5,F,C,C,SEDAN,2,0,0,0
4271887,1,M,E,D,STNWG,1,0,0,0
1963069,2,M,D,D,UTE,4,0,0,0
9266029,3,F,D,B,HBACK,2,0,0,0
4344689,1,M,D,D,TRUCK,3,0,0,0
4816368,5,F,C,D,HBACK,2,0,0,0
8956150,2,F,D,B,HBACK,1,0,0,0
6214914,5,M,B,D,SEDAN,1,0,0,0
342000,4,F,B,C,STNWG,3,0,0,0
1508949,6,F,C,D,HBACK,3,0,0,0
9870581,3,F,C,B,HBACK,2,0,0,0
8668351,5,F,C,B,HBACK,1,0,0,0
2746401,3,M,C,D,STNWG,2,0,0,0
3491890,6,F,F,D,HBACK,2,0,0,0
2585036,3,M,F,D,STNWG,3,0,0,0
7383568,3,F,A,D,SEDAN,4,0,0,0
586431,4,M,A,D,PANVN,4,0,0,0
2659849,5,F,F,D,SEDAN,4,0,0,0
7557514,2,M,C,D,UTE,1,0,0,0
99888,3,F,A,D,SEDAN,1,0,0,0
8909911,2,M,C,D,PANVN,3,0,0,0
8091879,4,M,F,D,STNWG,4,0,0,0
4052931,4,F,A,C,SEDAN,2,0,0,0
2179676,6,M,A,C,HBACK,3,0,0,0
6405822,4,M,C,C,COUPE,4,0,0,0
1759257,6,F,C,B,HBACK,3,0,0,0
8434533,1,F,A,A,SEDAN,1,0,0,0
3847090,4,M,C,C,STNWG,4,0,0,0
4576873,5,M,C,B,SEDAN,4,0,0,0
2357534,4,M,F,D,TRUCK,1,0,0,0
1313091,2,F,B,D,SEDAN,4,0,0,0
3709833,3,M,F,C,STNWG,2,0,0,0
6935693,4,F,E,D,SEDAN,1,0,0,0
5414279,5,F,A,B,SEDAN,3,0,0,0
8978540,2,M,C,D,UTE,4,0,0,0
9098547,4,F,B,B,HBACK,2,0,0,0
8827855,3,F,A,B,SEDAN,2,1,1,521.3499994
1016956,6,F,D,D,STNWG,4,0,0,0
8393421,5,M,D,C,STNWG,4,0,0,0
8291732,4,M,B,D,HBACK,4,0,0,0
1384305,3,M,E,C,STNWG,3,0,0,0
6847799,6,F,D,D,SEDAN,2,0,0,0
1635997,2,F,C,B,HBACK,3,0,0,0
6569034,3,F,A,B,SEDAN,4,0,0,0
8318151,5,F,C,B,SEDAN,2,0,0,0
4058427,2,M,D,D,SEDAN,4,0,0,0
9974460,3,F,A,D,HBACK,4,0,0,0
7062385,4,F,D,D,SEDAN,4,1,1,200
3933725,1,M,C,C,TRUCK,3,0,0,0
9722712,3,M,B,B,SEDAN,2,1,1,367.7299995
9368031,3,F,C,D,HBACK,1,0,0,0
5099340,2,M,B,C,STNWG,2,0,0,0
730956,3,F,B,D,SEDAN,1,0,0,0
5383805,3,M,B,D,STNWG,3,0,0,0
2490296,3,M,C,C,SEDAN,4,0,0,0
623280,5,F,E,D,STNWG,4,0,0,0
1669657,6,F,C,D,HBACK,4,0,0,0
7193684,3,M,C,D,SEDAN,3,1,1,200
5426400,2,F,F,D,STNWG,3,0,0,0
2957555,3,F,A,D,STNWG,4,0,0,0
3065042,6,M,C,D,HBACK,4,0,0,0
486681,4,F,D,D,SEDAN,1,0,0,0
9414784,3,F,C,D,HBACK,2,0,0,0
1222009,4,F,C,D,UTE,3,0,0,0
6923028,4,M,A,D,STNWG,2,0,0,0
7415940,4,F,F,D,STNWG,4,0,0,0
1171112,3,F,C,D,SEDAN,3,0,0,0
2099478,5,M,D,D,UTE,2,0,0,0
2059697,4,F,C,D,SEDAN,3,0,0,0
3654418,5,F,E,D,UTE,1,0,0,0
4808431,2,F,F,C,STNWG,1,1,1,353.77
9496974,6,F,D,D,SEDAN,4,0,0,0
832657,5,M,D,D,SEDAN,4,0,0,0
7541804,3,M,A,B,HBACK,3,0,0,0
2493515,3,M,A,C,STNWG,3,0,0,0
888182,4,M,A,D,STNWG,4,0,0,0
7164301,3,F,A,B,HBACK,2,1,1,200
2286306,4,F,C,C,SEDAN,1,0,0,0
5007168,1,F,F,B,HBACK,2,1,1,369
5073091,5,F,C,D,HBACK,4,0,0,0
2474047,6,M,B,B,HBACK,2,0,0,0
4364336,3,F,B,D,SEDAN,1,0,0,0
2513742,1,F,A,B,HBACK,2,0,0,0
1912926,5,M,A,D,SEDAN,1,0,0,0
6214009,4,F,F,D,HBACK,2,0,0,0
8339297,3,F,C,B,HBACK,1,0,0,0
3343746,3,M,B,D,SEDAN,3,0,0,0
6587209,5,M,A,D,STNWG,1,0,0,0
1450177,4,F,B,D,HBACK,2,0,0,0
8860692,6,M,C,B,HBACK,1,0,0,0
4946950,4,M,F,D,STNWG,3,0,0,0
9643103,2,F,B,B,HBACK,1,0,0,0
723326,5,M,E,D,UTE,2,0,0,0
6185229,4,F,D,B,HBACK,1,0,0,0
2110946,5,F,E,B,HBACK,3,0,0,0
8833752,5,M,E,C,STNWG,1,0,0,0
7784181,3,F,B,B,HBACK,2,0,0,0
4247721,2,F,C,D,STNWG,3,0,0,0
9250772,1,M,D,B,SEDAN,3,0,0,0
9358881,3,M,B,B,HBACK,1,0,0,0
4956098,4,F,E,C,STNWG,3,0,0,0
9954485,5,M,E,C,STNWG,3,0,0,0
4060498,4,M,B,D,SEDAN,4,0,0,0
6732272,6,M,A,D,STNWG,2,0,0,0
3000292,4,M,D,D,STNWG,2,0,0,0
1815425,2,F,C,B,HBACK,1,0,0,0
7173142,2,F,A,D,HBACK,2,1,1,610.7999992
8079168,2,F,C,D,HBACK,3,0,0,0
2186117,3,M,E,D,UTE,2,0,0,0
7267068,2,F,F,B,HBACK,1,0,0,0
4063074,5,F,D,D,SEDAN,4,0,0,0
8387116,3,M,A,D,SEDAN,4,0,0,0
5402027,2,M,C,D,SEDAN,4,0,0,0
8088058,5,M,A,D,STNWG,1,0,0,0
166550,6,F,A,D,HBACK,2,0,0,0
524228,3,M,A,D,STNWG,3,0,0,0
3113780,3,M,B,D,HBACK,2,0,0,0
1581972,3,F,C,C,HBACK,4,0,0,0
3480622,3,M,D,D,HBACK,4,0,0,0
7198695,5,M,A,C,SEDAN,2,0,0,0
7137222,4,F,C,D,SEDAN,4,0,0,0
6510663,1,M,B,D,COUPE,4,0,0,0
7138754,3,F,D,D,STNWG,1,0,0,0
2120627,4,F,B,B,HBACK,4,0,0,0
3724120,3,F,C,D,SEDAN,1,0,0,0
9488030,1,F,D,B,HBACK,2,0,0,0
4351949,6,M,E,D,SEDAN,2,0,0,0
1368100,1,F,F,B,SEDAN,2,0,0,0
494364,5,F,B,D,UTE,3,0,0,0
3394402,5,M,B,D,SEDAN,1,0,0,0
7975465,5,M,E,D,HDTOP,4,0,0,0
3005250,4,M,A,D,SEDAN,3,0,0,0
3689577,4,F,C,D,STNWG,2,0,0,0
7237364,4,F,A,D,STNWG,1,0,0,0
2592387,5,F,E,C,STNWG,1,0,0,0
7764202,3,F,D,C,UTE,3,0,0,0
3207362,2,M,C,D,SEDAN,4,0,0,0
4257678,4,F,A,D,MIBUS,4,0,0,0
1277111,4,M,E,D,UTE,4,0,0,0
4908052,4,F,C,D,HBACK,3,0,0,0
3867072,2,F,F,D,HDTOP,3,0,0,0
8800414,2,M,B,C,STNWG,4,0,0,0
7189672,2,F,C,D,STNWG,2,0,0,0
5583711,4,M,D,D,STNWG,3,0,0,0
577547,5,M,A,B,SEDAN,2,0,0,0
8155985,5,M,C,C,HBACK,4,0,0,0
5119008,1,F,E,B,HBACK,3,0,0,0
9322181,2,F,A,B,HBACK,4,0,0,0
103028,5,M,D,C,HBACK,4,0,0,0
3206523,6,M,C,C,HBACK,3,0,0,0
5338020,5,M,B,D,PANVN,4,0,0,0
4759173,3,M,B,D,STNWG,4,0,0,0
2062682,3,F,B,C,SEDAN,2,0,0,0
2766746,4,M,B,D,SEDAN,1,0,0,0
4211083,3,F,C,C,SEDAN,1,0,0,0
6373160,5,M,C,B,SEDAN,2,1,1,2458.969994
4120594,2,F,C,D,SEDAN,4,0,0,0
3872445,6,M,C,D,STNWG,2,0,0,0
2549646,5,M,D,C,STNWG,1,0,0,0
9331689,3,M,A,D,HBACK,4,0,0,0
4775942,5,F,A,B,HBACK,2,0,0,0
4384164,3,M,C,D,HBACK,1,0,0,0
8052819,3,F,A,D,SEDAN,4,0,0,0
4471638,4,M,A,D,UTE,2,0,0,0
3973389,5,M,C,D,STNWG,1,0,0,0
4934909,5,F,B,D,STNWG,4,0,0,0
3266863,4,M,A,C,STNWG,2,0,0,0
3142203,4,M,A,A,SEDAN,4,0,0,0
2518580,4,F,C,D,MIBUS,3,1,1,1555.609997
6371994,6,M,C,D,SEDAN,1,0,0,0
952227,3,M,C,C,SEDAN,1,0,0,0
9682438,5,F,C,D,HBACK,1,0,0,0
272271,6,F,C,D,HBACK,3,0,0,0
7418599,4,F,C,C,UTE,4,0,0,0
1151681,5,F,C,D,SEDAN,1,0,0,0
4231555,4,M,A,C,SEDAN,3,0,0,0
3324991,3,F,D,B,HBACK,2,0,0,0
9543074,2,F,D,D,SEDAN,4,0,0,0
5281024,2,F,E,D,STNWG,1,0,0,0
9037716,5,F,E,B,HBACK,2,0,0,0
2052338,2,F,B,D,SEDAN,4,0,0,0
3596436,3,F,C,B,HBACK,3,0,0,0
214227,5,M,C,D,SEDAN,2,0,0,0
6131051,5,F,C,B,HBACK,1,0,0,0
5950321,1,F,D,D,STNWG,4,0,0,0
4262128,4,M,A,D,HBACK,3,0,0,0
538757,6,M,A,C,SEDAN,2,0,0,0
7974634,4,F,A,B,SEDAN,3,0,0,0
9434956,4,M,C,B,HBACK,3,0,0,0
4806027,3,F,B,D,SEDAN,1,0,0,0
9522339,3,F,D,B,SEDAN,1,0,0,0
4545680,4,F,A,D,SEDAN,3,0,0,0
8332538,4,F,A,D,SEDAN,4,0,0,0
3215788,4,M,C,D,HBACK,2,0,0,0
8955507,1,F,B,B,SEDAN,3,0,0,0
7055574,4,F,A,D,SEDAN,1,0,0,0
900568,2,F,A,D,STNWG,3,0,0,0
6171994,3,F,E,C,STNWG,2,0,0,0
3926347,5,F,A,D,HBACK,4,0,0,0
2922608,6,F,A,C,HBACK,4,0,0,0
7143548,2,M,A,D,SEDAN,4,0,0,0
8086412,4,F,B,B,HBACK,3,0,0,0
9319603,2,F,C,B,SEDAN,3,1,1,524.2799997
8874863,2,F,F,D,SEDAN,4,0,0,0
5164927,4,M,C,D,STNWG,3,0,0,0
6802044,4,F,A,D,SEDAN,3,0,0,0
4061838,3,F,C,D,SEDAN,4,0,0,0
6237137,3,F,B,B,SEDAN,3,0,0,0
3141863,1,M,E,C,UTE,1,0,0,0
4703804,4,F,B,B,HBACK,1,0,0,0
5529214,3,M,C,C,HBACK,4,0,0,0
2626509,5,M,A,D,SEDAN,2,0,0,0
370648,3,F,C,D,SEDAN,2,0,0,0
9017286,3,F,C,D,SEDAN,4,0,0,0
6300326,3,F,C,B,HBACK,1,0,0,0
6852923,5,F,C,D,SEDAN,4,0,0,0
3402640,2,F,E,B,SEDAN,2,0,0,0
51434,2,F,C,D,HDTOP,3,0,0,0
9734714,4,M,B,D,SEDAN,4,0,0,0
2851276,1,F,A,D,STNWG,2,0,0,0
707527,5,M,D,D,HBACK,4,0,0,0
2532356,2,F,D,D,STNWG,4,0,0,0
2812707,4,F,B,D,HBACK,3,0,0,0
5212418,2,F,B,D,SEDAN,2,1,1,2505.25
4791753,2,M,C,C,STNWG,2,0,0,0
9675837,4,M,A,C,RDSTR,1,0,0,0
582032,2,M,B,D,SEDAN,3,0,0,0
3600779,4,F,B,D,HBACK,2,0,0,0
9187036,2,F,C,D,SEDAN,3,0,0,0
5006232,2,F,C,B,HBACK,3,0,0,0
4562846,3,M,B,B,SEDAN,2,0,0,0
1918373,3,M,B,D,STNWG,3,0,0,0
3937990,3,F,E,D,HDTOP,2,0,0,0
3330924,4,F,D,B,SEDAN,4,0,0,0
8696126,3,F,C,D,SEDAN,2,1,1,2805.099999
9329226,5,F,E,D,HBACK,1,0,0,0
8530853,1,M,D,C,STNWG,1,0,0,0
4472725,1,F,C,D,HBACK,4,0,0,0
3037426,6,F,B,D,SEDAN,3,0,0,0
3668912,4,M,A,D,STNWG,4,0,0,0
9420708,2,F,B,B,HBACK,4,0,0,0
2659489,6,M,A,D,SEDAN,1,0,0,0
9555339,3,F,E,C,STNWG,2,0,0,0
55201,6,F,C,D,HBACK,1,0,0,0
3819353,3,F,B,D,STNWG,2,0,0,0
712049,4,M,C,C,HBACK,3,0,0,0
1198535,4,M,D,D,SEDAN,2,0,0,0
8885958,2,M,C,D,UTE,2,0,0,0
6843191,4,F,E,D,SEDAN,2,0,0,0
7096201,1,M,C,D,UTE,3,0,0,0
7009889,2,F,F,D,STNWG,3,0,0,0
1818591,4,F,D,B,COUPE,3,0,0,0
9034068,1,M,A,A,SEDAN,4,0,0,0
2434097,4,M,D,B,STNWG,2,0,0,0
1412093,5,M,B,B,SEDAN,2,0,0,0
6515371,4,F,A,D,SEDAN,1,0,0,0
5266641,4,F,C,D,SEDAN,1,0,0,0
1448864,6,F,C,B,STNWG,1,0,0,0
97321,5,F,F,D,SEDAN,4,0,0,0
91718,2,F,B,C,HBACK,3,0,0,0
8812388,5,F,B,C,SEDAN,2,0,0,0
104147,4,M,D,D,UTE,4,0,0,0
9632333,3,M,A,D,STNWG,3,0,0,0
466803,2,F,A,D,SEDAN,2,0,0,0
5285737,6,F,E,B,SEDAN,4,0,0,0
1446703,2,F,E,D,SEDAN,4,0,0,0
1442450,4,F,A,D,TRUCK,4,0,0,0
887340,4,F,A,B,HBACK,2,0,0,0
9402692,2,M,E,D,STNWG,4,0,0,0
7766088,1,M,B,D,SEDAN,2,0,0,0
1360958,3,M,A,D,STNWG,2,0,0,0
6815704,6,M,C,B,HBACK,2,0,0,0
1510562,4,F,A,D,UTE,3,0,0,0
4121713,3,M,A,D,HBACK,3,0,0,0
1199759,1,F,E,D,HBACK,3,1,1,450
2706396,1,F,F,D,TRUCK,4,0,0,0
6278208,5,F,B,C,STNWG,1,0,0,0
420840,5,F,B,D,HBACK,4,1,1,947.75
881007,4,M,C,B,HBACK,2,0,0,0
3311187,2,M,C,D,HDTOP,3,1,1,14011.94998
7790292,4,M,C,B,SEDAN,3,0,0,0
2615728,3,F,A,B,HBACK,1,0,0,0
9082431,5,M,C,D,SEDAN,3,0,0,0
6262396,4,F,F,D,STNWG,4,0,0,0
8427664,4,M,A,B,SEDAN,2,0,0,0
7983728,3,F,C,B,SEDAN,4,0,0,0
1002590,4,F,B,D,HBACK,4,0,0,0
2632248,5,F,E,B,SEDAN,4,0,0,0
5783935,5,F,D,B,HBACK,2,1,1,1697.66
2884215,4,F,C,B,HBACK,2,0,0,0
3827915,4,M,C,D,STNWG,3,1,1,389.9499998
9618096,4,M,E,D,STNWG,4,1,1,638.3299999
2187121,3,F,A,D,SEDAN,1,0,0,0
300536,4,M,A,C,RDSTR,1,0,0,0
5023730,3,F,E,B,STNWG,2,0,0,0
7884673,1,M,B,D,HBACK,2,1,1,16590.90991
5988725,2,M,A,D,STNWG,4,0,0,0
8140113,6,F,A,B,SEDAN,3,0,0,0
2770344,3,M,D,B,STNWG,1,0,0,0
9043180,2,M,C,D,HDTOP,3,0,0,0
2250711,3,F,A,D,MIBUS,4,0,0,0
1683106,4,F,A,D,STNWG,3,0,0,0
7781049,2,F,A,B,HBACK,2,0,0,0
9456737,3,M,A,C,SEDAN,3,0,0,0
5496175,1,F,B,D,HBACK,2,0,0,0
4109153,1,F,F,D,HBACK,1,0,0,0
4682058,5,F,A,D,SEDAN,2,0,0,0
2324543,1,M,A,D,HBACK,4,0,0,0
5478953,4,F,C,D,SEDAN,2,0,0,0
3697159,5,F,A,D,SEDAN,3,1,1,1301.75
3593974,4,F,C,C,HBACK,3,0,0,0
2691467,3,M,F,C,STNWG,2,0,0,0
5416655,2,M,B,C,HBACK,3,0,0,0
827030,3,F,C,D,SEDAN,3,0,0,0
7142159,5,F,C,B,SEDAN,3,0,0,0
9012130,5,M,A,D,HBACK,4,0,0,0
3393158,6,F,A,D,HBACK,4,0,0,0
7422013,3,M,B,B,HBACK,4,0,0,0
6395643,4,M,B,D,PANVN,3,0,0,0
9794499,3,F,C,B,HBACK,3,0,0,0
2043502,4,F,E,D,SEDAN,3,0,0,0
5335249,3,F,A,D,STNWG,4,0,0,0
6268486,2,F,A,B,HBACK,1,0,0,0
2263754,6,F,E,D,SEDAN,3,0,0,0
4687693,2,M,F,D,UTE,4,0,0,0
8652293,3,F,C,B,HBACK,1,0,0,0
6791362,4,F,C,B,HBACK,4,0,0,0
5872680,3,F,B,D,SEDAN,3,0,0,0
3943670,3,F,C,D,SEDAN,4,0,0,0
2243250,2,F,C,D,SEDAN,1,0,0,0
6836381,1,M,E,D,UTE,3,0,0,0
1637687,3,M,A,B,SEDAN,3,1,1,200
5867826,3,F,C,D,HBACK,4,0,0,0
7620098,1,F,A,D,HBACK,4,0,0,0
7768351,1,F,C,B,HBACK,2,0,0,0
5429313,2,F,C,D,HBACK,3,1,1,200
1151744,5,M,B,B,STNWG,1,0,0,0
6838560,3,F,F,D,UTE,3,1,1,2404.239998
7375250,2,F,A,C,SEDAN,3,0,0,0
1706514,3,F,B,C,SEDAN,2,0,0,0
3234638,3,F,B,D,SEDAN,1,0,0,0
5110731,1,F,C,D,HBACK,3,0,0,0
9146463,4,F,F,B,HBACK,1,0,0,0
1954908,4,M,A,D,HBACK,2,0,0,0
595335,4,M,A,D,HBACK,2,0,0,0
6481172,4,M,A,D,SEDAN,4,0,0,0
7985670,5,M,C,B,HBACK,2,0,0,0
2554766,6,M,A,D,SEDAN,4,0,0,0
8450315,5,F,C,D,SEDAN,1,0,0,0
1004278,3,F,C,D,STNWG,2,0,0,0
8200513,6,F,B,B,SEDAN,2,0,0,0
8377265,4,F,A,D,SEDAN,2,0,0,0
601380,6,F,E,D,HBACK,3,0,0,0
7972140,6,M,B,D,SEDAN,1,0,0,0
6826914,2,F,B,B,HBACK,1,0,0,0
8906625,5,F,E,D,UTE,3,0,0,0
7182578,5,F,C,D,SEDAN,1,0,0,0
302108,6,F,B,D,HBACK,3,0,0,0
8087246,6,F,C,D,HBACK,4,0,0,0
5343615,5,M,D,D,TRUCK,4,0,0,0
1450047,2,F,A,B,HBACK,2,0,0,0
8298953,1,M,A,D,HBACK,1,0,0,0
8213292,3,F,A,D,STNWG,4,0,0,0
5453192,4,M,C,D,SEDAN,3,1,1,296.2199998
2179404,3,F,D,D,MIBUS,4,0,0,0
6902602,3,M,C,D,UTE,3,0,0,0
4331078,1,F,C,D,HBACK,4,0,0,0
6800425,4,M,A,D,STNWG,4,0,0,0
458718,4,M,B,D,STNWG,2,1,1,1957.23
5501515,3,F,C,D,SEDAN,2,0,0,0
5651850,4,F,B,C,STNWG,1,0,0,0
1967052,5,F,E,B,HBACK,3,0,0,0
8400158,4,M,A,D,STNWG,4,0,0,0
7555358,2,F,F,D,STNWG,3,0,0,0
7666167,4,M,A,B,HBACK,3,0,0,0
3476743,4,M,D,D,HDTOP,4,0,0,0
9896332,6,F,A,D,HBACK,2,0,0,0
3564675,1,F,A,C,SEDAN,2,0,0,0
9926675,4,F,B,D,HBACK,3,0,0,0
1815033,3,M,B,B,HBACK,4,0,0,0
2790276,4,M,E,D,STNWG,3,0,0,0
9891785,3,M,B,B,SEDAN,4,0,0,0
9985617,1,M,C,B,HBACK,2,0,0,0
9975066,4,M,E,D,STNWG,2,0,0,0
2481212,5,M,E,D,SEDAN,1,0,0,0
9291525,4,F,C,D,SEDAN,1,0,0,0
7434566,2,F,B,D,UTE,4,0,0,0
5221781,4,F,B,B,HBACK,2,0,0,0
9200649,3,M,E,C,STNWG,1,0,0,0
9433912,2,M,B,D,STNWG,4,0,0,0
4713979,4,M,D,B,HBACK,4,0,0,0
6957975,2,F,B,D,SEDAN,3,0,0,0
6501792,4,F,D,C,SEDAN,2,0,0,0
7607133,3,M,F,C,STNWG,2,0,0,0
7139170,1,M,D,D,UTE,2,1,1,200
912081,2,M,B,D,STNWG,3,0,0,0
5435770,2,M,A,D,SEDAN,1,0,0,0
9705614,4,F,F,D,UTE,1,0,0,0
5407606,2,F,A,B,HBACK,3,0,0,0
4353938,3,F,A,B,HBACK,1,0,0,0
5972917,6,F,C,B,HBACK,1,0,0,0
9172482,1,M,B,D,SEDAN,3,0,0,0
5267890,4,M,D,C,STNWG,2,0,0,0
3149486,2,F,C,D,SEDAN,2,0,0,0
9418170,2,M,A,C,STNWG,2,1,1,353.77
3730675,3,M,A,B,HBACK,1,0,0,0
2718164,1,F,A,B,HBACK,3,0,0,0
8519701,4,F,C,B,HBACK,1,0,0,0
1769106,1,F,D,B,HBACK,3,0,0,0
5212093,2,F,B,B,SEDAN,3,0,0,0
1684915,3,M,A,D,UTE,4,0,0,0
3488053,2,F,A,B,HBACK,2,0,0,0
9278884,4,M,D,B,HBACK,3,0,0,0
3856364,2,M,B,D,STNWG,4,0,0,0
9854065,2,F,C,C,STNWG,1,0,0,0
6524180,4,M,C,B,COUPE,4,0,0,0
2037328,5,M,E,D,PANVN,4,0,0,0
2762874,3,F,C,D,STNWG,3,0,0,0
3557686,3,F,A,D,SEDAN,2,0,0,0
6002347,4,M,E,D,UTE,3,0,0,0
2217301,2,M,A,D,HBACK,4,0,0,0
408983,6,F,C,D,HDTOP,3,0,0,0
6386854,3,M,F,D,STNWG,3,0,0,0
8392842,4,M,D,C,STNWG,4,0,0,0
2715369,4,F,E,D,STNWG,4,0,0,0
3882268,3,M,E,B,SEDAN,3,0,0,0
1516610,1,F,D,D,UTE,3,0,0,0
8157115,6,M,E,D,STNWG,4,0,0,0
122687,4,F,A,D,HBACK,4,0,0,0
9147042,3,F,B,D,MIBUS,4,1,1,725.8499985
6036464,3,F,E,D,SEDAN,3,0,0,0
1762459,3,F,E,D,SEDAN,3,0,0,0
1894809,3,M,C,B,HBACK,1,0,0,0
543872,3,M,C,B,STNWG,2,0,0,0
1685515,6,M,E,D,UTE,3,0,0,0
1992993,4,F,C,D,SEDAN,4,0,0,0
7156427,5,F,A,B,HBACK,3,0,0,0
961223,6,M,C,B,HBACK,3,0,0,0
5395322,5,M,B,C,STNWG,4,0,0,0
5463448,4,M,E,D,STNWG,3,0,0,0
9351327,2,F,A,D,STNWG,1,1,1,1407.25
2180072,4,F,D,D,STNWG,1,0,0,0
4603888,3,M,A,D,STNWG,3,0,0,0
884011,4,M,B,D,HBACK,3,0,0,0
3951834,3,M,A,A,SEDAN,2,0,0,0
8353637,2,M,B,D,HBACK,4,0,0,0
1590956,3,M,A,D,STNWG,2,0,0,0
9813423,2,M,C,D,SEDAN,2,0,0,0
8503471,5,M,E,D,SEDAN,2,0,0,0
3000251,2,M,A,D,SEDAN,2,1,1,1216.800018
8547151,6,M,C,D,STNWG,1,0,0,0
4603887,2,M,F,C,STNWG,3,0,0,0
6737,4,M,C,D,HBACK,3,1,1,401.8054514
7087666,5,M,B,D,HBACK,2,0,0,0
7472816,3,F,C,D,TRUCK,2,0,0,0
1252421,4,M,A,D,SEDAN,1,0,0,0
4706896,6,F,D,B,SEDAN,4,0,0,0
5368850,1,M,B,D,STNWG,4,0,0,0
7279252,3,M,A,D,HBACK,2,0,0,0
9727519,2,M,B,D,TRUCK,4,0,0,0
3391167,6,F,E,B,SEDAN,3,0,0,0
44825,4,M,F,B,STNWG,1,0,0,0
2996889,4,F,D,C,SEDAN,3,0,0,0
4892164,1,F,C,B,HBACK,3,0,0,0
9514224,5,M,A,D,UTE,3,0,0,0
351004,3,M,A,D,STNWG,2,0,0,0
3878114,5,M,D,D,STNWG,3,0,0,0
1057102,3,F,B,D,HBACK,1,0,0,0
7067669,5,M,C,C,STNWG,2,1,1,5813.25
6179082,1,F,D,B,HBACK,2,0,0,0
284535,2,F,C,D,SEDAN,4,0,0,0
281600,3,M,A,D,HBACK,4,0,0,0
612585,3,F,F,D,SEDAN,2,0,0,0
4305047,2,F,A,C,HBACK,4,0,0,0
5942867,1,F,A,D,HBACK,4,0,0,0
2468296,5,F,C,C,STNWG,4,0,0,0
2983371,5,M,B,B,HBACK,2,0,0,0
3710325,2,M,C,C,STNWG,4,0,0,0
4977100,3,M,E,C,TRUCK,3,0,0,0
3756211,4,M,A,C,SEDAN,1,0,0,0
514819,3,F,C,D,MIBUS,4,0,0,0
2598032,4,F,C,B,STNWG,1,0,0,0
5421067,3,F,B,B,HBACK,3,0,0,0
5330972,3,M,D,D,UTE,4,0,0,0
7272294,4,M,F,C,STNWG,1,0,0,0
7408172,3,F,A,C,TRUCK,4,0,0,0
8500583,5,M,C,D,SEDAN,3,0,0,0
5393762,2,M,D,B,HBACK,2,0,0,0
6114475,5,M,E,C,STNWG,4,0,0,0
9859677,2,F,F,D,TRUCK,3,0,0,0
6433500,4,F,B,B,HBACK,3,0,0,0
8708416,4,F,A,D,SEDAN,2,0,0,0
789503,4,F,C,D,SEDAN,4,0,0,0
4114849,3,M,A,D,SEDAN,2,0,0,0
4422600,2,F,B,B,HBACK,1,0,0,0
369574,2,F,C,B,SEDAN,3,0,0,0
1701578,4,F,C,D,HBACK,1,0,0,0
9729646,4,F,D,B,SEDAN,3,0,0,0
5455231,4,F,A,D,SEDAN,2,0,0,0
6419487,5,M,C,D,UTE,3,0,0,0
3497447,5,F,B,B,HBACK,2,0,0,0
6633024,2,F,A,B,HBACK,2,0,0,0
9138701,3,F,B,B,HBACK,2,0,0,0
6067078,6,F,E,B,HBACK,1,0,0,0
6033680,3,F,C,D,SEDAN,4,1,1,200
2682912,6,M,C,B,HBACK,2,0,0,0
3872156,4,F,E,C,UTE,4,0,0,0
4214173,2,F,A,A,STNWG,1,0,0,0
7653089,2,F,B,D,UTE,4,0,0,0
1078950,2,F,A,B,SEDAN,2,0,0,0
8216692,3,F,E,D,STNWG,3,0,0,0
7385005,2,M,A,C,SEDAN,2,0,0,0
9875,3,M,D,D,HBACK,3,0,0,0
2352449,3,F,C,C,SEDAN,2,0,0,0
3778487,6,F,D,D,SEDAN,3,0,0,0
9203512,3,M,E,D,HDTOP,1,0,0,0
5687243,2,M,A,C,STNWG,2,0,0,0
8343038,2,M,F,D,STNWG,4,0,0,0
433165,6,F,C,D,SEDAN,4,0,0,0
901843,3,M,A,D,HDTOP,4,0,0,0
6113459,6,M,E,C,TRUCK,3,0,0,0
2995406,6,M,C,D,SEDAN,3,0,0,0
3542281,2,M,C,C,STNWG,2,1,1,847.9799995
1763353,2,F,C,B,HBACK,3,0,0,0
1028604,3,F,D,D,UTE,3,0,0,0
391649,2,F,C,D,MIBUS,2,0,0,0
7694674,4,F,A,D,STNWG,4,0,0,0
164038,5,M,A,D,UTE,4,0,0,0
7233435,1,M,D,C,STNWG,3,0,0,0
5883860,3,F,D,D,HBACK,1,0,0,0
2725037,5,F,C,D,SEDAN,3,0,0,0
3005633,2,F,A,D,STNWG,3,0,0,0
8758461,6,M,D,C,HDTOP,4,0,0,0
6678034,6,M,A,B,STNWG,1,0,0,0
1716282,2,F,F,D,STNWG,4,0,0,0
581295,2,F,A,D,SEDAN,4,0,0,0
8837648,4,M,C,D,SEDAN,3,0,0,0
9415615,4,M,A,D,HBACK,4,0,0,0
2249616,2,M,B,D,COUPE,4,1,1,2690.82
689949,3,M,B,C,STNWG,4,0,0,0
3835639,3,M,B,C,TRUCK,3,0,0,0
609759,1,F,A,D,SEDAN,4,0,0,0
36135,1,M,C,A,TRUCK,1,1,1,200
7551463,2,F,B,D,SEDAN,3,0,0,0
5343273,2,F,D,D,STNWG,4,0,0,0
2809959,5,M,F,C,TRUCK,3,0,0,0
1125497,4,F,D,D,STNWG,4,0,0,0
4894482,1,F,F,D,STNWG,2,1,2,2646.139995
3398961,6,F,E,B,SEDAN,2,0,0,0
7557386,4,F,C,D,SEDAN,3,0,0,0
1210882,5,M,D,D,STNWG,2,0,0,0
2286326,4,F,D,C,STNWG,4,0,0,0
4742612,6,F,B,D,SEDAN,3,0,0,0
5460716,3,F,E,D,STNWG,4,0,0,0
8503420,5,F,A,D,HBACK,2,0,0,0
2955762,2,F,B,D,SEDAN,3,0,0,0
2748013,1,F,F,D,UTE,4,0,0,0
9818060,5,F,A,B,HBACK,2,0,0,0
5205624,4,M,C,D,SEDAN,4,0,0,0
1274733,1,F,C,D,UTE,2,0,0,0
1734628,1,M,C,D,SEDAN,2,1,1,7357.509995
2689442,1,M,A,C,SEDAN,4,0,0,0
494912,3,M,B,B,HBACK,2,0,0,0
1426281,4,M,A,B,HBACK,2,0,0,0
483938,5,F,C,D,STNWG,4,1,1,4057.809998
5134157,1,F,A,D,SEDAN,3,0,0,0
2277825,5,F,E,D,SEDAN,1,0,0,0
1140717,1,F,C,B,SEDAN,2,0,0,0
977535,5,F,C,D,HBACK,4,0,0,0
2934192,2,F,C,D,MIBUS,4,1,1,4539.859985
3003933,5,M,A,D,COUPE,4,0,0,0
9413078,6,F,A,D,SEDAN,3,0,0,0
5063137,1,F,C,B,SEDAN,4,0,0,0
2489768,1,M,A,D,STNWG,3,0,0,0
6967957,1,M,B,C,STNWG,2,0,0,0
6445679,1,M,D,D,STNWG,3,0,0,0
4064258,3,M,B,D,UTE,2,0,0,0
7383560,3,M,C,B,HBACK,1,0,0,0
3736479,3,M,A,D,SEDAN,4,0,0,0
8413449,4,F,B,C,HBACK,2,0,0,0
2541476,5,M,B,D,UTE,4,0,0,0
7972786,3,F,B,D,SEDAN,1,0,0,0
3945017,5,F,D,C,SEDAN,1,0,0,0
9656140,3,F,B,B,HBACK,3,0,0,0
8453065,5,M,A,D,UTE,4,0,0,0
721321,5,M,C,B,COUPE,4,0,0,0
1836369,3,F,C,B,HBACK,2,0,0,0
2596484,6,F,C,D,SEDAN,4,0,0,0
5646179,4,F,B,D,HBACK,2,0,0,0
7651810,5,M,B,D,SEDAN,4,0,0,0
1324607,4,M,A,D,STNWG,1,0,0,0
4257784,6,M,D,D,SEDAN,1,0,0,0
538839,6,M,C,D,HBACK,2,0,0,0
2508232,2,F,A,B,HBACK,2,0,0,0
2276648,4,F,A,B,HBACK,1,0,0,0
8164415,4,M,B,D,UTE,4,0,0,0
5092949,4,M,D,C,STNWG,4,0,0,0
2491841,5,M,D,D,STNWG,1,0,0,0
1331236,3,F,D,C,STNWG,3,0,0,0
6427944,4,M,C,D,STNWG,2,0,0,0
5222423,5,F,C,D,HBACK,4,0,0,0
6130803,6,M,A,D,SEDAN,3,0,0,0
3267968,5,F,E,D,STNWG,2,0,0,0
4061148,4,F,B,B,HBACK,1,0,0,0
5301766,2,F,A,D,STNWG,1,0,0,0
8765306,5,M,C,D,STNWG,4,0,0,0
7649272,4,M,B,D,UTE,3,0,0,0
2437889,6,M,E,D,SEDAN,2,0,0,0
4466674,3,M,B,D,COUPE,4,1,1,1581.41
8799718,1,F,D,D,STNWG,2,0,0,0
910562,2,M,A,C,SEDAN,3,0,0,0
6039360,2,F,C,D,SEDAN,4,0,0,0
1731110,5,F,C,C,HBACK,3,0,0,0
5384882,3,M,B,D,UTE,2,0,0,0
7570536,1,M,E,D,STNWG,4,0,0,0
2357132,2,M,B,D,HBACK,2,0,0,0
5702045,3,F,F,D,STNWG,3,0,0,0
9735695,5,F,C,D,MCARA,4,0,0,0
9012070,6,M,C,B,HBACK,1,0,0,0
5196475,1,F,A,C,STNWG,4,0,0,0
7914115,2,M,C,D,HBACK,2,0,0,0
7830293,3,F,A,B,SEDAN,3,0,0,0
2229334,6,M,C,C,HBACK,4,0,0,0
9844108,1,M,E,C,TRUCK,1,0,0,0
8656633,4,F,C,D,STNWG,1,0,0,0
5292704,5,M,B,C,STNWG,1,0,0,0
395487,4,M,C,B,SEDAN,2,0,0,0
2480753,2,F,C,B,SEDAN,3,0,0,0
2737632,1,M,A,B,COUPE,1,0,0,0
256527,3,M,C,B,HBACK,1,0,0,0
2117867,5,F,A,D,HBACK,3,0,0,0
9435622,5,F,B,C,SEDAN,4,0,0,0
42249,3,F,E,C,STNWG,1,0,0,0
3289539,4,M,F,D,STNWG,4,0,0,0
8744879,5,F,B,B,HBACK,3,0,0,0
7365672,6,F,D,D,HBACK,1,0,0,0
7868557,3,F,B,D,STNWG,4,0,0,0
2596701,6,M,C,D,UTE,4,0,0,0
2457120,2,M,F,D,HDTOP,4,0,0,0
6034258,3,M,A,D,SEDAN,4,0,0,0
6874716,3,M,D,C,STNWG,3,0,0,0
6292633,5,F,C,D,MCARA,3,0,0,0
5565984,5,M,D,D,STNWG,3,0,0,0
6680231,2,M,E,D,UTE,4,1,1,1509.009998
1990016,3,M,A,D,STNWG,3,1,1,1863.689999
7867610,3,F,A,D,HBACK,1,0,0,0
1536266,4,F,B,B,HBACK,4,0,0,0
7236476,1,M,A,C,COUPE,4,0,0,0
1443085,2,F,C,B,HBACK,1,0,0,0
5418455,3,F,B,C,COUPE,4,0,0,0
7224615,5,F,D,D,SEDAN,1,0,0,0
3603895,2,M,C,C,UTE,4,0,0,0
1309370,5,F,B,D,SEDAN,3,0,0,0
2739229,5,F,C,D,SEDAN,3,0,0,0
9639531,5,M,B,C,STNWG,3,0,0,0
8201538,3,F,C,B,HBACK,3,0,0,0
7572939,2,F,C,B,HBACK,1,0,0,0
1127187,5,M,C,D,HBACK,2,0,0,0
807275,2,M,C,D,SEDAN,4,0,0,0
8906771,5,M,F,D,TRUCK,4,0,0,0
4728598,6,M,C,B,SEDAN,4,0,0,0
2106122,3,M,A,D,SEDAN,3,1,1,1054.549999
8813972,4,F,C,D,HBACK,2,0,0,0
2595862,2,F,C,C,HBACK,4,0,0,0
6629543,5,M,D,D,SEDAN,4,0,0,0
6361777,2,F,D,D,STNWG,4,0,0,0
9505552,3,M,C,C,STNWG,3,0,0,0
5418957,4,F,A,D,SEDAN,2,0,0,0
535070,4,F,C,B,HBACK,2,0,0,0
3082700,4,F,F,C,STNWG,1,0,0,0
9428366,4,F,B,C,SEDAN,3,0,0,0
3931260,4,F,B,B,HBACK,3,0,0,0
4731358,4,M,B,D,UTE,3,0,0,0
4269949,4,F,B,D,STNWG,4,0,0,0
296719,4,F,C,B,HBACK,2,0,0,0
9417376,3,F,E,C,SEDAN,3,0,0,0
622449,6,F,D,B,HBACK,1,0,0,0
3202871,2,F,D,C,STNWG,2,0,0,0
5211930,3,F,B,D,STNWG,3,1,1,477.2699995
9083136,2,M,B,C,HBACK,2,1,1,3210.869995
8892796,3,M,C,D,SEDAN,3,0,0,0
3772552,3,F,E,B,STNWG,2,0,0,0
4933226,6,M,A,D,SEDAN,2,0,0,0
3111515,1,F,A,C,HBACK,4,0,0,0
7474987,6,F,A,C,SEDAN,3,0,0,0
2056624,4,F,D,C,UTE,4,0,0,0
6475487,3,F,B,D,SEDAN,4,0,0,0
336537,3,M,D,D,SEDAN,3,0,0,0
9325644,3,M,A,C,SEDAN,3,0,0,0
8080660,3,M,C,B,HBACK,2,0,0,0
4297287,4,F,C,D,SEDAN,2,0,0,0
6226291,3,M,E,D,UTE,4,0,0,0
2897116,4,F,B,D,STNWG,1,0,0,0
7746817,2,M,A,C,STNWG,2,0,0,0
7716463,1,M,D,C,STNWG,3,0,0,0
4549123,5,F,C,D,UTE,4,0,0,0
4116074,1,M,F,C,UTE,1,0,0,0
425670,4,M,B,D,UTE,4,0,0,0
6008567,2,F,C,B,HBACK,3,0,0,0
9444503,3,F,C,B,SEDAN,4,0,0,0
1201227,3,M,B,B,STNWG,2,1,1,200
9419433,4,F,D,B,SEDAN,3,0,0,0
838093,3,M,A,D,SEDAN,2,0,0,0
2731956,5,F,B,B,HBACK,3,0,0,0
604036,5,F,A,B,HBACK,4,0,0,0
8106918,4,F,C,D,SEDAN,3,0,0,0
3642205,1,F,C,D,HBACK,4,0,0,0
7122065,6,M,B,D,SEDAN,1,0,0,0
3293308,2,F,A,D,HBACK,4,1,1,345
8855018,2,M,C,D,SEDAN,4,0,0,0
7890743,5,M,A,B,HBACK,1,0,0,0
8759835,5,F,D,D,HBACK,1,0,0,0
1687212,5,M,D,A,SEDAN,4,0,0,0
9545139,6,M,C,C,HDTOP,4,0,0,0
3790022,5,M,C,B,HBACK,3,0,0,0
8333437,2,F,C,B,HBACK,3,0,0,0
9135579,2,F,E,D,UTE,3,0,0,0
750873,1,F,C,D,STNWG,3,0,0,0
3359536,2,F,D,D,SEDAN,4,0,0,0
1923448,5,M,B,D,TRUCK,4,0,0,0
8580098,2,F,C,C,SEDAN,2,0,0,0
8339587,4,F,A,D,STNWG,1,0,0,0
3616854,2,M,D,C,SEDAN,4,0,0,0
1062096,1,F,A,B,HBACK,3,0,0,0
2048494,6,F,D,D,SEDAN,4,0,0,0
4849205,2,F,B,D,SEDAN,1,0,0,0
9614934,4,F,A,B,HBACK,1,0,0,0
4688010,2,F,D,B,STNWG,2,0,0,0
152607,1,F,D,B,HBACK,3,0,0,0
3903175,6,M,A,C,STNWG,3,0,0,0
1801646,5,M,B,D,UTE,4,0,0,0
5067403,4,M,A,B,SEDAN,3,0,0,0
8094196,3,M,B,C,STNWG,3,0,0,0
7881746,4,F,A,D,SEDAN,2,0,0,0
4546854,5,F,C,D,HDTOP,1,0,0,0
424007,4,M,A,D,MCARA,2,0,0,0
8457270,1,F,B,B,HBACK,2,0,0,0
1523074,3,M,F,C,STNWG,2,0,0,0
3238319,3,F,A,B,STNWG,3,0,0,0
9594421,3,F,B,D,STNWG,2,0,0,0
7471469,4,F,C,D,SEDAN,3,0,0,0
3518826,4,F,B,B,HBACK,2,0,0,0
624970,2,F,D,C,STNWG,3,0,0,0
872103,3,M,C,D,STNWG,4,0,0,0
6819556,6,M,B,D,SEDAN,2,0,0,0
1071620,1,F,C,B,SEDAN,2,0,0,0
3925800,4,F,A,D,HDTOP,2,0,0,0
4898015,5,M,A,B,SEDAN,4,0,0,0
2572634,3,M,C,D,STNWG,2,0,0,0
3908272,4,F,D,B,HBACK,3,0,0,0
9841777,6,M,B,D,SEDAN,1,0,0,0
1575713,4,F,A,D,HBACK,4,0,0,0
5964064,3,M,B,C,STNWG,2,0,0,0
8831002,2,F,A,D,SEDAN,2,0,0,0
6170129,3,F,B,B,STNWG,3,0,0,0
7975166,5,F,C,D,SEDAN,4,0,0,0
5989119,2,M,C,D,STNWG,4,0,0,0
2733252,3,F,A,B,STNWG,2,0,0,0
6095924,3,F,A,B,HBACK,1,0,0,0
545704,4,F,A,D,STNWG,4,0,0,0
1959324,5,F,B,B,SEDAN,3,0,0,0
992216,2,M,A,C,TRUCK,3,0,0,0
6297832,3,F,E,C,STNWG,4,0,0,0
4106204,2,M,B,D,SEDAN,1,0,0,0
1160551,1,F,C,B,HBACK,3,0,0,0
9831593,1,F,C,C,SEDAN,1,1,1,9425.639984
6717651,4,F,B,D,SEDAN,1,0,0,0
7239184,3,F,C,D,TRUCK,1,0,0,0
5912586,2,F,D,B,STNWG,3,0,0,0
1275425,3,F,D,B,SEDAN,2,0,0,0
9465035,5,M,D,D,STNWG,4,0,0,0
7772894,2,M,C,C,STNWG,4,0,0,0
4090246,4,M,C,D,SEDAN,1,0,0,0
428758,3,F,F,D,SEDAN,4,0,0,0
6538848,3,F,D,B,SEDAN,4,0,0,0
6534345,6,M,C,D,HBACK,3,0,0,0
8298228,4,F,E,B,HBACK,3,0,0,0
9726151,6,M,D,B,STNWG,2,0,0,0
2441062,5,M,F,D,STNWG,2,0,0,0
2063541,2,F,C,D,SEDAN,2,0,0,0
4577438,5,F,C,B,STNWG,1,0,0,0
4957133,2,M,B,D,STNWG,4,0,0,0
874649,4,M,D,D,SEDAN,2,0,0,0
2236922,4,F,B,A,SEDAN,4,1,1,1452.719994
6939317,3,F,D,C,UTE,1,0,0,0
9600673,4,F,E,D,UTE,2,0,0,0
6590666,2,F,D,D,STNWG,4,0,0,0
9348643,2,M,B,C,UTE,1,0,0,0
100358,6,M,B,D,SEDAN,4,0,0,0
143478,4,F,C,B,HBACK,1,0,0,0
8762479,2,F,B,D,UTE,4,0,0,0
775490,2,M,D,C,UTE,2,1,1,6017.649994
4818777,6,M,C,D,STNWG,3,0,0,0
5325213,2,M,B,C,STNWG,2,0,0,0
9735285,3,M,E,C,SEDAN,1,0,0,0
7144738,2,F,A,B,HBACK,3,0,0,0
7472974,4,F,C,B,HBACK,3,0,0,0
1622381,3,F,D,D,SEDAN,4,0,0,0
1180630,3,F,D,B,HBACK,2,0,0,0
131237,3,F,F,C,STNWG,2,0,0,0
3142605,3,F,A,D,SEDAN,2,0,0,0
8009713,1,M,B,B,HBACK,2,0,0,0
6030244,3,F,C,D,SEDAN,2,0,0,0
5520535,4,F,A,B,SEDAN,4,0,0,0
1141042,3,M,C,D,SEDAN,1,0,0,0
2527222,2,M,F,C,TRUCK,3,0,0,0
9401071,2,M,A,C,COUPE,1,0,0,0
4355911,3,M,E,C,HDTOP,4,0,0,0
7022988,4,M,A,B,SEDAN,3,0,0,0
1096050,4,M,B,C,SEDAN,1,0,0,0
8639332,5,M,B,D,SEDAN,2,0,0,0
2649241,6,M,A,D,SEDAN,1,0,0,0
2861061,1,M,C,D,SEDAN,3,0,0,0
4558360,5,F,C,B,HBACK,3,0,0,0
9311445,3,F,A,D,STNWG,2,0,0,0
9500330,5,F,A,C,SEDAN,3,0,0,0
9157733,4,F,C,B,HBACK,2,0,0,0
1447919,6,F,C,D,STNWG,3,0,0,0
9122534,4,M,A,D,UTE,2,0,0,0
6839509,5,M,B,D,SEDAN,4,0,0,0
100020,3,M,C,D,HBACK,3,0,0,0
2221116,2,M,B,B,HBACK,3,0,0,0
6629898,4,M,C,D,SEDAN,4,0,0,0
3479134,2,M,B,D,TRUCK,4,1,1,1836.98
470581,2,F,C,C,STNWG,4,0,0,0
451030,3,F,A,D,SEDAN,1,0,0,0
6807903,5,M,E,C,STNWG,2,0,0,0
2526716,4,M,A,D,STNWG,3,0,0,0
1204178,5,M,D,C,STNWG,3,0,0,0
1793201,5,M,C,D,STNWG,3,0,0,0
8598442,2,F,B,B,HBACK,1,0,0,0
2837279,1,M,C,D,UTE,4,0,0,0
3624710,4,M,C,D,SEDAN,3,0,0,0
6528942,3,F,B,D,STNWG,2,0,0,0
1908857,3,F,D,B,HBACK,4,0,0,0
9433301,6,M,B,C,STNWG,4,0,0,0
9738792,4,F,A,D,STNWG,4,0,0,0
3560779,4,F,A,D,HBACK,1,0,0,0
8364892,5,F,E,B,HBACK,1,0,0,0
1188896,4,F,B,C,SEDAN,3,0,0,0
7540034,2,F,A,D,SEDAN,2,0,0,0
8740927,6,F,A,D,HBACK,4,0,0,0
8906475,5,F,B,D,SEDAN,4,0,0,0
1146876,2,M,A,D,STNWG,1,0,0,0
419699,4,F,D,D,UTE,1,0,0,0
2520503,3,F,A,D,STNWG,4,0,0,0
9753680,2,M,A,D,COUPE,4,0,0,0
3803995,5,F,F,D,MCARA,3,1,1,345
9043599,2,F,C,D,HBACK,1,0,0,0
6522215,4,F,C,B,HBACK,4,0,0,0
1480849,2,F,D,D,HBACK,2,0,0,0
9481437,5,F,C,C,HBACK,4,0,0,0
886327,5,F,C,D,HBACK,3,0,0,0
4209129,4,M,A,D,SEDAN,3,0,0,0
8630411,1,M,A,C,STNWG,3,0,0,0
2422386,6,M,C,D,SEDAN,3,0,0,0
985348,4,M,D,C,STNWG,4,0,0,0
9564212,4,F,D,D,MCARA,4,0,0,0
4893417,6,F,B,B,SEDAN,1,0,0,0
1234526,1,M,B,B,SEDAN,4,0,0,0
9534104,3,F,A,D,SEDAN,3,0,0,0
8072920,4,F,B,B,HBACK,3,0,0,0
4420767,5,F,B,B,HBACK,1,0,0,0
3625928,5,F,D,D,SEDAN,3,0,0,0
7082326,2,F,C,C,SEDAN,3,0,0,0
3564077,6,M,C,C,STNWG,3,0,0,0
1439861,2,F,D,D,STNWG,4,0,0,0
7125917,3,M,D,D,HBACK,2,0,0,0
3901914,3,M,C,B,HBACK,1,0,0,0
6713268,2,F,B,D,STNWG,2,0,0,0
8246061,3,F,E,C,STNWG,3,0,0,0
3600396,5,M,B,D,SEDAN,1,0,0,0
6112777,3,F,C,B,HBACK,3,0,0,0
7121100,2,M,B,D,UTE,3,0,0,0
4054212,1,M,B,D,SEDAN,4,1,1,353.77
6131880,1,F,D,B,HBACK,1,0,0,0
4662361,3,F,E,D,STNWG,4,0,0,0
7157419,6,F,A,D,HBACK,4,0,0,0
749705,3,M,F,D,STNWG,3,0,0,0
5130747,3,M,E,D,HBACK,4,0,0,0
4696054,5,M,A,D,SEDAN,3,0,0,0
1262959,2,F,D,B,HBACK,3,0,0,0
4334467,3,F,A,D,SEDAN,1,0,0,0
9842155,3,F,C,D,HBACK,4,0,0,0
5327278,4,F,B,C,SEDAN,3,0,0,0
6853403,3,F,D,B,HBACK,1,0,0,0
3335349,3,F,C,B,SEDAN,1,0,0,0
614972,4,F,A,D,HBACK,2,0,0,0
6656034,5,M,E,D,STNWG,2,0,0,0
3016146,2,F,F,D,UTE,2,0,0,0
6621972,2,M,B,B,COUPE,4,0,0,0
1315726,2,M,D,D,STNWG,4,0,0,0
8510127,2,M,B,D,SEDAN,3,0,0,0
9742013,3,F,B,D,SEDAN,4,0,0,0
1577431,4,M,A,D,TRUCK,4,0,0,0
1448010,1,F,E,C,STNWG,1,0,0,0
3687321,4,F,C,B,HBACK,2,0,0,0
9390487,2,M,B,C,TRUCK,3,0,0,0
8811821,4,M,C,C,STNWG,4,0,0,0
698869,3,F,C,D,SEDAN,4,0,0,0
8751220,5,M,A,D,SEDAN,3,0,0,0
2627894,3,F,E,D,UTE,3,0,0,0
6793945,4,F,C,D,HBACK,3,0,0,0
2492745,4,F,C,B,COUPE,3,0,0,0
7272574,2,M,C,C,UTE,1,0,0,0
7870409,3,F,A,D,STNWG,2,0,0,0
6868027,2,F,C,B,COUPE,3,0,0,0
9687080,2,M,A,D,SEDAN,4,0,0,0
8788399,1,F,C,B,HBACK,2,0,0,0
9173109,4,F,C,B,SEDAN,2,0,0,0
1893371,4,M,C,A,SEDAN,1,0,0,0
4809003,4,F,A,D,STNWG,4,0,0,0
9287640,3,M,A,D,HBACK,2,0,0,0
5925669,6,F,C,C,STNWG,2,0,0,0
950364,1,F,C,C,STNWG,4,0,0,0
1335423,3,F,C,B,HBACK,4,0,0,0
7116699,4,F,C,D,HBACK,1,0,0,0
4263024,6,F,A,D,SEDAN,1,0,0,0
6286713,2,F,A,B,HBACK,1,0,0,0
6837721,3,F,B,D,SEDAN,4,0,0,0
7787481,3,F,B,C,STNWG,1,0,0,0
9202220,4,F,B,D,SEDAN,3,0,0,0
5984541,3,F,F,D,STNWG,4,1,1,389.9499998
2791316,4,F,C,C,HBACK,3,0,0,0
7558340,3,M,A,D,STNWG,4,0,0,0
3668353,2,F,A,D,HBACK,1,0,0,0
8348618,6,F,C,D,SEDAN,3,0,0,0
6465867,3,F,A,D,SEDAN,1,1,1,6442.279999
6227132,6,M,D,D,SEDAN,4,0,0,0
4293499,3,F,D,D,SEDAN,3,0,0,0
8072159,5,M,B,C,STNWG,3,0,0,0
5216932,1,F,C,D,STNWG,4,0,0,0
2829939,3,F,F,D,STNWG,2,0,0,0
6366615,3,F,A,D,SEDAN,3,0,0,0
3593406,5,F,C,D,HBACK,3,0,0,0
6512643,4,F,C,C,HBACK,3,0,0,0
1212258,5,F,A,B,SEDAN,4,0,0,0
7554317,3,F,C,C,SEDAN,3,0,0,0
4269775,2,M,B,C,TRUCK,4,0,0,0
8096693,3,F,B,B,HBACK,1,0,0,0
4927610,1,M,B,D,UTE,3,0,0,0
4703061,2,F,D,B,HBACK,2,0,0,0
1442233,5,M,B,D,SEDAN,2,1,1,587.79
7671570,6,F,C,B,HBACK,2,0,0,0
2708751,2,F,C,B,HBACK,2,0,0,0
8876574,3,F,C,D,HBACK,3,0,0,0
4195124,2,F,B,D,HBACK,4,0,0,0
4664619,2,M,D,D,TRUCK,3,0,0,0
6112296,5,F,D,B,HBACK,4,0,0,0
7459102,1,F,A,B,HBACK,3,1,1,214.0899928
1811058,5,M,A,B,SEDAN,1,0,0,0
4085809,3,M,A,A,SEDAN,3,1,1,548.2199993
9816827,4,F,D,D,TRUCK,4,0,0,0
3670633,2,M,F,D,STNWG,4,0,0,0
8295060,4,F,B,B,HBACK,3,0,0,0
5626088,3,F,D,D,UTE,2,0,0,0
7677034,3,M,C,C,STNWG,3,0,0,0
9437521,3,M,C,C,SEDAN,1,0,0,0
8502979,6,F,E,B,HBACK,4,0,0,0
7536539,5,F,C,D,SEDAN,4,1,1,200
1145165,4,F,E,B,HBACK,3,1,1,2207.659996
6038458,2,F,D,B,SEDAN,4,0,0,0
5591707,6,F,C,B,HBACK,1,0,0,0
4592732,6,M,D,C,SEDAN,3,0,0,0
2211569,3,M,C,D,STNWG,3,0,0,0
5333067,5,F,A,D,HBACK,3,0,0,0
8925373,4,F,A,D,SEDAN,4,0,0,0
1450458,4,M,E,C,STNWG,3,0,0,0
169491,4,F,C,D,SEDAN,3,0,0,0
8793462,5,M,F,D,UTE,3,0,0,0
6442188,4,F,C,D,SEDAN,1,0,0,0
9452667,5,M,A,D,STNWG,1,0,0,0
543560,2,M,D,D,TRUCK,3,0,0,0
3069143,5,F,D,D,SEDAN,4,0,0,0
6909962,2,F,E,D,UTE,3,0,0,0
1018390,3,F,A,A,SEDAN,3,0,0,0
6526877,4,M,C,D,UTE,2,0,0,0
8421662,3,F,C,D,HBACK,2,0,0,0
8507729,5,M,B,D,TRUCK,3,0,0,0
7431267,4,M,A,D,HBACK,2,0,0,0
6796222,4,M,A,C,STNWG,2,0,0,0
784997,2,F,A,D,SEDAN,4,0,0,0
8294954,3,F,C,D,SEDAN,4,0,0,0
989730,4,F,C,C,STNWG,4,0,0,0
8762259,3,F,B,B,HBACK,2,0,0,0
7861995,4,F,D,D,SEDAN,4,0,0,0
482875,1,F,A,D,SEDAN,3,0,0,0
134075,3,F,D,C,SEDAN,2,0,0,0
6776620,1,M,B,D,UTE,4,0,0,0
1921236,2,M,A,D,HBACK,2,0,0,0
5519491,4,F,A,D,STNWG,4,0,0,0
9431438,3,M,B,D,STNWG,3,0,0,0
1335133,3,F,E,D,SEDAN,2,0,0,0
230401,3,M,B,B,HBACK,2,0,0,0
7473107,4,F,B,D,SEDAN,3,0,0,0
7505749,4,M,B,B,SEDAN,2,0,0,0
6864610,4,M,D,B,HBACK,3,0,0,0
8865278,4,F,B,D,SEDAN,1,0,0,0
8964174,2,F,A,B,HBACK,1,0,0,0
2799326,2,F,C,C,SEDAN,2,0,0,0
2811483,3,M,C,C,SEDAN,2,0,0,0
9820627,3,F,D,B,STNWG,3,0,0,0
3859734,3,M,A,D,SEDAN,2,0,0,0
4728637,6,M,C,D,SEDAN,2,0,0,0
8295391,5,F,C,D,SEDAN,2,0,0,0
544305,3,F,E,B,SEDAN,3,0,0,0
5662758,1,M,E,D,UTE,3,0,0,0
4369862,1,M,F,D,STNWG,3,0,0,0
5454944,4,M,A,B,HBACK,2,0,0,0
4294711,3,M,C,B,HBACK,4,0,0,0
5395036,5,F,B,D,HBACK,4,1,1,876.4499989
5412191,2,F,A,D,HBACK,3,0,0,0
2726193,3,F,B,D,UTE,4,0,0,0
469133,2,M,F,D,STNWG,3,0,0,0
4822751,5,F,B,D,SEDAN,4,1,1,296.2199998
2525022,2,M,C,A,SEDAN,3,0,0,0
9475266,5,M,E,D,UTE,2,0,0,0
6065843,4,M,F,B,HBACK,2,0,0,0
2533773,6,F,D,D,HBACK,1,0,0,0
2787698,4,M,A,D,HBACK,1,0,0,0
4088348,6,M,B,D,SEDAN,4,0,0,0
6034272,3,F,C,C,SEDAN,3,0,0,0
5099295,6,M,A,D,SEDAN,2,1,1,858.3799992
584252,3,F,C,D,STNWG,3,0,0,0
5854210,3,F,B,D,SEDAN,3,0,0,0
157553,6,F,E,D,SEDAN,4,0,0,0
2198921,2,F,A,D,COUPE,4,0,0,0
6623776,6,M,C,D,HBACK,3,0,0,0
1681962,5,M,A,D,UTE,3,0,0,0
3626376,3,F,C,B,SEDAN,2,0,0,0
1312077,2,F,E,C,STNWG,3,0,0,0
1934998,4,F,F,D,STNWG,4,0,0,0
6624119,2,M,C,D,SEDAN,2,0,0,0
404704,3,F,B,B,SEDAN,3,0,0,0
3957576,3,F,A,C,UTE,2,0,0,0
2518015,6,M,C,B,SEDAN,2,0,0,0
7420025,2,F,C,D,SEDAN,4,0,0,0
7870582,4,F,D,D,HBACK,1,0,0,0
3154941,6,M,C,D,HDTOP,4,0,0,0
6266691,1,M,F,D,TRUCK,2,0,0,0
6566696,4,M,D,B,HBACK,3,0,0,0
3472859,5,F,E,D,SEDAN,4,0,0,0
928295,3,F,E,D,STNWG,2,0,0,0
2516703,5,M,B,D,SEDAN,4,0,0,0
2503454,4,F,C,D,SEDAN,4,0,0,0
9494841,4,M,C,D,HBACK,1,0,0,0
1353237,4,M,D,D,STNWG,3,0,0,0
1945661,4,F,B,B,SEDAN,3,0,0,0
4448930,5,F,B,A,CONVT,4,0,0,0
3984862,1,M,C,B,SEDAN,3,0,0,0
2835166,2,M,A,D,SEDAN,2,0,0,0
9861831,5,M,B,D,SEDAN,2,0,0,0
2670417,5,F,B,C,SEDAN,2,0,0,0
5884498,4,F,C,D,STNWG,4,1,1,531.0899992
2834418,4,F,A,D,HBACK,3,0,0,0
1488326,5,F,A,D,STNWG,1,0,0,0
8409149,1,F,A,D,SEDAN,2,0,0,0
1106812,3,F,A,D,HBACK,4,0,0,0
360316,1,F,C,B,HBACK,1,0,0,0
7164388,5,M,A,C,STNWG,1,0,0,0
9165689,5,F,B,B,SEDAN,4,0,0,0
3385128,4,M,C,D,STNWG,1,0,0,0
6628267,3,F,A,B,HBACK,2,0,0,0
6595165,5,F,B,D,HBACK,3,0,0,0
8196326,3,F,B,D,SEDAN,2,0,0,0
6741062,4,M,C,D,SEDAN,1,0,0,0
6117163,2,F,A,D,HBACK,1,0,0,0
9779426,3,M,E,D,STNWG,1,0,0,0
4791501,3,M,C,D,UTE,3,0,0,0
2717855,4,F,B,D,SEDAN,3,0,0,0
5589226,5,M,D,C,BUS,4,0,0,0
5461165,5,M,C,D,HBACK,4,1,1,930.9199982
2976865,6,M,A,D,HBACK,1,0,0,0
5953818,4,F,D,B,HBACK,3,0,0,0
1439072,2,F,C,B,SEDAN,3,0,0,0
9105958,4,M,F,C,STNWG,4,0,0,0
9635145,2,F,A,B,SEDAN,2,0,0,0
3286903,2,M,B,D,COUPE,4,0,0,0
7166451,1,M,C,B,HBACK,1,0,0,0
8208548,4,F,E,B,HBACK,4,0,0,0
2875170,4,M,A,D,HBACK,4,1,1,1517.529999
2398049,1,F,C,B,HBACK,1,0,0,0
4694818,3,M,C,D,STNWG,3,0,0,0
1763649,3,M,A,D,SEDAN,3,0,0,0
2669381,2,M,E,D,UTE,3,0,0,0
2500609,6,F,D,B,HBACK,1,0,0,0
2292860,1,F,D,B,HBACK,2,0,0,0
9413586,1,F,F,C,UTE,2,0,0,0
8763147,2,M,A,B,HBACK,3,0,0,0
440158,3,M,B,D,HBACK,2,0,0,0
7823775,1,M,C,D,SEDAN,1,0,0,0
4428792,5,M,C,D,SEDAN,3,0,0,0
305879,3,M,C,D,SEDAN,3,0,0,0
4323719,2,F,B,D,HBACK,2,0,0,0
3770605,3,F,D,C,HBACK,2,0,0,0
3284255,2,F,A,B,SEDAN,2,0,0,0
4571677,5,F,D,C,STNWG,1,0,0,0
6817335,2,F,B,C,STNWG,1,0,0,0
2522310,3,F,B,B,SEDAN,3,0,0,0
107611,2,M,C,D,STNWG,2,0,0,0
3944434,5,F,D,B,SEDAN,1,0,0,0
2552717,6,M,A,D,UTE,2,0,0,0
5645044,4,M,C,D,SEDAN,3,0,0,0
3734769,1,F,F,B,SEDAN,3,0,0,0
6780998,1,F,B,B,HBACK,2,0,0,0
6800114,3,F,A,B,SEDAN,3,0,0,0
101187,1,F,C,D,UTE,2,1,1,462.6999989
2430516,4,F,E,B,SEDAN,1,0,0,0
8078853,4,F,D,B,HBACK,3,0,0,0
7708657,6,F,D,D,SEDAN,3,0,0,0
1934615,4,F,E,D,STNWG,3,0,0,0
9480572,4,F,C,D,SEDAN,4,0,0,0
1656273,2,M,C,D,SEDAN,2,0,0,0
4132084,4,M,A,D,HDTOP,3,0,0,0
770689,4,F,A,D,SEDAN,2,0,0,0
9504930,4,F,C,D,UTE,1,0,0,0
5197386,1,F,A,B,HBACK,1,0,0,0
7026148,2,M,A,C,STNWG,2,0,0,0
6839335,6,F,A,B,HBACK,2,0,0,0
318884,4,F,C,B,HBACK,2,0,0,0
350447,4,F,E,D,SEDAN,4,0,0,0
277760,3,F,A,D,HBACK,2,0,0,0
5401247,4,M,E,C,UTE,4,0,0,0
8908469,3,F,C,D,STNWG,4,0,0,0
6596939,6,M,E,D,HBACK,4,0,0,0
3628031,4,M,A,D,SEDAN,4,0,0,0
6943056,2,F,E,D,STNWG,2,1,1,1405.75
7849837,2,F,B,B,HBACK,1,0,0,0
7115312,5,M,B,D,UTE,3,1,1,2188.17363
6479882,4,F,A,C,HDTOP,4,0,0,0
6836310,3,M,B,D,STNWG,4,0,0,0
4583415,3,F,D,D,SEDAN,2,0,0,0
1387016,1,M,A,D,SEDAN,4,0,0,0
2119606,5,F,D,C,STNWG,4,0,0,0
1508156,4,F,C,B,SEDAN,3,1,1,1054.709999
163589,5,F,B,B,SEDAN,4,0,0,0
6769405,3,M,B,D,TRUCK,3,0,0,0
3006220,1,F,C,B,HBACK,1,0,0,0
4067168,5,M,C,D,SEDAN,3,0,0,0
5450829,5,F,B,D,SEDAN,2,0,0,0
8657239,3,F,C,B,STNWG,3,0,0,0
7657506,2,M,E,D,STNWG,3,0,0,0
4819258,6,M,A,B,SEDAN,1,0,0,0
9083157,1,M,A,B,HBACK,2,0,0,0
329009,3,M,D,C,STNWG,2,0,0,0
4265944,3,F,C,D,SEDAN,3,0,0,0
900114,2,M,B,D,UTE,3,0,0,0
2084151,5,M,A,D,SEDAN,2,0,0,0
141640,3,M,A,D,STNWG,2,0,0,0
9435078,3,F,D,D,STNWG,3,0,0,0
2408733,3,F,A,B,SEDAN,3,0,0,0
2786961,3,F,E,D,SEDAN,3,0,0,0
9757110,4,M,C,D,SEDAN,3,0,0,0
7473833,5,F,A,D,HBACK,2,0,0,0
4955167,2,F,D,B,HBACK,3,1,1,3817.379997
1313225,2,F,F,D,UTE,4,0,0,0
812071,6,F,D,D,SEDAN,4,0,0,0
2088115,3,F,E,B,SEDAN,4,0,0,0
5375688,5,M,D,C,STNWG,4,0,0,0
4700479,2,M,E,D,STNWG,3,0,0,0
8142376,4,F,A,C,SEDAN,3,0,0,0
504000,4,F,B,D,HBACK,3,0,0,0
2451781,3,F,B,B,SEDAN,4,0,0,0
6216759,4,F,C,D,STNWG,4,0,0,0
2606751,5,F,B,B,HBACK,2,0,0,0
4764642,2,F,A,B,HBACK,3,0,0,0
9933140,5,F,B,C,SEDAN,1,0,0,0
1556558,2,F,C,C,SEDAN,3,0,0,0
4118928,5,M,A,D,STNWG,1,0,0,0
5299086,2,F,F,C,SEDAN,1,0,0,0
9296192,4,M,A,B,HBACK,1,0,0,0
9815257,5,F,C,D,SEDAN,4,0,0,0
849644,2,F,A,D,HBACK,2,0,0,0
2525779,5,F,B,B,HBACK,4,0,0,0
4068314,6,M,A,D,UTE,4,0,0,0
9872182,5,M,C,B,HBACK,1,0,0,0
8633259,2,M,C,C,SEDAN,4,0,0,0
3903763,4,F,F,D,STNWG,4,0,0,0
8554528,6,F,A,D,SEDAN,3,0,0,0
2884129,5,F,D,D,SEDAN,2,0,0,0
2721543,4,F,C,D,HBACK,4,0,0,0
334339,5,M,D,B,SEDAN,3,0,0,0
6857454,3,M,F,D,STNWG,4,0,0,0
169448,6,F,C,B,HBACK,3,0,0,0
1541867,3,F,B,D,SEDAN,3,0,0,0
9432505,4,F,A,B,HBACK,2,0,0,0
6343606,4,F,D,C,STNWG,3,0,0,0
9265519,1,F,C,B,HBACK,3,0,0,0
2531671,2,F,E,D,STNWG,2,0,0,0
360765,3,F,A,D,STNWG,3,0,0,0
3597169,2,F,C,D,HBACK,2,0,0,0
1801742,5,F,D,D,SEDAN,1,0,0,0
6232725,4,M,F,D,TRUCK,3,0,0,0
8584828,4,M,D,C,SEDAN,1,0,0,0
3903550,3,F,A,D,SEDAN,2,0,0,0
1769973,5,M,C,D,SEDAN,2,0,0,0
9858669,5,M,E,D,STNWG,1,0,0,0
2925192,4,F,B,B,HBACK,3,0,0,0
6861470,5,M,A,D,TRUCK,4,0,0,0
6997853,2,F,A,D,HBACK,3,0,0,0
4593480,3,M,C,D,HBACK,4,0,0,0
6009466,2,F,B,D,SEDAN,2,0,0,0
9691080,2,F,B,D,SEDAN,1,0,0,0
9285635,4,M,A,D,STNWG,1,0,0,0
5015950,3,F,C,B,STNWG,2,0,0,0
5587351,2,M,C,D,STNWG,3,0,0,0
958246,4,M,C,D,HBACK,2,0,0,0
9170142,5,M,A,D,HBACK,3,0,0,0
4594844,2,M,E,D,STNWG,3,0,0,0
7236434,5,M,C,D,SEDAN,2,0,0,0
2991999,3,M,C,D,STNWG,4,0,0,0
6280654,4,F,C,D,SEDAN,2,0,0,0
9593854,2,M,A,D,SEDAN,2,0,0,0
8762207,2,F,A,B,HBACK,3,0,0,0
8813065,1,F,E,D,UTE,1,0,0,0
1471812,1,F,D,B,HBACK,2,0,0,0
5431258,3,F,C,D,HBACK,3,0,0,0
464345,4,F,B,C,STNWG,4,0,0,0
959846,1,M,B,D,PANVN,3,0,0,0
4262725,5,M,E,C,STNWG,4,0,0,0
1969622,5,F,E,C,STNWG,1,0,0,0
177192,5,F,C,B,SEDAN,1,0,0,0
9498246,4,F,C,D,SEDAN,4,0,0,0
9720884,5,F,D,D,SEDAN,2,0,0,0
8076629,2,M,C,B,HBACK,4,0,0,0
6166669,4,F,E,D,STNWG,3,0,0,0
6535033,3,F,B,D,SEDAN,4,0,0,0
2478719,3,M,D,D,HDTOP,3,0,0,0
7544363,5,F,C,D,SEDAN,4,0,0,0
7542079,2,F,F,D,STNWG,2,0,0,0
9858933,5,M,A,D,PANVN,4,1,2,680.8299997
7865658,6,M,B,B,HBACK,4,0,0,0
684208,5,F,D,D,HDTOP,4,0,0,0
6960778,2,F,A,D,HDTOP,2,0,0,0
5542771,6,F,A,B,SEDAN,3,0,0,0
7108041,2,M,C,C,UTE,2,0,0,0
2748907,3,F,F,D,UTE,4,0,0,0
4263001,6,M,E,C,TRUCK,2,0,0,0
6299540,5,F,C,D,STNWG,2,0,0,0
2725376,5,F,C,D,SEDAN,2,1,1,2917.5
323514,3,F,B,D,SEDAN,4,0,0,0
1480334,2,M,C,A,SEDAN,4,1,1,1193.789999
3520022,3,F,C,D,SEDAN,4,1,1,200
6925775,4,F,B,D,SEDAN,3,0,0,0
1437535,1,F,A,C,SEDAN,2,0,0,0
8759083,4,M,E,D,UTE,4,0,0,0
1385356,5,F,B,C,STNWG,1,0,0,0
6252576,5,F,A,D,HBACK,2,1,1,353.77
8082619,2,F,D,D,HBACK,4,0,0,0
1216685,2,M,C,D,HBACK,2,0,0,0
7833006,5,F,F,B,HBACK,3,0,0,0
8430805,2,F,A,B,SEDAN,1,0,0,0
296365,2,F,B,D,STNWG,3,0,0,0
305382,4,F,A,B,SEDAN,3,0,0,0
2674480,2,M,C,B,HBACK,1,0,0,0
8213233,4,M,E,C,SEDAN,4,0,0,0
1372974,4,F,C,D,HBACK,2,0,0,0
270938,4,F,A,B,HBACK,1,0,0,0
9952256,4,M,A,C,STNWG,2,0,0,0
1263172,4,F,A,D,STNWG,3,0,0,0
5417129,4,M,C,D,PANVN,3,0,0,0
8005762,2,F,D,B,SEDAN,2,1,1,654.4899998
1062080,3,F,C,C,STNWG,2,0,0,0
1112650,4,F,B,D,STNWG,1,0,0,0
4445791,1,M,C,D,UTE,3,0,0,0
6740089,3,F,D,D,STNWG,1,0,0,0
5452877,3,F,E,B,HBACK,2,0,0,0
3336487,4,F,C,D,SEDAN,3,0,0,0
2292940,3,F,C,D,HBACK,4,0,0,0
5771900,2,M,C,B,HBACK,1,0,0,0
4077620,3,M,C,D,SEDAN,3,0,0,0
9133602,1,F,A,D,HBACK,4,0,0,0
7845334,4,M,A,D,STNWG,1,0,0,0
447077,6,F,E,D,HBACK,2,1,1,3931.25
5925618,6,F,C,B,HBACK,1,0,0,0
6836338,6,F,A,D,STNWG,4,0,0,0
3333036,2,M,C,B,HBACK,1,0,0,0
132094,1,M,A,D,UTE,2,0,0,0
9840355,6,F,D,B,SEDAN,2,0,0,0
8576418,3,M,C,C,STNWG,1,0,0,0
4252858,1,F,F,D,UTE,3,0,0,0
7612404,2,F,B,D,SEDAN,2,0,0,0
2481541,6,F,D,D,HBACK,2,0,0,0
470104,2,F,B,D,SEDAN,4,0,0,0
3426932,5,M,C,B,HBACK,3,0,0,0
3612496,3,F,C,B,HBACK,1,0,0,0
9572847,2,F,D,D,UTE,3,0,0,0
5925050,6,M,D,C,STNWG,1,0,0,0
8296522,4,M,E,C,UTE,3,0,0,0
6760270,1,F,F,C,STNWG,2,0,0,0
1142329,2,M,E,D,UTE,3,0,0,0
9610584,2,M,C,D,HBACK,2,0,0,0
6768769,3,M,B,D,HDTOP,3,0,0,0
4547082,6,M,D,D,STNWG,4,0,0,0
1761679,4,F,A,D,STNWG,2,0,0,0
312882,3,F,D,D,STNWG,1,0,0,0
9003335,3,M,E,B,HBACK,1,0,0,0
992494,4,F,B,D,STNWG,2,0,0,0
3874619,2,F,E,D,STNWG,1,0,0,0
8793342,1,F,A,B,HBACK,2,0,0,0
1981573,5,M,E,C,STNWG,1,1,1,480
2295934,5,F,C,B,HBACK,3,0,0,0
5136312,3,M,A,D,STNWG,3,0,0,0
1926485,1,F,A,C,COUPE,4,0,0,0
3878552,2,M,E,D,UTE,4,0,0,0
3301628,1,F,F,D,TRUCK,4,0,0,0
6574476,5,M,B,D,SEDAN,4,0,0,0
3251712,3,F,C,D,SEDAN,3,0,0,0
42567,3,F,F,D,STNWG,4,0,0,0
4341161,4,F,C,D,SEDAN,2,0,0,0
6530957,1,M,C,D,SEDAN,4,0,0,0
5833823,1,M,C,B,HBACK,2,0,0,0
4253978,1,F,B,B,HBACK,1,0,0,0
8667305,3,M,A,D,SEDAN,2,0,0,0
5393143,6,F,B,D,SEDAN,4,1,2,2133.329996
209769,3,M,B,D,PANVN,3,0,0,0
3900682,3,F,D,C,STNWG,1,0,0,0
6861687,5,F,E,B,HBACK,3,0,0,0
4615813,2,F,A,D,HBACK,3,0,0,0
4574100,4,F,A,D,HBACK,2,0,0,0
8808466,2,F,B,D,STNWG,1,0,0,0
4108459,3,F,E,D,COUPE,4,0,0,0
7364148,4,F,D,C,STNWG,4,0,0,0
1209438,4,F,C,D,SEDAN,4,0,0,0
9297495,6,F,E,D,STNWG,4,0,0,0
8398977,2,F,F,D,STNWG,4,0,0,0
7106857,3,M,F,D,STNWG,3,1,1,200
6236992,4,M,B,D,SEDAN,2,0,0,0
2478572,3,M,B,C,STNWG,4,0,0,0
1828694,3,M,D,D,STNWG,4,0,0,0
4415782,5,M,E,D,HDTOP,2,0,0,0
1692113,5,M,C,C,STNWG,4,0,0,0
8142781,2,F,B,D,HBACK,3,0,0,0
1204075,4,M,E,D,UTE,4,0,0,0
3218711,3,F,A,B,HBACK,3,0,0,0
8228113,3,F,C,D,SEDAN,4,0,0,0
5604171,2,M,C,C,STNWG,2,0,0,0
1674663,6,M,D,B,SEDAN,1,0,0,0
2047525,5,F,B,D,SEDAN,4,0,0,0
9821612,4,F,B,D,HBACK,3,0,0,0
2734208,1,M,C,D,PANVN,3,0,0,0
6225347,2,M,A,D,SEDAN,2,0,0,0
180911,2,M,D,D,PANVN,4,0,0,0
5570045,2,F,C,D,STNWG,4,0,0,0
2687055,2,F,F,B,HBACK,3,0,0,0
6336650,4,F,A,D,SEDAN,2,0,0,0
4190316,3,M,E,D,MIBUS,3,1,1,12343.72998
2723083,5,M,E,D,UTE,4,1,2,1713.199998
5795614,1,F,A,D,HBACK,4,0,0,0
981551,5,M,A,D,UTE,3,0,0,0
6048244,3,F,A,B,HBACK,2,0,0,0
273709,3,F,E,D,STNWG,4,0,0,0
8526078,3,M,C,D,STNWG,4,0,0,0
4552978,2,F,D,D,UTE,4,0,0,0
8315358,4,M,C,D,STNWG,1,0,0,0
3487682,5,M,B,C,STNWG,2,0,0,0
8410297,2,F,A,C,SEDAN,3,0,0,0
5464333,5,M,E,D,HBACK,3,1,1,3255.639999
6792871,6,F,D,D,SEDAN,2,0,0,0
4026988,1,M,C,D,PANVN,3,0,0,0
8887431,2,F,C,D,STNWG,4,0,0,0
5695033,3,F,C,B,STNWG,1,1,1,274.7099998
1250149,5,F,A,D,SEDAN,1,1,1,441.9199996
8200549,6,F,D,D,SEDAN,3,0,0,0
1926170,6,M,C,C,SEDAN,3,0,0,0
1354309,4,F,B,D,HBACK,4,0,0,0
1727292,3,M,C,D,UTE,4,0,0,0
7160452,1,F,A,D,HBACK,2,0,0,0
2057168,4,F,B,D,HBACK,4,0,0,0
4856130,4,M,E,D,HDTOP,2,0,0,0
7136178,3,M,A,D,SEDAN,1,0,0,0
4979469,3,M,B,D,SEDAN,4,0,0,0
6345212,4,M,E,D,STNWG,3,0,0,0
3389103,3,M,B,B,HBACK,1,0,0,0
7852099,3,F,D,D,SEDAN,4,0,0,0
6039368,4,F,A,D,SEDAN,3,0,0,0
8396768,3,F,A,C,STNWG,1,0,0,0
6503675,3,F,B,B,COUPE,4,0,0,0
1622692,5,M,F,D,STNWG,4,0,0,0
2427110,4,F,B,D,SEDAN,3,0,0,0
4298204,5,F,A,D,SEDAN,2,0,0,0
2426326,1,M,E,D,UTE,3,0,0,0
9739001,3,M,D,C,TRUCK,3,0,0,0
4543809,2,F,B,D,HBACK,3,0,0,0
5219513,4,M,C,D,SEDAN,1,0,0,0
873338,4,F,C,D,STNWG,1,0,0,0
6132170,2,M,C,B,HBACK,3,0,0,0
6910992,3,F,E,C,STNWG,3,0,0,0
9874428,1,M,C,D,SEDAN,2,0,0,0
1709488,4,F,A,D,HBACK,2,0,0,0
9442270,5,M,C,B,HBACK,2,0,0,0
4810276,3,M,D,C,UTE,1,0,0,0
3113222,1,F,A,C,SEDAN,2,0,0,0
1012989,4,F,C,C,SEDAN,3,0,0,0
9980210,3,M,A,D,UTE,3,0,0,0
9175115,1,F,C,D,HBACK,1,0,0,0
5256282,5,F,A,D,SEDAN,2,0,0,0
4823452,1,F,E,C,TRUCK,3,0,0,0
8148790,5,M,B,B,HBACK,2,0,0,0
3400437,3,M,C,D,SEDAN,4,0,0,0
4733146,5,F,B,C,SEDAN,4,0,0,0
8096176,4,M,C,D,HBACK,4,0,0,0
6228799,5,F,C,B,HBACK,2,0,0,0
4189259,4,F,B,D,HBACK,3,0,0,0
2855498,3,F,A,B,HBACK,3,0,0,0
8106484,2,F,A,D,HBACK,2,0,0,0
9747556,2,F,A,C,STNWG,2,0,0,0
3439637,5,M,D,D,STNWG,2,0,0,0
9752178,3,M,A,D,HDTOP,4,0,0,0
431223,3,F,B,C,STNWG,3,0,0,0
4612823,5,M,A,D,UTE,3,0,0,0
8144132,6,F,C,B,SEDAN,2,0,0,0
4062783,4,F,B,D,STNWG,4,0,0,0
7419024,5,F,C,C,SEDAN,4,0,0,0
8216605,3,F,B,D,HDTOP,3,0,0,0
9413184,4,M,E,D,UTE,4,0,0,0
7252598,2,F,A,B,HBACK,1,0,0,0
3794608,2,F,A,D,HBACK,1,1,1,200
6858880,3,F,B,C,SEDAN,3,0,0,0
8298247,4,F,A,D,SEDAN,2,0,0,0
4516337,3,M,F,D,SEDAN,2,0,0,0
3107092,3,M,B,D,HBACK,4,0,0,0
6067897,3,F,A,D,SEDAN,2,0,0,0
1290493,2,F,C,B,SEDAN,4,0,0,0
3938000,3,F,B,D,HBACK,4,0,0,0
1069431,3,F,A,B,SEDAN,1,0,0,0
4264255,5,F,C,B,SEDAN,4,0,0,0
2513805,3,M,A,C,STNWG,1,0,0,0
1452020,6,M,C,D,HBACK,2,0,0,0
2409568,2,F,C,B,HBACK,3,0,0,0
9744649,2,F,D,B,HBACK,3,0,0,0
60801,3,M,F,D,SEDAN,2,0,0,0
3760746,4,F,C,B,HBACK,1,0,0,0
1927778,6,F,C,D,UTE,2,0,0,0
7561559,5,F,F,D,HDTOP,2,0,0,0
9555063,5,F,A,D,STNWG,1,1,1,303.5
4941192,5,F,B,B,HBACK,2,0,0,0
7770349,4,F,E,D,UTE,4,0,0,0
3993852,4,M,D,B,HBACK,3,0,0,0
3479024,2,F,C,D,SEDAN,1,0,0,0
5957143,2,F,C,D,HDTOP,2,0,0,0
954840,2,M,C,C,STNWG,1,0,0,0
1252347,5,M,D,C,STNWG,2,0,0,0
2887951,4,F,D,C,SEDAN,3,1,1,2058.309998
5450750,6,M,A,D,SEDAN,3,0,0,0
9147507,4,F,D,C,UTE,4,0,0,0
6066264,4,F,A,D,SEDAN,4,0,0,0
3707037,4,F,C,B,HBACK,3,0,0,0
2878846,2,M,C,D,STNWG,4,0,0,0
6300962,3,M,F,C,STNWG,4,0,0,0
2523706,2,M,D,D,SEDAN,2,0,0,0
4610632,3,M,B,C,STNWG,1,0,0,0
453975,1,M,D,D,HDTOP,2,0,0,0
7334149,6,M,C,A,SEDAN,3,1,1,2767.279999
8339974,5,F,B,B,HBACK,1,0,0,0
2959525,2,F,B,D,SEDAN,1,1,1,2107.049999
5967088,2,F,C,D,STNWG,3,0,0,0
768614,2,F,D,C,STNWG,1,0,0,0
8363719,2,F,A,D,SEDAN,1,0,0,0
1007073,4,F,C,D,HDTOP,1,0,0,0
6794360,3,F,C,D,HBACK,3,0,0,0
8875197,4,M,D,D,UTE,3,0,0,0
3749431,6,M,B,D,SEDAN,4,0,0,0
3623219,6,F,A,B,HBACK,1,0,0,0
3664568,3,M,B,C,STNWG,3,0,0,0
4942909,5,F,C,B,HBACK,2,0,0,0
1144390,3,F,A,D,HBACK,3,0,0,0
6857465,4,M,A,C,SEDAN,3,0,0,0
3562044,3,M,C,C,STNWG,4,0,0,0
2440760,2,M,F,D,STNWG,4,0,0,0
4586866,4,F,B,D,HBACK,4,0,0,0
3930309,3,F,C,D,STNWG,3,0,0,0
2884589,4,F,C,D,HBACK,2,0,0,0
8315710,2,M,B,C,HBACK,1,0,0,0
5453149,5,F,B,B,HBACK,4,0,0,0
7315350,4,M,C,C,SEDAN,2,0,0,0
2568016,4,F,F,D,HDTOP,1,0,0,0
1133940,2,M,C,B,STNWG,3,0,0,0
7223680,2,F,C,B,HBACK,2,0,0,0
3798422,1,F,C,B,HBACK,1,0,0,0
7446122,3,M,D,D,STNWG,4,0,0,0
9923475,5,F,E,A,SEDAN,4,0,0,0
2166114,3,F,D,B,STNWG,3,0,0,0
4429781,3,F,D,D,STNWG,3,0,0,0
4516136,3,F,D,B,HBACK,4,0,0,0
660564,1,F,C,D,HBACK,2,0,0,0
4544107,4,M,A,D,STNWG,3,0,0,0
8778950,2,F,B,B,HBACK,3,0,0,0
5381962,3,M,A,C,STNWG,1,0,0,0
8463326,1,M,F,D,UTE,4,0,0,0
7135256,4,M,B,D,MIBUS,4,0,0,0
3603939,2,M,F,C,STNWG,4,0,0,0
1128714,4,F,A,D,TRUCK,2,0,0,0
2448943,2,M,B,D,MIBUS,4,0,0,0
1449046,6,M,A,D,HBACK,1,0,0,0
8251151,5,M,A,C,SEDAN,3,0,0,0
4819234,5,M,D,C,STNWG,2,0,0,0
1255669,6,F,C,C,HBACK,4,0,0,0
4235423,5,M,B,C,SEDAN,1,0,0,0
595919,2,M,C,B,HBACK,2,0,0,0
786904,1,F,F,D,STNWG,3,0,0,0
9695391,2,F,C,D,SEDAN,3,0,0,0
8435864,5,M,C,D,SEDAN,2,1,1,1544.759998
5431665,4,F,B,C,HBACK,4,0,0,0
1355262,4,F,B,B,HBACK,4,0,0,0
8857232,4,F,C,B,HBACK,1,0,0,0
7138447,4,F,E,D,STNWG,4,0,0,0
2468237,1,F,D,D,HBACK,4,0,0,0
3931284,4,F,C,D,STNWG,2,0,0,0
4690084,1,M,D,D,STNWG,3,0,0,0
4697086,5,M,E,D,SEDAN,3,0,0,0
4320306,4,F,C,C,STNWG,2,0,0,0
300114,4,F,B,D,SEDAN,2,0,0,0
5889060,4,M,A,B,HBACK,4,0,0,0
6347257,4,F,B,B,HBACK,1,0,0,0
3644798,6,F,A,D,HBACK,2,0,0,0
6511947,3,M,B,D,SEDAN,4,0,0,0
4819924,5,M,A,A,STNWG,2,0,0,0
8652449,2,F,A,C,STNWG,4,1,1,443.9799995
4095282,3,M,E,D,STNWG,3,0,0,0
622476,5,F,C,B,HBACK,2,0,0,0
1424510,4,F,B,D,STNWG,4,0,0,0
1208224,1,M,A,D,STNWG,4,0,0,0
3565508,1,M,C,D,UTE,3,0,0,0
6591431,5,F,E,B,SEDAN,3,0,0,0
8469650,2,M,A,C,HBACK,4,0,0,0
3471353,4,M,B,B,SEDAN,2,0,0,0
152099,3,F,D,D,STNWG,3,0,0,0
6369487,6,M,B,B,HBACK,2,1,1,876.3699989
8603530,4,F,A,B,STNWG,2,0,0,0
2854091,5,M,C,D,HBACK,1,0,0,0
5773339,3,F,E,C,STNWG,2,0,0,0
6243973,4,F,C,C,PANVN,4,0,0,0
7221379,6,F,B,D,SEDAN,2,0,0,0
3484229,4,M,E,C,STNWG,1,0,0,0
9580377,2,M,A,D,STNWG,4,0,0,0
3474998,4,M,E,D,STNWG,2,0,0,0
9849941,3,F,C,D,HBACK,2,0,0,0
7403937,4,F,C,D,STNWG,4,0,0,0
3415508,2,M,A,D,HBACK,4,0,0,0
1582680,2,M,E,D,COUPE,4,0,0,0
704458,4,M,F,C,STNWG,4,0,0,0
1344014,1,F,C,B,HBACK,3,0,0,0
1202719,3,F,B,D,STNWG,2,0,0,0
2422832,3,M,C,D,SEDAN,1,0,0,0
3973493,3,M,C,D,UTE,4,0,0,0
106279,3,M,B,D,STNWG,3,0,0,0
9581796,1,F,A,D,SEDAN,1,0,0,0
229158,3,F,A,D,HBACK,4,0,0,0
1909914,2,F,B,D,HBACK,4,0,0,0
3103328,3,F,C,D,UTE,3,0,0,0
1377696,6,F,B,D,SEDAN,2,0,0,0
7142736,5,F,C,D,SEDAN,3,0,0,0
3934091,5,M,A,C,STNWG,4,0,0,0
8465325,1,F,C,D,HBACK,4,0,0,0
2594664,3,M,E,C,STNWG,3,0,0,0
6116130,3,M,A,B,HBACK,3,0,0,0
7058994,2,F,A,D,UTE,3,0,0,0
4652346,3,F,D,B,SEDAN,3,0,0,0
420055,3,M,B,C,STNWG,1,0,0,0
3920070,6,F,A,B,HBACK,1,0,0,0
1794383,2,M,C,D,SEDAN,3,0,0,0
6428137,3,F,C,C,TRUCK,3,0,0,0
2734582,6,F,D,D,SEDAN,2,0,0,0
745547,4,F,D,C,STNWG,1,1,1,200
3175344,3,F,C,D,SEDAN,3,0,0,0
6573859,6,F,A,D,SEDAN,3,0,0,0
4540940,1,F,C,D,HBACK,3,0,0,0
8603350,2,M,E,D,UTE,4,0,0,0
98633,2,F,A,D,SEDAN,3,0,0,0
8500219,3,M,F,D,STNWG,4,0,0,0
681462,3,F,E,C,STNWG,4,0,0,0
5107797,2,F,B,D,HDTOP,1,0,0,0
9996216,3,M,A,D,TRUCK,1,0,0,0
8535369,3,F,C,B,HBACK,1,0,0,0
5010246,2,F,E,D,HBACK,2,1,1,1094.109999
5161109,6,F,A,D,SEDAN,3,0,0,0
8686309,5,M,E,D,UTE,4,0,0,0
2892661,1,F,E,C,SEDAN,1,0,0,0
8087511,4,M,D,D,UTE,4,0,0,0
6253608,3,F,B,B,SEDAN,4,0,0,0
8092705,3,M,B,B,HBACK,2,0,0,0
1324517,6,F,D,D,SEDAN,2,0,0,0
4721238,5,M,D,C,UTE,4,0,0,0
6273686,2,M,C,D,UTE,4,0,0,0
3182814,5,F,D,D,SEDAN,3,0,0,0
9979633,6,M,A,A,SEDAN,2,0,0,0
7662593,4,F,B,D,SEDAN,2,0,0,0
5987008,4,M,C,D,HBACK,3,0,0,0
4037902,4,F,B,D,SEDAN,3,0,0,0
4944230,5,F,B,B,HBACK,3,0,0,0
3105952,3,M,C,D,STNWG,1,0,0,0
5222135,5,F,C,C,HBACK,3,0,0,0
8760392,1,F,A,B,HBACK,1,0,0,0
6226855,4,F,D,B,HBACK,3,0,0,0
1320085,3,F,B,D,SEDAN,2,0,0,0
7957841,2,M,C,D,STNWG,3,0,0,0
5214316,5,F,C,B,STNWG,3,0,0,0
6526700,4,M,D,C,STNWG,2,0,0,0
3151312,3,F,A,B,HBACK,2,0,0,0
9862973,4,M,B,B,HBACK,3,0,0,0
9723283,6,F,E,D,SEDAN,3,0,0,0
2773458,2,F,B,D,SEDAN,2,0,0,0
4543564,4,M,A,D,SEDAN,4,0,0,0
5405794,2,F,C,B,SEDAN,4,0,0,0
6488111,6,F,C,D,STNWG,4,0,0,0
2788723,3,F,C,C,SEDAN,1,0,0,0
8892030,2,M,D,D,SEDAN,1,0,0,0
7385467,3,M,B,D,SEDAN,2,0,0,0
2983420,4,F,C,D,HBACK,2,0,0,0
2951216,2,F,C,C,SEDAN,3,0,0,0
6531343,2,F,A,D,HBACK,3,0,0,0
6129402,6,M,A,D,SEDAN,2,0,0,0
4977481,5,M,B,D,SEDAN,2,0,0,0
6112166,5,F,C,B,SEDAN,3,0,0,0
5334908,6,M,A,C,STNWG,1,1,1,1332.439999
6066875,2,F,D,C,STNWG,2,1,1,390
3830895,4,M,A,D,STNWG,3,0,0,0
8280302,1,F,C,C,SEDAN,1,0,0,0
683073,6,M,B,B,HBACK,2,0,0,0
6531769,1,F,B,D,HBACK,4,0,0,0
5236250,3,F,D,B,HBACK,1,0,0,0
894486,3,F,C,D,STNWG,4,0,0,0
8210370,6,F,C,B,HBACK,1,0,0,0
2693418,4,M,A,D,STNWG,1,0,0,0
3750646,6,F,A,B,HBACK,2,0,0,0
5931179,3,F,D,B,SEDAN,3,0,0,0
9980344,4,M,E,B,SEDAN,3,0,0,0
9319179,6,F,A,D,SEDAN,1,0,0,0
7032229,1,F,C,D,SEDAN,2,0,0,0
4275160,3,M,C,C,STNWG,3,0,0,0
3749042,6,F,B,D,STNWG,4,0,0,0
7262946,3,F,B,B,HBACK,3,0,0,0
6186410,4,M,E,D,STNWG,2,0,0,0
6227865,3,M,B,C,STNWG,4,0,0,0
2675579,3,F,C,D,SEDAN,1,0,0,0
8436330,4,F,C,D,HBACK,1,0,0,0
6322884,1,M,A,D,UTE,1,0,0,0
63515,5,M,C,A,SEDAN,1,0,0,0
4979054,5,M,B,C,HBACK,4,0,0,0
8653126,3,F,D,D,SEDAN,4,0,0,0
6858647,6,M,E,C,STNWG,4,0,0,0
606195,2,F,D,B,HBACK,3,0,0,0
9028793,3,M,B,D,SEDAN,2,0,0,0
1027763,5,M,D,D,SEDAN,2,0,0,0
158215,4,M,C,D,STNWG,1,0,0,0
512228,2,F,A,D,STNWG,3,0,0,0
5282179,3,F,A,C,STNWG,2,0,0,0
5848188,3,M,C,D,SEDAN,4,0,0,0
2775519,2,F,C,B,HBACK,3,0,0,0
8064956,2,F,C,D,STNWG,3,1,1,561.6799994
1082549,2,M,E,B,HBACK,3,0,0,0
4510534,3,F,C,D,MIBUS,4,0,0,0
3824369,2,F,A,B,HBACK,2,0,0,0
8837213,2,F,C,B,HBACK,4,1,1,4327.509995
3755622,2,M,C,C,STNWG,3,0,0,0
7771598,5,M,A,B,HBACK,1,0,0,0
4954801,4,M,E,D,SEDAN,1,0,0,0
6868866,5,F,E,D,SEDAN,4,0,0,0
7177237,4,M,D,B,HBACK,4,0,0,0
9006769,5,M,A,D,SEDAN,3,0,0,0
4264289,3,F,D,B,SEDAN,1,0,0,0
9979649,1,M,F,C,TRUCK,3,0,0,0
3814186,1,M,A,C,TRUCK,4,0,0,0
9437313,5,M,C,D,SEDAN,1,0,0,0
8362088,4,M,D,D,UTE,4,0,0,0
6663304,2,F,A,D,HBACK,1,0,0,0
6232181,5,F,A,D,HBACK,2,0,0,0
1014060,4,F,C,D,STNWG,4,0,0,0
4057916,2,M,C,D,HBACK,3,0,0,0
7584035,3,F,C,D,SEDAN,1,0,0,0
2440290,2,M,C,D,SEDAN,3,0,0,0
4732287,3,F,A,D,UTE,4,0,0,0
6230747,6,M,C,D,SEDAN,3,0,0,0
2999774,5,M,B,C,SEDAN,3,0,0,0
1802572,5,M,C,D,UTE,2,0,0,0
4351704,1,M,C,D,STNWG,4,0,0,0
5130152,4,F,C,B,SEDAN,3,0,0,0
98081,4,M,A,D,HBACK,2,0,0,0
986049,3,F,A,B,HBACK,1,0,0,0
2455903,1,F,D,B,SEDAN,2,0,0,0
8075449,4,M,C,D,HBACK,4,0,0,0
142883,1,M,A,B,HBACK,2,0,0,0
1865646,2,F,E,B,SEDAN,1,0,0,0
1253849,3,F,A,D,SEDAN,3,0,0,0
540799,3,M,A,C,STNWG,1,0,0,0
872006,4,F,E,D,SEDAN,1,0,0,0
6360598,2,F,A,D,SEDAN,1,1,1,200
6298462,3,F,C,D,STNWG,3,0,0,0
898840,5,F,F,D,STNWG,3,0,0,0
168728,4,M,A,B,HBACK,2,0,0,0
435532,2,F,C,D,SEDAN,4,0,0,0
3547685,1,M,A,D,SEDAN,3,0,0,0
7426036,4,F,B,D,SEDAN,2,0,0,0
951550,5,M,B,D,SEDAN,4,0,0,0
8144183,2,M,C,D,HBACK,3,0,0,0
7179067,4,F,B,B,HBACK,2,0,0,0
6800623,3,M,A,D,SEDAN,3,0,0,0
2662504,2,F,C,D,SEDAN,4,0,0,0
2669628,4,M,B,D,SEDAN,3,0,0,0
9410480,2,M,F,D,STNWG,3,0,0,0
7144722,3,M,A,C,UTE,4,0,0,0
1685602,4,M,C,B,HBACK,3,0,0,0
1497591,4,M,C,D,SEDAN,3,1,1,1392.619999
6889448,5,M,B,B,HBACK,2,0,0,0
9311984,4,M,E,D,SEDAN,1,0,0,0
5017014,5,M,A,D,STNWG,2,0,0,0
3943390,3,M,C,D,STNWG,3,0,0,0
461352,1,M,B,D,UTE,3,0,0,0
4059290,5,F,B,D,HBACK,4,0,0,0
7877536,3,M,A,D,SEDAN,2,0,0,0
4940649,1,F,C,D,SEDAN,3,0,0,0
6623977,6,M,D,D,SEDAN,3,0,0,0
9188869,4,M,B,D,PANVN,4,0,0,0
8817419,4,F,E,D,STNWG,3,1,1,200
4573442,3,M,C,B,SEDAN,3,0,0,0
2553399,3,F,A,C,STNWG,4,0,0,0
9412318,5,F,B,B,SEDAN,1,0,0,0
5883576,4,M,A,D,STNWG,3,0,0,0
3299430,3,M,B,B,COUPE,4,0,0,0
6847495,6,M,A,A,SEDAN,2,0,0,0
414840,4,F,A,C,HBACK,2,0,0,0
6908843,3,F,D,B,HBACK,2,0,0,0
4689562,3,F,D,D,STNWG,4,1,1,389.9499998
3155161,6,M,A,D,SEDAN,3,0,0,0
1698249,4,F,A,D,SEDAN,3,0,0,0
3562391,5,M,D,C,STNWG,1,0,0,0
9728890,3,F,D,B,SEDAN,2,0,0,0
8898846,2,F,C,D,SEDAN,1,0,0,0
2792713,6,F,E,D,SEDAN,4,0,0,0
4740713,3,M,D,C,STNWG,4,0,0,0
4290708,4,F,C,C,SEDAN,4,0,0,0
5323898,3,M,A,D,TRUCK,4,0,0,0
8396395,5,F,C,B,HBACK,2,0,0,0
9859378,3,M,F,D,HDTOP,4,0,0,0
2643817,1,F,A,D,HBACK,4,0,0,0
7971579,4,M,A,D,STNWG,3,0,0,0
5891893,5,M,E,B,SEDAN,3,0,0,0
6572377,1,F,C,B,HBACK,1,1,1,4491.893631
1151043,3,M,C,B,HBACK,4,0,0,0
7426138,3,M,C,B,SEDAN,3,0,0,0
2120371,3,F,A,C,STNWG,4,0,0,0
6500289,5,F,C,D,STNWG,3,0,0,0
3025766,2,F,A,D,SEDAN,2,0,0,0
2518078,6,F,E,C,STNWG,4,0,0,0
8071931,4,F,C,D,SEDAN,4,0,0,0
555113,2,F,F,D,HBACK,1,0,0,0
1581353,2,F,E,B,SEDAN,3,0,0,0
196947,3,M,C,D,SEDAN,3,0,0,0
342203,4,M,C,D,SEDAN,4,0,0,0
2836901,4,F,C,D,HBACK,2,0,0,0
7168325,3,M,D,D,COUPE,4,0,0,0
1138115,3,F,A,B,SEDAN,4,0,0,0
3470479,1,F,B,B,HBACK,3,0,0,0
131518,3,F,B,B,STNWG,1,0,0,0
7364706,4,F,A,D,HBACK,4,0,0,0
586778,3,M,A,D,HBACK,1,0,0,0
7033773,6,M,D,D,HDTOP,4,0,0,0
3930619,4,F,C,D,SEDAN,3,0,0,0
937212,2,F,D,C,STNWG,3,0,0,0
3588982,3,F,D,D,TRUCK,4,0,0,0
8816832,5,F,A,D,COUPE,4,0,0,0
7001008,1,M,C,A,STNWG,2,0,0,0
9541824,3,F,A,B,HBACK,3,0,0,0
2663793,3,F,A,B,HBACK,3,0,0,0
1516761,2,F,C,C,STNWG,2,1,1,1760.769997
5602458,3,F,A,C,STNWG,1,0,0,0
4184508,2,M,F,D,STNWG,2,0,0,0
6868043,5,M,D,D,HBACK,2,0,0,0
8225769,5,F,A,B,SEDAN,3,0,0,0
3303385,3,F,A,D,HBACK,1,0,0,0
4547989,4,F,A,C,SEDAN,3,0,0,0
7540792,2,F,F,D,STNWG,4,0,0,0
2476753,4,F,C,D,SEDAN,4,0,0,0
6876099,4,M,D,D,MIBUS,3,0,0,0
4296864,5,M,B,D,TRUCK,4,0,0,0
4708744,3,F,B,D,UTE,4,0,0,0
1126177,2,M,A,D,UTE,3,0,0,0
6358757,4,M,B,D,SEDAN,3,0,0,0
8683652,5,F,C,D,SEDAN,1,0,0,0
4067614,2,F,D,C,STNWG,3,0,0,0
9440139,6,F,A,B,HBACK,1,0,0,0
4131555,4,F,C,B,SEDAN,1,0,0,0
2044211,6,F,C,D,SEDAN,2,0,0,0
8306504,4,F,A,D,HBACK,3,0,0,0
7195721,4,M,C,D,STNWG,4,0,0,0
1148129,3,M,C,D,SEDAN,3,0,0,0
5326401,4,F,C,B,HBACK,2,0,0,0
1515014,6,M,C,D,STNWG,1,0,0,0
1449155,2,M,A,C,HDTOP,4,0,0,0
2681676,2,M,C,D,STNWG,1,1,1,20129.38995
4922148,5,F,C,B,HBACK,1,0,0,0
4047734,4,F,A,D,SEDAN,2,0,0,0
7785775,5,M,B,C,SEDAN,2,0,0,0
5642270,4,F,C,B,HBACK,2,0,0,0
5086454,3,F,B,B,HBACK,1,1,1,200
395470,1,F,E,B,HBACK,2,0,0,0
1767751,5,F,B,D,HBACK,3,0,0,0
2176759,5,F,C,D,SEDAN,3,0,0,0
8348357,5,F,B,B,HBACK,1,0,0,0
6242502,2,M,C,D,MIBUS,4,0,0,0
4809979,1,F,A,D,HBACK,4,0,0,0
650050,3,M,B,B,HBACK,4,0,0,0
4051295,6,F,A,D,HBACK,3,0,0,0
7152111,4,F,D,B,SEDAN,2,0,0,0
9585984,4,F,C,D,HBACK,1,0,0,0
6707385,4,M,E,D,SEDAN,4,0,0,0
7418800,5,M,B,D,UTE,4,0,0,0
7907313,2,M,A,D,HDTOP,4,0,0,0
7122396,3,F,A,D,STNWG,3,0,0,0
2810776,6,M,A,D,STNWG,4,0,0,0
1495350,6,F,A,D,SEDAN,3,0,0,0
1244813,2,F,A,D,HBACK,3,0,0,0
8330740,3,F,C,D,STNWG,2,0,0,0
3907460,5,F,A,A,SEDAN,4,0,0,0
2843730,6,F,B,C,SEDAN,2,0,0,0
8909006,3,M,A,D,STNWG,1,0,0,0
6527247,3,M,A,D,UTE,1,0,0,0
2344862,4,F,A,C,STNWG,1,0,0,0
8762715,3,F,B,B,SEDAN,2,0,0,0
2511452,3,M,B,B,HBACK,3,0,0,0
7582612,3,M,B,C,HBACK,4,0,0,0
3873040,4,M,B,C,HBACK,4,0,0,0
2234944,2,F,B,C,SEDAN,3,0,0,0
97645,2,F,E,B,SEDAN,4,0,0,0
2720858,6,F,D,D,SEDAN,1,0,0,0
8056206,4,M,C,D,SEDAN,2,0,0,0
4308195,3,M,A,B,COUPE,3,0,0,0
2635869,1,M,F,D,TRUCK,3,0,0,0
5984324,5,F,C,D,HBACK,4,0,0,0
6861356,6,F,B,B,HBACK,4,1,1,1787.439999
4590209,3,F,B,D,SEDAN,2,0,0,0
4315936,3,F,C,B,HBACK,4,0,0,0
8751334,3,F,D,D,HBACK,3,0,0,0
6183913,5,M,B,D,STNWG,4,0,0,0
9423860,2,F,D,D,SEDAN,3,0,0,0
4324109,2,F,C,B,HBACK,2,0,0,0
4754382,3,M,A,C,STNWG,3,0,0,0
1393826,3,M,C,D,STNWG,4,0,0,0
7523961,3,F,A,D,STNWG,1,0,0,0
3781105,5,M,E,B,SEDAN,3,0,0,0
4319821,5,F,E,D,SEDAN,2,0,0,0
1489445,5,F,A,D,SEDAN,3,0,0,0
6051298,2,M,C,D,SEDAN,3,0,0,0
6728121,5,F,A,D,STNWG,1,0,0,0
8770618,3,M,B,D,HDTOP,3,1,1,290.9099999
9326030,5,F,C,C,STNWG,1,0,0,0
5154981,2,M,B,B,HBACK,2,0,0,0
4997706,2,F,C,D,MIBUS,4,0,0,0
9532911,3,M,D,D,UTE,4,0,0,0
8531671,4,F,D,D,UTE,3,0,0,0
3233597,3,M,E,D,UTE,4,0,0,0
6499644,2,F,F,C,STNWG,3,0,0,0
5272263,3,F,A,D,HBACK,3,0,0,0
8195877,2,F,B,B,HBACK,2,0,0,0
9321029,2,M,A,D,STNWG,4,0,0,0
2520444,4,F,A,D,HBACK,2,0,0,0
8044339,4,M,B,D,MIBUS,3,0,0,0
9022119,3,M,C,C,STNWG,1,0,0,0
307946,4,F,D,D,SEDAN,2,0,0,0
2789748,4,F,C,D,UTE,1,0,0,0
168660,5,M,D,D,HDTOP,4,0,0,0
1199086,5,F,F,D,HBACK,4,0,0,0
9732634,6,M,B,D,HBACK,1,0,0,0
6848039,3,F,E,D,STNWG,3,0,0,0
3175848,1,F,B,D,HBACK,4,0,0,0
4295980,2,M,C,D,STNWG,1,0,0,0
1180565,1,M,C,D,SEDAN,2,0,0,0
5001672,5,M,B,D,STNWG,3,0,0,0
1957212,6,M,D,D,HBACK,1,0,0,0
838119,4,F,C,B,SEDAN,3,0,0,0
418622,2,M,C,D,HBACK,4,0,0,0
6563437,4,F,C,B,HBACK,3,0,0,0
5696324,2,F,C,B,COUPE,4,0,0,0
4860149,6,M,D,D,SEDAN,3,0,0,0
5278473,5,F,C,B,SEDAN,3,0,0,0
714054,3,M,E,C,UTE,2,0,0,0
4558737,4,F,C,B,SEDAN,1,0,0,0
6752562,5,M,D,D,TRUCK,1,0,0,0
7508936,4,M,C,C,STNWG,4,0,0,0
233198,2,M,B,D,SEDAN,2,0,0,0
1900358,4,F,C,D,HBACK,2,1,1,331.8199997
6134713,2,M,A,C,SEDAN,2,0,0,0
1063358,2,F,D,B,HBACK,1,0,0,0
6526412,4,M,A,D,UTE,4,0,0,0
2535715,4,F,C,B,HBACK,1,0,0,0
4255312,5,F,B,B,HBACK,3,0,0,0
199034,2,F,D,D,HBACK,3,0,0,0
2526054,2,F,A,D,SEDAN,4,0,0,0
9732476,6,F,C,D,SEDAN,3,0,0,0
6686822,6,F,F,B,HBACK,3,0,0,0
6602867,3,F,A,D,STNWG,1,0,0,0
1771787,3,M,D,D,STNWG,2,0,0,0
3903061,4,M,A,D,STNWG,3,0,0,0
8261631,6,F,D,C,HBACK,2,0,0,0
6108633,3,M,A,D,HBACK,2,0,0,0
6225722,6,M,C,B,HBACK,2,0,0,0
5699413,1,M,A,C,STNWG,4,0,0,0
1055736,1,F,B,C,SEDAN,3,0,0,0
886867,4,F,D,D,UTE,1,0,0,0
6147788,2,M,C,B,HBACK,1,1,2,1706.879999
1591221,1,F,B,B,HBACK,2,0,0,0
5224487,4,F,C,C,STNWG,3,0,0,0
7431299,5,F,A,D,SEDAN,2,0,0,0
7124821,1,F,A,D,COUPE,3,1,2,1088.74
4674281,5,M,C,D,STNWG,4,0,0,0
4263300,5,M,C,D,SEDAN,3,0,0,0
4306777,4,F,D,D,SEDAN,3,1,1,200
3096335,4,M,C,C,STNWG,3,0,0,0
1684951,5,F,A,D,SEDAN,4,0,0,0
7179990,3,M,A,D,SEDAN,1,0,0,0
7450750,2,F,A,C,STNWG,2,0,0,0
4211973,4,F,C,D,SEDAN,2,0,0,0
4811777,2,M,B,B,HBACK,4,0,0,0
1930076,4,M,A,D,UTE,1,0,0,0
5506784,4,M,D,C,UTE,3,1,1,3837.689995
3906891,6,F,A,D,HBACK,2,0,0,0
9057946,3,F,A,D,STNWG,2,0,0,0
3805930,4,M,B,C,SEDAN,3,0,0,0
1609731,2,F,D,D,STNWG,3,0,0,0
6526266,3,F,A,D,HBACK,3,0,0,0
4262084,2,M,B,C,HBACK,1,0,0,0
2053683,3,F,B,C,STNWG,4,0,0,0
2999703,6,F,B,D,SEDAN,2,0,0,0
8760354,4,M,C,D,STNWG,3,0,0,0
4640166,4,M,A,D,HBACK,1,0,0,0
1127874,3,F,C,D,SEDAN,4,0,0,0
7760600,4,F,A,D,STNWG,4,0,0,0
2853382,3,F,C,D,STNWG,1,0,0,0
9559911,4,F,A,B,HBACK,2,1,1,207.2700005
1640960,4,F,A,D,SEDAN,3,0,0,0
7305237,2,M,A,D,HBACK,3,0,0,0
4018503,2,F,E,C,STNWG,1,0,0,0
6039316,2,F,A,B,HBACK,3,0,0,0
8873890,4,F,E,D,SEDAN,4,0,0,0
9558260,1,F,F,D,UTE,3,0,0,0
4255038,6,F,B,C,HBACK,3,0,0,0
8765665,6,M,A,B,SEDAN,4,1,2,2715.719999
7555976,3,F,A,D,STNWG,4,0,0,0
2592998,5,F,C,D,HBACK,3,0,0,0
9423213,5,F,C,B,HBACK,2,0,0,0
1234305,2,F,D,B,SEDAN,2,0,0,0
8767284,3,M,A,C,STNWG,3,0,0,0
8759067,3,F,B,D,SEDAN,3,0,0,0
5326387,5,F,C,C,SEDAN,4,0,0,0
7834410,2,M,C,C,STNWG,4,0,0,0
2618978,3,M,A,D,UTE,4,0,0,0
1722549,1,F,E,D,STNWG,2,0,0,0
1968557,3,F,B,D,UTE,3,0,0,0
8636818,3,F,B,D,HBACK,2,0,0,0
8476081,5,F,E,C,SEDAN,4,0,0,0
3229699,6,F,C,C,SEDAN,3,0,0,0
5780068,3,F,C,D,SEDAN,4,0,0,0
1827896,3,F,A,D,SEDAN,3,0,0,0
7533918,3,F,E,B,SEDAN,3,0,0,0
2667031,4,F,C,D,SEDAN,3,0,0,0
3663531,2,M,C,B,SEDAN,4,1,1,5763.179977
1199305,3,F,D,D,STNWG,4,1,1,2968.489998
9831931,5,F,E,B,HBACK,1,0,0,0
8397673,2,M,C,D,SEDAN,2,0,0,0
5214795,1,F,B,B,HBACK,2,0,0,0
2465117,3,M,A,B,HBACK,2,0,0,0
8819633,2,M,A,C,SEDAN,3,1,1,803.8799992
8070469,5,M,F,C,TRUCK,4,0,0,0
7469569,5,F,A,D,PANVN,2,0,0,0
211817,4,F,D,B,HBACK,1,0,0,0
2682622,4,F,C,D,STNWG,4,0,0,0
7202517,1,F,F,B,SEDAN,3,0,0,0
2664805,1,F,C,D,SEDAN,3,0,0,0
3596302,2,M,F,D,HBACK,4,0,0,0
1200818,4,M,C,D,SEDAN,2,0,0,0
1213632,5,M,B,D,SEDAN,4,0,0,0
9710914,2,M,B,D,STNWG,4,1,1,9237.059967
969358,4,F,C,D,SEDAN,3,1,1,367.7299995
8445388,2,M,D,D,SEDAN,4,0,0,0
7555215,3,M,C,D,UTE,3,0,0,0
8075957,3,F,B,B,HBACK,2,0,0,0
1759691,6,M,C,D,STNWG,3,0,0,0
382335,2,F,D,B,SEDAN,4,0,0,0
1205569,2,F,C,D,HBACK,4,0,0,0
8668897,3,F,C,D,STNWG,4,0,0,0
9420081,3,F,C,C,STNWG,4,0,0,0
783042,4,F,A,D,SEDAN,1,0,0,0
4545199,5,M,C,D,TRUCK,4,0,0,0
4675506,4,F,C,D,STNWG,3,0,0,0
4063217,3,M,E,D,HDTOP,4,0,0,0
5240243,3,F,F,D,UTE,4,0,0,0
9405296,6,M,A,D,SEDAN,2,0,0,0
9833040,4,M,A,C,STNWG,4,0,0,0
891913,3,M,D,D,STNWG,3,0,0,0
1428286,6,F,B,D,SEDAN,4,0,0,0
1631727,3,F,F,D,UTE,4,0,0,0
7281241,3,F,A,B,HBACK,1,0,0,0
3878840,3,F,A,D,SEDAN,2,1,1,3141.639999
5411259,1,F,F,B,HBACK,3,0,0,0
2768660,4,F,A,B,STNWG,2,0,0,0
3476053,4,F,E,D,SEDAN,3,0,0,0
2478509,6,M,E,D,SEDAN,4,0,0,0
1161437,3,M,C,D,COUPE,4,0,0,0
9725994,2,F,A,B,HBACK,3,0,0,0
148011,2,F,D,D,UTE,3,0,0,0
2664979,5,M,E,B,HBACK,2,0,0,0
6969686,5,F,A,B,HBACK,2,0,0,0
8692526,4,M,D,C,SEDAN,3,0,0,0
6802340,4,M,C,C,STNWG,3,0,0,0
2427043,2,M,C,B,SEDAN,4,0,0,0
9818851,5,M,B,B,SEDAN,1,0,0,0
153327,2,F,B,B,STNWG,3,1,1,498.3499994
7472513,2,F,B,D,HBACK,4,0,0,0
9225397,2,F,B,B,HBACK,1,0,0,0
9738524,3,M,B,B,HBACK,1,0,0,0
1923774,3,F,D,D,UTE,3,0,0,0
3332970,2,M,C,B,HBACK,1,0,0,0
7868169,3,F,C,C,STNWG,3,0,0,0
2771324,3,M,A,C,SEDAN,1,1,1,646.3499994
9463313,4,F,E,B,HBACK,1,0,0,0
6329289,2,F,A,C,HBACK,2,0,0,0
8661239,1,M,C,C,UTE,1,0,0,0
3922723,3,F,B,D,STNWG,1,0,0,0
1012555,4,F,B,D,UTE,4,0,0,0
4255957,4,M,C,D,SEDAN,3,0,0,0
619223,2,M,A,D,PANVN,2,0,0,0
1943829,2,M,C,D,UTE,3,0,0,0
3153865,6,M,C,D,SEDAN,4,0,0,0
8908697,3,M,C,B,SEDAN,3,0,0,0
511312,4,F,E,D,SEDAN,1,1,1,200
4694589,4,M,A,D,STNWG,3,0,0,0
1336014,6,M,C,B,SEDAN,3,0,0,0
2864828,3,F,B,B,HBACK,4,0,0,0
4999974,4,M,E,D,UTE,4,0,0,0
6791471,5,M,D,D,STNWG,1,0,0,0
3389988,2,F,C,D,SEDAN,3,0,0,0
9428252,3,M,B,C,SEDAN,2,0,0,0
5005783,4,F,B,D,HBACK,4,0,0,0
8156179,3,M,F,D,STNWG,3,0,0,0
336942,6,F,E,D,SEDAN,2,0,0,0
6801796,5,F,B,B,HBACK,1,0,0,0
6337512,2,M,C,D,HBACK,2,0,0,0
6345596,3,F,E,D,PANVN,2,0,0,0
8098516,3,F,C,D,MIBUS,3,0,0,0
3395915,5,M,C,D,HBACK,3,0,0,0
6846936,6,M,D,D,SEDAN,3,0,0,0
5384362,4,F,F,D,STNWG,4,0,0,0
49887,4,M,D,D,UTE,1,0,0,0
4065383,4,F,C,C,UTE,3,0,0,0
9643729,3,F,B,D,SEDAN,2,0,0,0
3394210,4,M,D,D,STNWG,2,0,0,0
2664770,4,F,C,D,SEDAN,2,0,0,0
1636856,4,F,A,D,HBACK,3,0,0,0
11138,2,M,C,D,SEDAN,1,0,0,0
1614676,3,F,C,C,STNWG,4,0,0,0
8394181,4,M,E,C,STNWG,4,0,0,0
8762905,3,M,B,C,COUPE,4,0,0,0
7387916,1,F,A,B,HBACK,3,0,0,0
9760434,4,F,B,B,HBACK,4,0,0,0
8074058,3,F,B,D,SEDAN,4,0,0,0
6843872,3,M,B,D,PANVN,4,0,0,0
2088620,5,F,C,B,SEDAN,3,0,0,0
782759,4,M,D,D,STNWG,3,0,0,0
8212156,2,M,B,B,HBACK,2,0,0,0
9148926,5,M,C,D,STNWG,2,0,0,0
9194984,5,F,D,D,PANVN,3,0,0,0
5089342,4,M,D,C,TRUCK,3,0,0,0
5269899,4,F,D,C,STNWG,4,0,0,0
8083044,3,F,F,C,STNWG,2,0,0,0
4234656,2,M,B,D,SEDAN,3,0,0,0
4386477,4,M,A,B,HBACK,1,0,0,0
2058657,3,F,E,B,HBACK,3,0,0,0
303030,4,F,C,D,STNWG,4,0,0,0
1336420,5,M,D,D,STNWG,4,0,0,0
4518193,4,M,A,D,SEDAN,2,0,0,0
4291505,3,F,D,C,SEDAN,3,0,0,0
5891659,5,M,C,D,STNWG,4,0,0,0
9133866,4,F,B,B,SEDAN,4,0,0,0
2075291,2,F,A,C,STNWG,4,0,0,0
5369942,4,F,E,C,HBACK,2,0,0,0
5464987,3,F,B,B,SEDAN,3,0,0,0
9364926,5,F,C,B,STNWG,2,0,0,0
3935125,3,F,E,D,STNWG,3,0,0,0
8516667,5,M,C,B,STNWG,1,0,0,0
8765689,5,M,C,C,COUPE,4,0,0,0
4896844,2,F,B,D,SEDAN,2,0,0,0
8745998,6,M,B,D,STNWG,3,0,0,0
6404908,6,F,A,C,SEDAN,4,0,0,0
2650600,6,F,C,D,SEDAN,2,0,0,0
4060127,5,M,B,D,SEDAN,2,0,0,0
8095219,3,F,C,B,SEDAN,3,0,0,0
8505145,2,F,A,B,HBACK,3,0,0,0
9243593,4,F,C,C,SEDAN,3,0,0,0
9015127,6,M,A,A,COUPE,4,0,0,0
3585501,4,F,D,B,HBACK,3,0,0,0
2553726,5,F,A,D,SEDAN,4,0,0,0
1442146,4,F,B,D,STNWG,4,0,0,0
4750483,2,F,A,B,HBACK,3,0,0,0
4077495,4,M,D,C,STNWG,1,0,0,0
2439031,2,M,B,D,UTE,4,0,0,0
7027868,4,F,C,D,HBACK,4,1,1,3292.659996
1046681,4,F,B,D,STNWG,4,0,0,0
3877117,3,F,B,D,STNWG,3,0,0,0
3933610,4,F,C,B,HBACK,1,0,0,0
6857978,4,F,C,B,SEDAN,3,0,0,0
7423010,4,F,C,D,SEDAN,4,0,0,0
2562750,4,M,F,D,STNWG,1,0,0,0
5812538,4,F,B,D,COUPE,4,0,0,0
1387718,4,M,A,D,SEDAN,1,0,0,0
8096653,5,F,B,D,UTE,3,0,0,0
9339490,4,M,C,C,STNWG,1,0,0,0
8909757,1,M,B,C,STNWG,3,1,1,1818.379997
759807,1,F,E,B,SEDAN,2,0,0,0
6230597,1,F,B,D,MIBUS,4,0,0,0
41110,5,F,D,D,SEDAN,4,0,0,0
439116,3,F,B,C,STNWG,2,0,0,0
2094248,4,F,C,D,HBACK,1,0,0,0
8204138,4,M,A,C,SEDAN,3,0,0,0
1337058,4,M,B,C,TRUCK,2,0,0,0
8077269,1,M,D,D,STNWG,3,0,0,0
1200873,1,M,C,D,SEDAN,2,0,0,0
6924095,5,F,B,D,STNWG,4,0,0,0
1407289,4,F,C,B,HBACK,1,0,0,0
4543442,6,F,C,B,HBACK,3,0,0,0
383777,3,M,B,D,COUPE,4,1,1,200
6040718,3,M,A,D,STNWG,2,0,0,0
4686494,5,F,A,D,HBACK,4,0,0,0
4731622,4,M,B,D,SEDAN,3,0,0,0
6775203,2,M,A,B,HBACK,2,0,0,0
4675672,1,F,C,B,HBACK,3,0,0,0
9997453,4,F,D,D,STNWG,4,0,0,0
9772046,2,F,D,D,STNWG,3,0,0,0
231094,3,F,F,C,STNWG,1,0,0,0
624809,2,M,B,D,SEDAN,2,0,0,0
3980138,5,F,C,D,HBACK,3,0,0,0
6922118,6,M,E,D,STNWG,4,0,0,0
1344039,3,M,B,D,STNWG,2,0,0,0
726933,4,F,E,C,STNWG,4,0,0,0
7157313,4,F,A,C,STNWG,2,0,0,0
3527527,2,M,E,C,HDTOP,4,0,0,0
9414510,1,F,C,C,STNWG,3,0,0,0
9971939,6,M,A,D,STNWG,4,0,0,0
561049,1,F,A,C,SEDAN,3,1,1,408.1299996
7687585,6,F,B,D,HBACK,2,0,0,0
7924444,2,F,E,D,SEDAN,2,0,0,0
2819154,1,F,B,D,SEDAN,4,0,0,0
2492434,3,F,A,C,SEDAN,1,0,0,0
4813918,1,F,C,D,SEDAN,4,0,0,0
243738,5,F,B,D,SEDAN,2,0,0,0
6757194,6,M,C,D,STNWG,2,0,0,0
5690786,5,M,C,B,HBACK,1,0,0,0
3590160,4,F,A,B,HBACK,3,0,0,0
3592346,3,F,C,D,SEDAN,3,0,0,0
2840783,2,F,B,D,HBACK,2,0,0,0
4695491,5,F,B,B,HBACK,1,0,0,0
3560425,4,F,F,D,STNWG,4,0,0,0
9149722,4,F,B,A,HBACK,3,0,0,0
2351819,5,M,C,D,SEDAN,1,0,0,0
9209793,4,M,C,D,HDTOP,2,1,1,832.1199989
1253490,5,M,C,D,STNWG,4,0,0,0
1540824,3,M,A,D,STNWG,2,0,0,0
170360,3,F,F,C,STNWG,2,0,0,0
3121830,4,F,D,D,STNWG,4,0,0,0
591473,3,M,C,B,SEDAN,3,0,0,0
5991433,3,F,C,D,STNWG,2,0,0,0
6038040,4,M,A,D,MIBUS,4,0,0,0
9973802,6,M,B,D,SEDAN,4,0,0,0
4731255,6,F,B,B,HBACK,3,0,0,0
2358578,1,M,B,C,STNWG,1,0,0,0
7194579,3,M,A,D,STNWG,1,1,1,2417.879997
995407,5,M,E,D,SEDAN,1,0,0,0
1400443,2,M,F,C,TRUCK,3,0,0,0
7185564,4,F,A,B,HBACK,2,0,0,0
1392766,4,F,C,D,SEDAN,2,0,0,0
706125,5,M,B,D,STNWG,1,0,0,0
7852272,2,F,E,C,SEDAN,4,0,0,0
5698287,4,M,C,B,SEDAN,1,0,0,0
6855207,2,F,E,D,SEDAN,4,0,0,0
1288978,2,F,C,B,HBACK,1,0,0,0
705427,2,M,C,D,STNWG,4,0,0,0
2060873,4,M,E,C,UTE,4,0,0,0
8787521,3,F,A,D,HBACK,3,0,0,0
4552202,4,F,C,D,TRUCK,4,0,0,0
6037705,3,M,A,B,SEDAN,3,0,0,0
2793121,4,F,D,D,STNWG,4,0,0,0
2876202,4,F,B,D,HBACK,4,0,0,0
3818999,4,F,B,C,SEDAN,2,0,0,0
1178019,4,F,D,C,STNWG,4,0,0,0
6479733,2,F,A,B,HBACK,3,0,0,0
1205746,5,M,B,B,HBACK,2,0,0,0
4335505,4,M,B,B,HBACK,2,1,1,4795
582877,6,F,C,D,SEDAN,3,0,0,0
1256023,5,F,B,D,HBACK,3,0,0,0
1574592,6,F,A,D,SEDAN,4,0,0,0
4262808,6,M,E,C,STNWG,4,0,0,0
6936769,6,F,B,D,STNWG,4,0,0,0
7629680,1,F,C,D,HBACK,1,0,0,0
9246568,2,M,E,C,TRUCK,3,0,0,0
4804674,2,F,A,D,SEDAN,2,0,0,0
4063920,1,F,A,D,CONVT,3,0,0,0
4254766,5,M,C,D,STNWG,1,0,0,0
4554338,4,F,A,D,STNWG,4,0,0,0
9743010,5,F,E,C,TRUCK,4,0,0,0
7162280,3,M,A,D,SEDAN,4,0,0,0
2550913,3,F,D,D,SEDAN,2,0,0,0
527293,6,F,D,B,HBACK,1,0,0,0
9023900,2,F,C,B,HBACK,3,0,0,0
6533599,2,F,C,D,SEDAN,4,0,0,0
4522302,3,F,A,D,STNWG,4,0,0,0
9863997,6,F,C,D,SEDAN,3,0,0,0
2593257,3,F,A,C,STNWG,2,0,0,0
7161528,2,F,E,D,HBACK,3,0,0,0
1556349,4,F,D,D,SEDAN,1,0,0,0
4361912,1,M,C,D,UTE,4,0,0,0
104890,4,F,A,A,SEDAN,4,1,1,231.96
6602606,2,F,F,D,STNWG,4,0,0,0
1729085,4,F,A,D,MIBUS,3,0,0,0
7890112,5,F,C,D,SEDAN,2,0,0,0
4119919,4,F,B,D,STNWG,4,0,0,0
2424444,1,F,C,D,HBACK,3,0,0,0
8070725,6,F,D,D,SEDAN,2,0,0,0
52585,2,F,C,D,HBACK,2,0,0,0
7916063,3,F,B,C,SEDAN,2,0,0,0
339073,5,F,E,C,STNWG,4,0,0,0
8703349,5,F,E,D,SEDAN,1,0,0,0
2377778,2,F,C,C,STNWG,4,1,1,200
3474434,6,M,C,D,STNWG,2,0,0,0
2363703,2,M,C,D,UTE,2,0,0,0
3922445,3,F,D,D,HBACK,2,0,0,0
5986850,5,M,C,D,UTE,4,0,0,0
1424538,3,M,D,D,STNWG,4,0,0,0
333146,3,F,A,B,SEDAN,3,0,0,0
9198627,3,F,D,D,STNWG,2,1,1,425.4499998
6793255,4,M,C,D,SEDAN,4,0,0,0
4918271,5,M,D,C,STNWG,1,0,0,0
6265568,4,F,C,B,HBACK,4,0,0,0
5542961,5,M,D,C,SEDAN,3,0,0,0
4208949,2,F,C,B,HBACK,3,0,0,0
1137893,1,M,C,C,STNWG,1,0,0,0
9708189,4,M,C,D,UTE,4,0,0,0
9419686,3,F,C,C,STNWG,3,1,1,368.4599996
9707469,5,M,E,C,UTE,1,0,0,0
6452689,6,M,A,D,SEDAN,1,0,0,0
9148670,5,F,D,D,STNWG,2,0,0,0
1098315,4,F,C,D,SEDAN,1,0,0,0
712194,4,F,C,D,SEDAN,2,0,0,0
4386328,6,F,A,D,SEDAN,2,0,0,0
1494605,4,M,A,C,STNWG,2,0,0,0
1408060,4,M,A,C,HBACK,4,0,0,0
5454917,5,M,B,C,SEDAN,4,0,0,0
3625210,3,F,A,D,HDTOP,4,0,0,0
9729252,4,F,A,D,SEDAN,2,0,0,0
4705068,2,M,B,C,TRUCK,1,0,0,0
3993162,4,M,C,C,SEDAN,3,0,0,0
1198403,3,F,A,D,SEDAN,3,0,0,0
2754928,6,M,D,B,HBACK,3,0,0,0
7257057,5,F,E,C,STNWG,4,0,0,0
1575195,4,F,E,D,SEDAN,4,0,0,0
4934988,4,M,A,D,SEDAN,3,0,0,0
9302376,4,F,A,D,STNWG,2,0,0,0
9190360,5,M,A,D,SEDAN,4,0,0,0
450687,5,M,B,D,HDTOP,2,0,0,0
9287403,3,F,C,B,SEDAN,2,0,0,0
8249121,3,F,D,D,STNWG,4,0,0,0
7665589,5,M,B,D,UTE,3,0,0,0
5218134,4,F,D,D,STNWG,1,0,0,0
327238,3,F,C,C,COUPE,4,0,0,0
9428705,6,M,C,B,HBACK,2,0,0,0
4818284,2,F,A,B,HBACK,2,0,0,0
2427304,2,F,F,D,STNWG,4,0,0,0
2304691,4,F,E,C,SEDAN,2,1,1,1943.429997
7228363,2,F,F,D,STNWG,3,0,0,0
9142375,2,F,A,B,HBACK,3,0,0,0
2178092,6,F,B,C,SEDAN,3,0,0,0
6035475,2,F,C,B,HBACK,1,0,0,0
4261166,3,F,C,B,STNWG,3,0,0,0
2346406,2,F,A,D,STNWG,1,0,0,0
9421429,5,F,C,D,HBACK,3,0,0,0
4195987,2,M,C,D,STNWG,2,0,0,0
4848987,2,M,C,D,STNWG,4,0,0,0
4291218,3,F,B,D,STNWG,1,0,0,0
9446505,4,F,C,D,SEDAN,3,0,0,0
2689535,2,F,F,C,STNWG,1,0,0,0
3592914,5,F,C,D,SEDAN,1,0,0,0
4204929,3,M,A,D,SEDAN,3,0,0,0
3399591,3,M,A,C,TRUCK,3,0,0,0
1497962,3,F,C,D,SEDAN,4,0,0,0
7812098,1,M,B,D,HBACK,3,0,0,0
8997813,3,M,A,D,STNWG,2,0,0,0
6770524,4,F,C,D,HDTOP,4,0,0,0
5652106,5,M,A,B,SEDAN,2,1,1,964
3926024,5,M,B,C,HBACK,3,0,0,0
8032856,4,M,A,D,SEDAN,1,0,0,0
9685042,3,M,C,D,PANVN,2,0,0,0
2574905,1,F,B,D,STNWG,1,0,0,0
6232595,4,M,A,D,SEDAN,1,0,0,0
7015722,4,M,D,D,STNWG,1,0,0,0
3582084,4,F,C,D,HBACK,2,0,0,0
425059,3,M,C,D,UTE,1,0,0,0
8621419,5,M,C,D,STNWG,2,1,1,632.0199986
388080,1,F,C,B,HBACK,4,0,0,0
354416,2,F,A,B,SEDAN,3,0,0,0
1545665,3,M,D,D,STNWG,3,0,0,0
5609110,1,M,D,D,STNWG,3,0,0,0
2739804,2,M,F,C,UTE,1,0,0,0
3973046,4,M,C,D,SEDAN,1,0,0,0
6033734,6,F,E,C,SEDAN,4,1,1,200
3898771,5,F,C,D,HDTOP,2,0,0,0
8475912,6,M,C,D,SEDAN,3,0,0,0
1919892,5,F,C,D,SEDAN,3,1,1,797.1399994
4340393,4,M,D,D,UTE,4,0,0,0
5595666,4,M,C,D,SEDAN,3,0,0,0
2896615,1,M,C,D,MIBUS,3,0,0,0
2595931,2,F,E,D,STNWG,4,0,0,0
3426615,2,M,B,D,COUPE,4,0,0,0
2525300,3,F,D,D,TRUCK,1,1,1,362.8599997
9259930,2,F,D,D,STNWG,1,0,0,0
4147010,3,M,B,C,STNWG,3,0,0,0
9465863,3,F,C,C,HDTOP,4,0,0,0
3007106,2,M,C,B,STNWG,3,0,0,0
4615596,4,F,A,D,HBACK,2,0,0,0
8217917,5,M,B,D,STNWG,2,0,0,0
2429569,4,F,F,C,STNWG,4,0,0,0
2684681,4,F,F,D,SEDAN,3,0,0,0
1015076,3,F,E,D,TRUCK,4,0,0,0
4052442,4,F,B,B,HBACK,3,0,0,0
4522234,3,F,B,C,SEDAN,2,0,0,0
6230649,5,F,C,C,HBACK,3,0,0,0
7219520,2,F,B,B,STNWG,1,0,0,0
4118998,5,M,C,D,SEDAN,1,0,0,0
6434063,4,M,B,D,STNWG,4,0,0,0
8220215,2,F,E,D,SEDAN,2,0,0,0
1128114,3,F,B,D,HBACK,2,0,0,0
5990756,4,F,C,B,HBACK,3,0,0,0
6531826,5,F,C,D,HBACK,4,0,0,0
2181313,3,M,C,D,STNWG,3,0,0,0
8987166,4,F,A,D,SEDAN,2,0,0,0
9678425,5,M,C,D,STNWG,3,0,0,0
6103652,5,M,B,D,TRUCK,4,0,0,0
7157154,3,F,A,D,HBACK,2,0,0,0
8449011,3,F,A,D,STNWG,4,0,0,0
7612597,4,M,A,D,SEDAN,4,0,0,0
7814087,4,F,C,D,HBACK,3,0,0,0
9819940,5,M,A,D,STNWG,3,0,0,0
6644248,4,M,C,D,HBACK,4,0,0,0
2060061,5,F,C,B,STNWG,1,0,0,0
681383,6,F,A,B,SEDAN,2,0,0,0
4594170,1,M,B,D,STNWG,4,0,0,0
9862392,2,F,B,D,HBACK,2,0,0,0
419281,6,M,C,B,HBACK,4,0,0,0
3735801,2,F,F,D,STNWG,2,0,0,0
4980066,3,M,B,D,STNWG,4,0,0,0
6161689,4,F,D,C,STNWG,2,0,0,0
2851728,5,F,C,D,HBACK,3,0,0,0
7548295,2,F,D,C,STNWG,1,0,0,0
2898409,4,M,C,D,STNWG,4,0,0,0
9170945,2,M,A,D,SEDAN,3,0,0,0
1667642,5,F,D,B,HBACK,2,0,0,0
9886742,1,F,C,D,HBACK,1,0,0,0
4680518,5,F,B,D,HBACK,4,0,0,0
9414532,6,M,D,B,STNWG,2,0,0,0
3778511,4,F,B,A,HBACK,3,0,0,0
9331644,3,F,C,B,HBACK,1,0,0,0
4602576,4,M,A,C,STNWG,2,1,1,1110.029999
4011900,1,F,D,B,HBACK,1,0,0,0
5483276,3,M,A,D,HBACK,2,0,0,0
2441734,2,F,C,D,STNWG,3,0,0,0
6735024,6,M,D,D,SEDAN,2,1,1,353.77
1063384,3,M,D,C,STNWG,3,0,0,0
8328989,4,F,A,B,HBACK,2,0,0,0
1333251,2,M,A,D,STNWG,2,0,0,0
502452,3,F,A,D,HBACK,4,0,0,0
3905498,6,M,D,B,HBACK,1,0,0,0
9470713,2,M,A,D,STNWG,1,0,0,0
2536738,3,M,C,D,PANVN,3,0,0,0
6534005,3,F,D,D,STNWG,4,0,0,0
1886493,2,F,C,D,STNWG,3,0,0,0
5179089,5,F,E,D,STNWG,2,0,0,0
2522465,2,F,C,B,HBACK,2,0,0,0
4953627,5,F,B,D,SEDAN,3,0,0,0
7555207,2,F,A,B,SEDAN,3,0,0,0
3018080,4,M,D,D,STNWG,3,0,0,0
3611281,4,F,B,C,SEDAN,4,1,1,1525.929997
1312059,2,M,E,D,STNWG,3,0,0,0
9018658,6,F,A,D,SEDAN,3,0,0,0
5452391,2,M,A,B,SEDAN,3,0,0,0
588373,6,M,E,D,SEDAN,1,0,0,0
9840199,2,M,A,D,STNWG,4,0,0,0
9006834,3,F,C,D,SEDAN,3,0,0,0
9427391,2,F,C,D,HBACK,1,0,0,0
5884342,3,M,D,C,STNWG,3,1,1,4782.109985
687998,1,M,A,D,UTE,4,1,1,715.7599983
6017083,2,F,A,B,SEDAN,3,0,0,0
4174279,5,F,B,C,STNWG,1,0,0,0
9339213,3,M,A,D,STNWG,3,0,0,0
4263700,6,F,E,B,SEDAN,3,0,0,0
731208,2,M,C,D,SEDAN,3,1,1,353.77
7028343,5,F,E,D,UTE,1,0,0,0
6937872,5,F,D,B,SEDAN,2,0,0,0
3517235,2,F,B,D,HDTOP,3,0,0,0
8946520,2,M,C,D,MIBUS,3,0,0,0
6468688,6,F,C,C,SEDAN,2,0,0,0
6963101,5,M,C,B,SEDAN,3,0,0,0
4970631,2,F,C,C,STNWG,4,0,0,0
5699076,2,F,A,B,SEDAN,3,0,0,0
7471216,3,F,C,D,HBACK,4,0,0,0
714551,3,M,A,D,HDTOP,3,0,0,0
6056358,3,F,A,B,HBACK,2,0,0,0
7718531,3,F,F,D,HBACK,2,0,0,0
6088976,4,M,D,D,STNWG,1,0,0,0
8986964,3,M,A,D,STNWG,1,0,0,0
7870480,4,F,A,D,SEDAN,2,0,0,0
3778728,2,M,C,D,UTE,1,0,0,0
6265416,2,M,A,D,UTE,4,0,0,0
6539086,4,M,A,A,PANVN,3,0,0,0
4366403,4,F,A,D,HBACK,1,0,0,0
900899,2,M,D,C,STNWG,4,0,0,0
3659421,5,M,C,D,SEDAN,4,0,0,0
845205,3,M,A,D,STNWG,3,0,0,0
1333496,4,F,B,B,HBACK,1,0,0,0
5775248,3,M,C,D,SEDAN,1,0,0,0
2853041,3,M,F,C,STNWG,1,0,0,0
5404876,4,F,C,C,SEDAN,3,0,0,0
3256403,4,M,C,B,HBACK,3,0,0,0
513265,2,F,A,D,HDTOP,3,0,0,0
3332784,5,F,C,C,SEDAN,2,0,0,0
5603635,4,M,C,D,HBACK,2,0,0,0
9882938,3,M,E,D,SEDAN,3,0,0,0
7060646,5,F,B,C,SEDAN,2,0,0,0
5073004,3,M,B,D,HBACK,2,0,0,0
1764107,3,F,D,B,HBACK,3,1,1,200
3930975,2,M,E,D,STNWG,4,0,0,0
4936504,4,F,E,D,UTE,4,0,0,0
3116168,3,F,B,D,SEDAN,4,1,1,1700.299999
3555317,4,F,C,B,COUPE,2,0,0,0
1476944,3,F,F,C,STNWG,1,0,0,0
4681751,5,M,E,C,STNWG,4,0,0,0
7178380,3,F,F,C,STNWG,4,0,0,0
3109894,3,F,B,D,HBACK,3,0,0,0
4087715,4,M,C,D,STNWG,2,0,0,0
3583416,2,F,D,C,TRUCK,3,0,0,0
8027528,1,M,D,D,SEDAN,1,0,0,0
4691074,1,M,C,C,STNWG,3,0,0,0
4668324,3,M,B,B,SEDAN,4,1,1,200
1828073,5,M,A,D,STNWG,2,0,0,0
4613847,5,M,C,D,STNWG,1,0,0,0
9841936,5,F,B,D,HBACK,2,0,0,0
5439977,4,F,B,D,STNWG,1,0,0,0
1443302,2,M,B,B,HBACK,3,0,0,0
912562,3,F,B,D,STNWG,4,0,0,0
6650542,1,F,A,C,HBACK,4,0,0,0
1525872,3,M,C,C,STNWG,4,1,1,200
6037138,6,F,A,B,HBACK,2,0,0,0
8085017,2,M,C,B,SEDAN,3,0,0,0
6425659,3,F,A,B,SEDAN,2,0,0,0
3157340,2,F,D,D,STNWG,2,0,0,0
1182430,1,M,C,B,HBACK,2,0,0,0
995879,1,F,C,B,HBACK,1,0,0,0
7468750,3,F,C,B,HBACK,1,0,0,0
9312079,2,F,C,D,SEDAN,4,0,0,0
9872237,4,F,B,B,SEDAN,3,0,0,0
9350949,2,M,C,D,STNWG,4,0,0,0
1445566,4,F,D,A,PANVN,1,0,0,0
1958674,5,M,C,D,SEDAN,1,0,0,0
4709779,3,F,C,B,HBACK,2,0,0,0
3110266,5,F,A,C,STNWG,2,0,0,0
1761994,6,F,C,D,SEDAN,3,0,0,0
9559450,5,F,C,D,SEDAN,2,0,0,0
692638,2,M,E,C,UTE,2,0,0,0
3175529,2,F,B,B,SEDAN,3,0,0,0
9868820,6,F,A,D,SEDAN,3,0,0,0
1529453,2,M,C,C,UTE,3,0,0,0
8378779,3,F,A,D,STNWG,1,0,0,0
3389266,4,F,A,D,HBACK,3,0,0,0
7443407,2,F,E,D,HBACK,3,0,0,0
8649517,2,M,C,B,HBACK,2,0,0,0
4149349,2,F,D,C,SEDAN,2,0,0,0
7471591,3,F,A,C,STNWG,1,0,0,0
4553621,5,M,A,D,MIBUS,4,0,0,0
2669525,5,M,A,D,HBACK,4,0,0,0
2510289,4,M,B,D,MIBUS,4,0,0,0
4772878,5,M,E,D,HDTOP,4,0,0,0
4118634,5,M,C,D,SEDAN,1,0,0,0
9351642,4,M,C,C,STNWG,3,1,1,1028.039999
8759860,3,M,B,B,SEDAN,2,0,0,0
7939817,4,F,D,D,HBACK,2,0,0,0
672724,2,M,B,B,SEDAN,4,0,0,0
6808762,5,F,C,D,SEDAN,2,0,0,0
4274947,2,M,E,C,UTE,1,0,0,0
6138257,4,M,A,D,STNWG,2,0,0,0
9670687,3,M,C,C,STNWG,1,0,0,0
2922367,4,M,A,C,SEDAN,2,0,0,0
5287025,2,F,E,C,UTE,1,0,0,0
1701254,2,F,B,C,SEDAN,4,0,0,0
1214760,4,M,C,B,STNWG,1,0,0,0
2432637,1,F,C,D,SEDAN,4,0,0,0
3902855,4,F,C,B,SEDAN,2,0,0,0
7831032,5,M,B,C,STNWG,4,0,0,0
6095173,2,M,C,B,HBACK,2,0,0,0
832173,2,F,F,D,STNWG,2,1,1,518.7799997
1355872,2,M,A,D,UTE,1,0,0,0
6596610,3,M,C,D,UTE,3,0,0,0
848257,4,F,A,C,STNWG,1,0,0,0
5633546,1,F,F,B,HBACK,1,0,0,0
6908076,4,F,C,B,HBACK,3,0,0,0
2520724,3,M,D,D,TRUCK,4,0,0,0
5434300,6,M,C,D,STNWG,1,0,0,0
2702447,6,M,D,C,UTE,1,0,0,0
2730693,2,M,F,C,TRUCK,3,0,0,0
2044956,3,M,A,D,STNWG,2,0,0,0
1991513,5,F,D,C,STNWG,4,0,0,0
529996,6,F,E,B,SEDAN,4,0,0,0
4742909,3,M,D,D,STNWG,4,0,0,0
4267754,2,F,B,C,STNWG,2,0,0,0
2589117,2,F,F,D,HDTOP,3,0,0,0
7367872,2,F,F,D,UTE,3,0,0,0
3059507,1,M,C,B,HBACK,3,0,0,0
7421327,2,M,B,D,TRUCK,3,0,0,0
5645218,3,F,C,D,HBACK,1,0,0,0
9830815,4,M,F,D,HDTOP,3,0,0,0
7136988,4,F,B,B,HBACK,3,1,1,924.9399986
3003243,4,F,B,D,HBACK,4,0,0,0
3748544,4,F,C,D,SEDAN,4,0,0,0
4268677,6,F,C,B,HBACK,4,0,0,0
6300970,2,F,D,D,STNWG,2,1,1,18871.62
7315373,2,M,C,D,SEDAN,4,1,1,1806.079998
8968058,4,F,A,C,SEDAN,3,0,0,0
3007136,4,M,C,D,UTE,2,0,0,0
2971072,3,M,F,D,STNWG,3,0,0,0
8077671,6,M,A,D,STNWG,1,0,0,0
9482300,6,M,B,D,SEDAN,2,0,0,0
2661452,3,M,A,D,UTE,2,0,0,0
8808002,4,M,C,D,HBACK,4,0,0,0
4921747,2,F,D,D,SEDAN,4,0,0,0
8297771,5,M,D,D,TRUCK,4,0,0,0
3044168,4,F,C,D,HBACK,1,0,0,0
1594813,4,F,C,B,HBACK,2,0,0,0
9868173,3,M,D,D,SEDAN,3,0,0,0
5169363,3,F,B,B,HBACK,1,0,0,0
493793,1,F,C,B,HBACK,4,0,0,0
7102999,1,F,A,B,HBACK,1,0,0,0
6609021,3,F,C,B,HBACK,4,0,0,0
4368980,4,F,B,D,HDTOP,1,1,1,372.27
5984340,6,M,C,B,HBACK,2,0,0,0
4549513,3,M,C,C,SEDAN,4,0,0,0
1009548,5,M,D,D,SEDAN,1,1,1,353.77
5344257,3,F,B,C,HBACK,4,0,0,0
1204939,5,M,C,D,SEDAN,2,0,0,0
7743573,3,M,E,D,HBACK,1,0,0,0
7977398,6,F,E,B,HBACK,1,0,0,0
7680415,5,F,B,D,HBACK,4,0,0,0
9189964,6,M,C,D,SEDAN,4,0,0,0
8299697,6,F,D,B,HBACK,3,0,0,0
837125,4,F,B,B,HBACK,2,0,0,0
7211691,6,M,B,A,TRUCK,1,0,0,0
1676605,4,F,B,D,SEDAN,4,1,1,1872.809998
9149675,3,M,C,D,STNWG,3,0,0,0
3493111,2,F,C,D,STNWG,3,0,0,0
2537210,2,F,C,D,HBACK,4,0,0,0
7415388,6,M,A,B,SEDAN,3,0,0,0
6051467,3,F,D,D,TRUCK,4,0,0,0
4400852,3,F,B,C,SEDAN,2,0,0,0
5419150,6,M,C,D,SEDAN,1,0,0,0
2318912,5,F,C,B,HBACK,3,0,0,0
3742024,4,M,B,B,HBACK,1,0,0,0
4970659,2,F,F,C,SEDAN,2,0,0,0
8379464,5,F,B,B,HBACK,4,0,0,0
3214227,6,M,B,C,UTE,4,0,0,0
3422712,2,F,C,B,HBACK,1,0,0,0
5214088,5,F,F,B,HBACK,3,0,0,0
2001625,2,F,C,D,STNWG,2,0,0,0
7070057,2,M,F,D,TRUCK,3,1,1,953.289999
3206511,4,M,C,C,SEDAN,3,0,0,0
8872842,3,F,F,C,STNWG,4,0,0,0
5317175,5,F,B,B,HBACK,3,0,0,0
518563,1,F,A,D,SEDAN,2,1,1,3442.463631
1008685,2,F,A,B,HBACK,1,0,0,0
2774893,3,M,C,C,TRUCK,3,0,0,0
6006589,5,F,E,D,UTE,4,0,0,0
9382592,2,M,E,D,STNWG,4,0,0,0
1071821,5,F,C,D,SEDAN,3,0,0,0
9822006,4,F,B,C,STNWG,3,0,0,0
9132554,6,F,B,C,HBACK,3,0,0,0
5739841,2,F,A,B,HBACK,4,0,0,0
8522800,2,M,F,D,STNWG,4,0,0,0
166504,2,F,B,D,SEDAN,3,0,0,0
2375771,4,F,E,B,HBACK,1,0,0,0
7422806,4,M,C,D,SEDAN,3,0,0,0
1882956,3,M,A,D,STNWG,4,0,0,0
1066556,4,F,D,D,SEDAN,1,0,0,0
1691549,2,F,A,C,STNWG,4,0,0,0
7976190,3,F,B,D,SEDAN,3,0,0,0
1418017,1,M,A,C,SEDAN,1,1,1,560.4799995
1956058,4,M,D,D,STNWG,4,0,0,0
2552682,4,F,B,D,HBACK,3,0,0,0
6414382,1,F,C,B,HBACK,1,0,0,0
5512961,2,M,A,D,STNWG,2,0,0,0
4863392,4,F,B,D,STNWG,4,0,0,0
7581941,6,F,E,D,SEDAN,4,1,1,1401.139999
9085650,2,F,A,C,STNWG,4,0,0,0
5925775,4,F,C,C,SEDAN,1,0,0,0
6535809,4,M,A,D,SEDAN,2,0,0,0
4529584,2,M,A,D,STNWG,3,1,1,2187.049999
5628953,6,F,B,D,SEDAN,2,0,0,0
505515,3,F,E,C,STNWG,2,0,0,0
7334726,4,F,F,C,SEDAN,2,0,0,0
343158,5,F,A,D,STNWG,4,0,0,0
6031642,6,F,C,D,UTE,2,0,0,0
1511070,5,F,C,D,STNWG,1,0,0,0
1073546,3,F,C,D,STNWG,4,0,0,0
7410842,2,F,D,C,SEDAN,4,0,0,0
2353343,4,M,B,C,STNWG,3,0,0,0
3942795,4,F,D,D,STNWG,3,0,0,0
4702566,3,M,C,D,HBACK,3,0,0,0
9820939,6,F,A,D,SEDAN,2,0,0,0
9722436,3,F,C,D,HDTOP,1,0,0,0
4465544,4,F,C,D,HBACK,4,0,0,0
419553,3,M,C,D,STNWG,3,0,0,0
7548658,6,M,C,D,HDTOP,3,0,0,0
424659,2,F,C,D,HBACK,3,0,0,0
239001,5,F,A,D,SEDAN,2,0,0,0
9605122,2,M,C,D,UTE,2,0,0,0
2382863,2,F,C,C,SEDAN,4,0,0,0
7051953,1,M,C,D,STNWG,4,0,0,0
5391693,2,F,B,C,STNWG,2,0,0,0
4080748,3,M,F,D,STNWG,3,0,0,0
5394500,3,M,A,D,STNWG,3,0,0,0
4133414,2,F,E,C,STNWG,3,0,0,0
9839602,2,F,D,B,HBACK,2,0,0,0
6670913,5,F,C,C,HBACK,2,0,0,0
1449924,4,F,B,B,HBACK,1,0,0,0
2113436,2,F,C,D,STNWG,3,0,0,0
5600910,1,F,C,D,HBACK,2,0,0,0
8883909,5,F,A,B,HBACK,2,0,0,0
3819160,5,F,A,B,SEDAN,1,0,0,0
9981881,5,M,A,D,HBACK,4,0,0,0
4741442,1,F,B,D,SEDAN,4,0,0,0
4194271,3,M,A,D,SEDAN,3,0,0,0
4357877,3,F,F,D,STNWG,1,0,0,0
5401097,2,F,B,B,HBACK,2,0,0,0
2425613,2,M,D,C,TRUCK,3,0,0,0
3465134,2,F,B,C,UTE,3,0,0,0
637379,1,M,C,D,PANVN,2,0,0,0
1676298,6,F,A,C,SEDAN,4,0,0,0
2599025,4,M,C,D,HBACK,3,0,0,0
4600992,6,F,A,D,SEDAN,2,0,0,0
2001434,3,F,C,C,SEDAN,3,0,0,0
421435,5,M,B,C,SEDAN,4,0,0,0
2457278,4,M,D,D,HBACK,3,0,0,0
5840990,2,F,C,D,STNWG,2,0,0,0
9915465,3,M,C,A,SEDAN,4,0,0,0
3520318,4,F,B,D,STNWG,4,1,1,367.7299995
7555878,4,M,A,C,PANVN,4,0,0,0
5140382,5,M,E,D,HDTOP,1,0,0,0
3582720,3,F,B,D,SEDAN,4,0,0,0
4064438,5,M,A,D,SEDAN,3,0,0,0
6921615,2,F,B,D,SEDAN,1,0,0,0
3904710,4,M,A,B,HBACK,2,1,1,389.1799998
6393751,5,F,A,D,STNWG,4,0,0,0
1254112,5,M,E,D,TRUCK,1,0,0,0
9088487,3,F,C,D,STNWG,3,0,0,0
9818139,3,F,C,B,HBACK,2,0,0,0
6720635,4,F,A,B,STNWG,2,0,0,0
7127716,4,M,E,D,SEDAN,2,0,0,0
9484822,4,F,A,B,SEDAN,3,0,0,0
8096268,5,F,C,B,SEDAN,1,0,0,0
2812107,5,M,C,B,HBACK,2,0,0,0
6733622,6,M,D,D,HDTOP,4,0,0,0
9349366,3,M,F,D,STNWG,3,0,0,0
9086071,4,F,A,D,SEDAN,4,0,0,0
8129076,1,M,B,D,HBACK,2,0,0,0
242392,3,F,C,D,SEDAN,2,0,0,0
2108399,4,M,C,D,HBACK,2,0,0,0
8292638,3,F,D,B,HBACK,1,0,0,0
302924,5,F,D,D,HBACK,4,0,0,0
4899101,2,M,C,D,STNWG,4,1,1,200
7946468,4,F,B,B,SEDAN,3,0,0,0
7122317,5,F,C,D,HBACK,3,0,0,0
9414929,2,M,F,D,STNWG,4,0,0,0
9558569,6,M,E,C,SEDAN,4,0,0,0
8891448,2,M,A,D,PANVN,3,0,0,0
108742,5,F,A,D,SEDAN,1,0,0,0
9189956,2,M,E,C,UTE,1,0,0,0
3763283,4,F,C,D,HBACK,3,0,0,0
7819308,3,M,D,D,TRUCK,3,0,0,0
1259967,3,M,E,D,SEDAN,4,0,0,0
736310,4,F,A,C,UTE,1,1,1,8624.629974
8906203,6,M,E,C,SEDAN,3,0,0,0
6739596,2,F,A,B,SEDAN,2,0,0,0
9519796,3,F,B,C,SEDAN,4,0,0,0
6862597,5,F,A,D,STNWG,4,0,0,0
6932467,2,F,B,D,SEDAN,2,0,0,0
6523848,6,F,B,C,HBACK,3,0,0,0
5929364,4,F,A,D,HBACK,2,0,0,0
8725369,2,M,D,D,UTE,2,0,0,0
3589203,3,F,A,D,SEDAN,2,0,0,0
951542,1,F,B,B,STNWG,2,0,0,0
9976067,3,F,C,D,STNWG,4,0,0,0
7229639,2,M,A,B,HBACK,3,0,0,0
5494114,1,F,C,C,SEDAN,3,0,0,0
7423668,4,F,C,B,SEDAN,3,0,0,0
2782541,2,M,C,D,HDTOP,4,0,0,0
8811131,4,F,C,D,SEDAN,3,0,0,0
5468846,3,M,A,D,STNWG,3,0,0,0
2727989,3,M,C,C,UTE,1,0,0,0
6135540,3,M,A,D,SEDAN,4,0,0,0
3398542,3,M,C,D,SEDAN,2,0,0,0
4997114,5,M,C,D,STNWG,2,0,0,0
2382800,3,M,A,D,STNWG,4,0,0,0
9409627,4,M,D,C,SEDAN,2,0,0,0
5409947,3,F,B,B,HBACK,4,0,0,0
9308656,3,F,C,B,STNWG,2,0,0,0
1195888,1,F,D,D,HBACK,3,0,0,0
2534628,1,F,B,B,STNWG,2,0,0,0
1979663,5,M,A,C,STNWG,2,0,0,0
8432011,4,F,C,D,SEDAN,1,0,0,0
8133151,3,F,C,D,SEDAN,3,0,0,0
6698707,3,F,A,D,HBACK,3,0,0,0
704049,5,M,C,C,SEDAN,1,0,0,0
261359,6,M,B,D,SEDAN,2,0,0,0
3698543,2,F,C,B,HBACK,4,0,0,0
7858462,4,M,E,B,SEDAN,3,0,0,0
5668841,4,M,C,C,STNWG,4,0,0,0
2784082,2,M,B,B,HBACK,3,0,0,0
4118851,6,F,A,B,HBACK,3,0,0,0
1893730,5,F,C,D,HBACK,4,0,0,0
2689388,6,F,A,D,HBACK,2,0,0,0
4542053,2,F,D,D,SEDAN,4,0,0,0
1357819,4,F,A,D,SEDAN,1,0,0,0
9422041,5,M,B,D,SEDAN,2,0,0,0
9957934,3,F,F,D,STNWG,2,0,0,0
1062763,2,M,A,D,HBACK,3,1,1,978.6699982
204290,3,M,F,D,STNWG,3,0,0,0
805845,5,F,B,D,HBACK,4,0,0,0
6067847,1,M,F,D,TRUCK,1,0,0,0
1067849,2,F,F,D,UTE,4,0,0,0
6862054,5,F,C,D,RDSTR,2,0,0,0
8903889,3,M,B,B,HBACK,2,0,0,0
3903353,1,F,B,B,HBACK,2,0,0,0
1198699,2,F,A,D,STNWG,4,0,0,0
2852497,6,F,D,D,SEDAN,2,0,0,0
7510171,3,M,F,D,STNWG,2,0,0,0
8611717,1,M,A,C,STNWG,1,0,0,0
6365320,1,F,C,B,HBACK,3,0,0,0
1183852,4,M,D,C,SEDAN,2,0,0,0
7177809,3,F,A,C,SEDAN,4,0,0,0
1763581,2,M,D,A,PANVN,2,0,0,0
9832769,4,M,B,B,SEDAN,4,0,0,0
898476,5,F,C,D,SEDAN,4,0,0,0
4079721,6,F,C,B,HBACK,1,0,0,0
5230229,4,F,C,D,STNWG,4,0,0,0
5095758,3,M,A,C,UTE,1,0,0,0
9484656,4,F,C,D,STNWG,2,0,0,0
2468636,3,F,B,D,STNWG,4,0,0,0
7721304,5,F,D,B,HBACK,1,0,0,0
5986116,4,F,A,C,STNWG,3,0,0,0
9122298,5,M,A,C,STNWG,4,0,0,0
8464146,2,F,E,D,STNWG,3,0,0,0
4790496,2,M,A,D,SEDAN,1,0,0,0
1168364,4,M,B,A,SEDAN,4,0,0,0
21697,4,M,F,D,HDTOP,3,0,0,0
7411636,4,F,A,D,MIBUS,2,0,0,0
421793,6,F,B,D,SEDAN,3,0,0,0
849211,4,M,B,C,STNWG,2,1,1,353.77
8185836,3,M,A,D,STNWG,4,0,0,0
5878585,4,F,D,D,TRUCK,4,0,0,0
1499741,3,F,D,D,HBACK,3,0,0,0
2376537,5,F,A,B,HBACK,2,0,0,0
4066084,4,F,A,B,HBACK,3,0,0,0
1442162,5,F,B,D,STNWG,4,0,0,0
7322574,4,M,A,C,TRUCK,2,0,0,0
9935232,4,F,D,C,STNWG,2,0,0,0
7045333,4,F,C,D,MIBUS,3,0,0,0
1366099,4,F,C,B,HBACK,3,1,1,1283.529999
692918,4,F,A,B,SEDAN,2,0,0,0
8474542,3,M,D,C,HBACK,4,0,0,0
4730168,3,F,A,B,HBACK,4,0,0,0
2121151,6,M,A,D,SEDAN,3,0,0,0
1671460,4,M,B,D,STNWG,4,1,1,442
1219950,5,M,C,D,STNWG,4,0,0,0
528475,2,F,C,C,HBACK,4,0,0,0
2691611,1,M,A,D,PANVN,1,0,0,0
7530304,6,M,B,D,STNWG,4,0,0,0
6934848,3,M,A,D,HDTOP,3,0,0,0
1123883,2,F,F,C,UTE,1,0,0,0
3357966,5,M,B,C,SEDAN,3,1,1,200
2432510,4,F,C,B,SEDAN,3,0,0,0
8338481,3,F,A,D,HBACK,4,1,1,3016.57
4812963,3,F,F,C,STNWG,3,0,0,0
4191751,5,F,D,C,UTE,2,0,0,0
6925128,3,M,B,C,TRUCK,3,0,0,0
4290147,5,M,B,C,STNWG,3,0,0,0
8047609,3,F,A,B,SEDAN,1,0,0,0
3610475,2,M,C,D,SEDAN,1,0,0,0
5987200,5,F,E,C,STNWG,3,0,0,0
7150352,4,M,A,D,STNWG,4,1,1,1292.799999
2104173,4,M,A,D,SEDAN,4,1,1,4326.489975
1643494,5,M,D,B,SEDAN,2,0,0,0
2813882,1,F,F,D,STNWG,2,0,0,0
426091,4,F,F,C,STNWG,4,1,1,13172.72998
5133773,5,M,A,D,PANVN,4,0,0,0
3529668,4,F,C,C,SEDAN,3,0,0,0
3136976,4,M,F,D,STNWG,4,0,0,0
4018798,3,F,E,C,STNWG,3,0,0,0
491859,1,M,E,C,STNWG,3,0,0,0
6368432,4,M,F,C,HBACK,3,0,0,0
5005001,4,M,E,C,TRUCK,3,0,0,0
3490716,3,M,E,D,MCARA,4,0,0,0
4346335,4,M,A,D,HBACK,4,0,0,0
1770424,4,M,A,D,SEDAN,4,0,0,0
4336524,3,F,B,B,HBACK,2,0,0,0
3561209,4,M,C,D,SEDAN,3,0,0,0
3815124,4,F,B,D,SEDAN,4,0,0,0
4309538,3,M,B,B,STNWG,2,0,0,0
44341,4,F,A,D,STNWG,4,0,0,0
6131059,5,M,B,B,STNWG,1,0,0,0
8609256,1,F,B,B,HBACK,1,0,0,0
1401083,4,M,C,C,TRUCK,2,0,0,0
2837431,5,F,C,B,HBACK,3,0,0,0
5345384,2,F,E,D,HDTOP,1,0,0,0
1069017,5,M,A,C,STNWG,3,1,1,1027
6022836,1,M,A,D,HBACK,1,0,0,0
1468751,2,M,C,C,STNWG,1,0,0,0
6768476,4,M,B,D,UTE,3,0,0,0
3206538,2,M,C,D,SEDAN,4,0,0,0
7576521,4,M,B,D,STNWG,3,0,0,0
9313359,5,F,A,D,HBACK,1,0,0,0
6084215,3,M,D,D,HBACK,1,0,0,0
5713842,2,F,A,D,HBACK,4,1,1,200.0099945
5895756,5,M,B,D,COUPE,4,0,0,0
978655,3,M,C,D,STNWG,4,0,0,0
1327034,3,F,A,D,UTE,3,0,0,0
6595295,6,M,C,D,HBACK,4,0,0,0
2178853,3,F,E,B,HBACK,1,0,0,0
7725244,4,M,C,C,STNWG,4,0,0,0
4061830,5,F,A,D,HBACK,4,0,0,0
9328367,6,F,C,D,HBACK,2,0,0,0
94350,2,M,A,D,STNWG,4,0,0,0
9763547,5,M,E,D,STNWG,1,0,0,0
7874285,4,F,C,B,HBACK,2,0,0,0
5283381,4,F,E,D,SEDAN,3,0,0,0
8986543,6,F,C,D,SEDAN,1,0,0,0
1685342,3,M,A,D,STNWG,2,0,0,0
5429427,4,F,A,D,HBACK,2,0,0,0
5084753,3,M,C,C,STNWG,3,1,1,770.4499989
3114454,6,M,E,D,STNWG,4,0,0,0
7839153,4,M,C,D,TRUCK,1,0,0,0
478255,1,F,F,D,STNWG,1,1,1,837.1999989
1469876,2,M,C,D,STNWG,2,0,0,0
3474284,6,F,A,D,HBACK,1,0,0,0
1208145,1,M,B,D,TRUCK,4,0,0,0
2786054,5,M,B,D,HDTOP,4,0,0,0
6551648,4,M,A,D,SEDAN,4,0,0,0
4636678,3,M,C,B,HBACK,4,0,0,0
7184548,4,F,C,D,TRUCK,3,0,0,0
1304245,4,M,A,D,HDTOP,4,0,0,0
8779437,1,F,C,B,COUPE,3,0,0,0
9196209,3,F,E,C,STNWG,3,0,0,0
7016371,2,F,F,D,SEDAN,3,0,0,0
4937538,3,F,E,D,MIBUS,4,0,0,0
453001,3,F,C,B,HBACK,2,0,0,0
7099752,1,F,F,B,HBACK,1,0,0,0
535692,1,F,A,B,HBACK,1,0,0,0
866637,3,F,F,D,STNWG,3,0,0,0
4433458,4,F,C,C,UTE,1,0,0,0
8500914,6,F,B,D,HBACK,2,1,1,572.7199993
7690191,5,M,C,B,HBACK,2,0,0,0
1264701,3,M,A,D,PANVN,2,0,0,0
8562798,2,F,D,B,HBACK,4,0,0,0
9864584,4,F,C,D,SEDAN,1,0,0,0
3275595,5,M,B,D,HBACK,4,0,0,0
6922721,4,M,A,D,SEDAN,4,0,0,0
3937503,4,M,B,D,HDTOP,4,0,0,0
3382934,1,F,B,D,HBACK,4,0,0,0
2724164,3,M,D,C,STNWG,4,0,0,0
2363618,4,F,E,B,HBACK,1,0,0,0
5439030,5,M,A,D,STNWG,1,0,0,0
7560766,3,F,C,D,HBACK,3,0,0,0
6226709,2,F,A,D,MIBUS,3,0,0,0
3270712,3,F,B,D,STNWG,2,0,0,0
3558183,3,M,F,D,STNWG,4,0,0,0
7896007,6,F,F,B,HBACK,2,0,0,0
7597320,4,F,B,D,HBACK,3,0,0,0
499902,4,F,A,D,SEDAN,2,0,0,0
9916706,4,M,A,B,SEDAN,3,0,0,0
2620674,6,F,C,B,SEDAN,2,1,1,200
9242550,3,M,A,D,STNWG,3,0,0,0
2001745,3,F,C,C,STNWG,1,0,0,0
2099742,1,F,B,D,STNWG,3,0,0,0
3399270,1,M,E,D,COUPE,4,0,0,0
1445294,3,F,C,C,STNWG,4,0,0,0
429691,5,M,D,D,HBACK,1,0,0,0
5568470,4,F,B,B,HBACK,3,0,0,0
430128,4,F,C,D,SEDAN,4,0,0,0
7404893,2,F,A,C,STNWG,1,0,0,0
5645584,6,F,A,D,HBACK,2,1,1,200
8160008,3,F,A,B,SEDAN,3,0,0,0
5299825,3,M,D,C,SEDAN,1,0,0,0
4023658,6,F,B,D,SEDAN,3,0,0,0
3397499,6,F,E,B,HBACK,3,0,0,0
6491940,5,F,D,D,SEDAN,3,0,0,0
9765622,2,F,A,B,STNWG,3,0,0,0
9415887,5,M,B,D,HBACK,1,1,1,670.5899992
8905357,2,F,C,B,SEDAN,3,0,0,0
1392652,1,F,E,C,STNWG,2,0,0,0
1275224,5,F,C,B,SEDAN,1,0,0,0
2517570,4,M,A,D,UTE,3,0,0,0
9633669,3,F,B,D,HBACK,2,0,0,0
3181985,4,M,C,D,STNWG,4,0,0,0
841308,3,F,A,D,STNWG,1,0,0,0
7360355,3,F,B,B,HBACK,3,0,0,0
8193318,4,M,E,B,SEDAN,3,0,0,0
7376487,2,M,C,D,SEDAN,4,0,0,0
9892237,4,F,A,D,HBACK,2,1,1,367.7299995
1105981,4,F,C,B,STNWG,1,0,0,0
5001130,5,F,C,B,HBACK,4,0,0,0
6429937,4,M,B,C,SEDAN,4,0,0,0
4554819,6,M,A,B,SEDAN,4,0,0,0
418722,6,F,B,D,SEDAN,3,0,0,0
7630647,2,F,F,D,UTE,4,0,0,0
3036704,6,M,E,D,SEDAN,4,0,0,0
691203,5,M,A,D,SEDAN,1,0,0,0
8978158,4,F,A,D,STNWG,2,0,0,0
1215704,6,M,D,C,UTE,1,0,0,0
1709314,1,F,A,D,HBACK,2,0,0,0
1336915,2,F,C,C,SEDAN,4,0,0,0
5110337,4,M,B,D,STNWG,1,0,0,0
3048041,4,M,C,B,HBACK,1,0,0,0
5165510,2,M,A,D,STNWG,2,0,0,0
7517880,2,F,D,D,STNWG,2,0,0,0
9591155,2,F,C,B,HBACK,2,0,0,0
882825,6,M,B,D,HBACK,2,0,0,0
2439835,2,F,D,D,SEDAN,4,0,0,0
7901061,3,F,A,B,SEDAN,3,1,1,3059.179993
3780136,5,M,C,C,SEDAN,4,0,0,0
3478957,5,F,C,D,SEDAN,3,0,0,0
8518778,3,F,B,C,UTE,2,1,1,200
3882903,4,F,A,D,PANVN,3,0,0,0
8533519,3,M,C,C,STNWG,3,0,0,0
1282748,2,F,D,D,HBACK,3,0,0,0
3668631,4,M,A,D,SEDAN,4,0,0,0
9483080,3,F,B,D,STNWG,3,0,0,0
8430882,2,F,A,D,STNWG,3,0,0,0
8066579,3,M,C,B,HBACK,3,0,0,0
7332798,4,F,B,D,STNWG,4,0,0,0
8178049,3,M,B,D,PANVN,3,0,0,0
2404990,4,F,A,D,HBACK,3,0,0,0
5604988,3,F,A,D,HDTOP,4,0,0,0
4128672,2,M,C,D,UTE,3,0,0,0
380913,4,F,C,D,HBACK,2,0,0,0
952905,6,M,B,D,SEDAN,1,0,0,0
3154272,1,F,B,B,SEDAN,3,0,0,0
9246504,1,F,A,B,HBACK,1,0,0,0
8071414,6,F,C,D,SEDAN,4,0,0,0
5464173,4,F,C,D,STNWG,1,0,0,0
1160342,5,F,A,B,HBACK,3,0,0,0
5081678,3,M,D,C,UTE,1,0,0,0
4546645,6,F,C,C,SEDAN,3,0,0,0
7551678,5,F,D,C,PANVN,4,0,0,0
403408,3,F,C,B,HBACK,4,0,0,0
6800106,4,F,B,B,HBACK,3,0,0,0
9065489,2,F,D,D,SEDAN,1,0,0,0
5097441,4,F,B,B,SEDAN,3,0,0,0
1817138,6,F,A,D,HBACK,2,0,0,0
9014032,5,F,A,D,HBACK,3,0,0,0
6966964,2,M,D,B,SEDAN,3,0,0,0
5242096,2,F,B,D,SEDAN,1,0,0,0
4293806,4,F,D,C,SEDAN,3,0,0,0
8654399,3,F,B,C,STNWG,4,0,0,0
9001243,2,F,A,D,STNWG,3,0,0,0
2915820,4,F,C,D,HBACK,4,0,0,0
6062222,3,M,B,B,SEDAN,4,0,0,0
6491642,4,M,C,D,HBACK,4,0,0,0
382371,2,F,B,B,HBACK,2,0,0,0
946458,1,F,C,C,SEDAN,3,0,0,0
3905650,3,M,B,A,COUPE,1,0,0,0
591538,4,F,B,B,HBACK,2,1,1,508.1199999
4060373,3,M,E,D,UTE,3,0,0,0
5002162,4,F,F,D,STNWG,4,0,0,0
4272599,4,M,A,D,PANVN,3,0,0,0
8769247,4,M,C,B,SEDAN,3,0,0,0
288541,4,F,E,D,SEDAN,2,0,0,0
437589,1,M,A,D,STNWG,1,0,0,0
8327368,3,F,C,B,HBACK,3,1,1,200
6767310,2,M,F,D,HDTOP,4,0,0,0
3605907,1,M,C,D,UTE,4,0,0,0
8490380,3,M,C,D,HDTOP,4,0,0,0
5099850,3,F,C,D,STNWG,3,0,0,0
4296744,4,M,A,A,SEDAN,3,0,0,0
2117891,5,F,B,D,STNWG,4,0,0,0
4934570,5,F,A,C,SEDAN,3,0,0,0
7963116,4,M,C,D,HDTOP,2,0,0,0
2746555,2,F,D,D,HDTOP,1,0,0,0
681809,4,M,C,D,SEDAN,4,0,0,0
7415766,4,F,A,D,SEDAN,1,0,0,0
7137273,3,F,C,D,SEDAN,3,0,0,0
5580838,5,M,A,D,SEDAN,3,0,0,0
3611847,4,M,B,B,HBACK,1,0,0,0
102946,2,M,C,B,HBACK,3,0,0,0
776449,3,F,C,B,HBACK,3,1,1,6264.449982
6836101,4,F,C,D,SEDAN,4,0,0,0
3563226,5,F,C,D,SEDAN,3,0,0,0
4295221,4,M,C,D,MIBUS,3,0,0,0
1208362,4,F,C,B,STNWG,1,0,0,0
2837860,6,M,C,D,SEDAN,4,0,0,0
2149419,3,F,C,B,SEDAN,3,0,0,0
6008058,2,F,A,D,STNWG,4,0,0,0
2135266,4,F,F,D,SEDAN,1,0,0,0
4450267,1,M,C,D,SEDAN,4,0,0,0
7023999,5,F,E,B,HBACK,1,0,0,0
4780403,3,F,D,D,STNWG,4,0,0,0
75719,6,F,C,C,SEDAN,4,1,1,1379.039997
6833887,6,M,D,B,HBACK,3,0,0,0
7472450,3,F,B,D,HBACK,3,0,0,0
2851643,5,F,C,D,SEDAN,1,0,0,0
7185015,4,M,B,D,STNWG,4,0,0,0
6855704,3,M,C,A,SEDAN,1,0,0,0
6255136,4,M,F,D,MCARA,3,0,0,0
4295266,4,M,A,D,PANVN,3,0,0,0
5050262,2,F,C,D,SEDAN,1,0,0,0
412989,4,F,C,C,SEDAN,4,1,1,390
5885822,3,F,C,D,SEDAN,4,0,0,0
4703136,1,F,A,A,SEDAN,1,0,0,0
6098445,1,F,A,D,HBACK,1,0,0,0
540846,3,F,B,D,SEDAN,4,0,0,0
3190547,1,M,D,C,COUPE,4,0,0,0
4648886,3,F,A,D,STNWG,2,0,0,0
8962254,5,M,A,C,STNWG,4,1,1,6964.569992
6524742,5,F,B,C,STNWG,4,0,0,0
8954519,4,F,C,C,HBACK,4,0,0,0
5467798,3,F,C,B,SEDAN,4,0,0,0
3158393,4,F,C,D,SEDAN,3,0,0,0
5169369,3,F,B,D,UTE,3,0,0,0
109739,4,F,A,B,HBACK,4,0,0,0
6618824,5,M,C,D,SEDAN,2,0,0,0
9076825,3,F,B,C,SEDAN,1,1,1,353.77
1361276,2,F,D,C,STNWG,2,1,1,1370.599999
7359991,2,F,C,D,STNWG,3,0,0,0
1158773,4,M,B,D,PANVN,1,0,0,0
7185270,3,F,C,B,HBACK,3,0,0,0
7216377,2,M,C,B,HBACK,4,0,0,0
4088314,4,F,C,D,SEDAN,2,0,0,0
6273895,4,M,B,D,UTE,3,0,0,0
2477792,5,F,D,D,SEDAN,4,0,0,0
9437772,3,F,A,D,HBACK,1,0,0,0
4234509,4,F,B,B,HBACK,2,0,0,0
7024755,3,F,B,B,HBACK,1,0,0,0
8680773,3,M,C,C,STNWG,3,0,0,0
6043223,2,M,E,D,TRUCK,1,0,0,0
4547370,4,F,B,D,SEDAN,1,0,0,0
1172309,3,M,A,C,COUPE,4,0,0,0
1526816,3,F,E,C,STNWG,2,0,0,0
2962633,1,M,C,D,STNWG,4,0,0,0
9428863,4,F,E,B,SEDAN,3,0,0,0
6115314,4,F,D,C,TRUCK,3,0,0,0
7954539,5,F,C,B,SEDAN,2,0,0,0
8095838,4,F,C,D,UTE,4,0,0,0
8692797,3,M,B,D,STNWG,4,0,0,0
521750,3,F,C,B,STNWG,3,0,0,0
3602646,5,M,B,D,STNWG,4,0,0,0
5423388,3,M,A,D,STNWG,2,0,0,0
1761261,5,F,D,C,STNWG,4,0,0,0
4547902,4,M,B,D,STNWG,4,0,0,0
3578352,6,M,E,C,STNWG,3,0,0,0
6734417,1,F,D,D,SEDAN,4,0,0,0
4946034,3,F,C,C,HBACK,3,0,0,0
8697578,5,M,E,D,TRUCK,1,0,0,0
4570530,4,F,B,D,SEDAN,2,0,0,0
8526105,4,M,D,C,HBACK,3,0,0,0
6832933,6,F,D,A,SEDAN,4,0,0,0
8871703,6,M,A,C,SEDAN,4,0,0,0
8088992,6,F,B,D,SEDAN,3,0,0,0
4702859,4,M,B,D,HBACK,2,0,0,0
4053210,6,M,C,D,STNWG,3,0,0,0
6039029,3,M,B,D,STNWG,2,0,0,0
2811213,5,F,C,D,HBACK,4,1,1,200
3612122,2,F,A,D,SEDAN,2,0,0,0
402387,6,M,E,B,HBACK,3,0,0,0
3148485,4,F,E,B,HBACK,3,0,0,0
6520814,4,M,E,B,HBACK,1,0,0,0
2839802,3,F,E,D,SEDAN,4,0,0,0
8167170,6,M,B,D,SEDAN,3,0,0,0
7545695,6,F,D,D,SEDAN,1,0,0,0
3091009,2,M,C,C,HBACK,4,0,0,0
3395254,2,F,B,B,HBACK,3,1,1,200
6524915,6,F,C,B,HBACK,4,0,0,0
587558,3,F,D,C,STNWG,4,0,0,0
2163899,1,F,C,B,COUPE,3,0,0,0
6307674,6,F,C,C,STNWG,2,1,1,1979.029999
8187535,2,F,A,D,STNWG,1,0,0,0
4351180,4,M,A,D,HBACK,2,0,0,0
7189742,3,F,A,B,SEDAN,3,0,0,0
1052138,2,M,F,D,UTE,2,0,0,0
5223273,3,F,A,D,STNWG,2,0,0,0
4954920,5,F,C,C,STNWG,2,0,0,0
443925,3,F,A,D,STNWG,3,0,0,0
19572,2,F,E,C,UTE,1,0,0,0
8977519,2,M,A,D,STNWG,3,0,0,0
6705695,3,F,A,D,STNWG,3,0,0,0
404660,4,M,C,B,HBACK,1,0,0,0
4635665,3,M,C,D,SEDAN,4,0,0,0
3674983,1,F,F,D,STNWG,3,0,0,0
9341824,4,F,E,B,SEDAN,2,0,0,0
8783467,5,F,C,D,SEDAN,1,0,0,0
4268672,3,F,D,B,SEDAN,3,0,0,0
2343246,3,M,D,C,STNWG,3,0,0,0
9721305,6,M,A,B,HBACK,2,0,0,0
7106354,1,F,A,B,HBACK,3,0,0,0
6854531,1,M,C,D,TRUCK,3,1,2,704.4399996
539591,6,M,B,B,HBACK,1,0,0,0
551465,4,F,C,D,STNWG,4,0,0,0
6857877,5,M,C,D,UTE,3,0,0,0
3233660,4,F,B,D,HBACK,3,0,0,0
8167426,2,F,E,D,STNWG,3,0,0,0
2783620,6,M,A,D,SEDAN,3,0,0,0
2593691,6,F,C,D,HDTOP,4,0,0,0
4292293,6,F,A,D,HBACK,3,0,0,0
8820624,3,F,A,D,STNWG,3,0,0,0
2521224,3,F,E,D,SEDAN,2,0,0,0
3322452,1,F,C,B,HBACK,1,0,0,0
98170,5,F,B,C,HBACK,4,0,0,0
7185945,6,F,C,B,HBACK,4,0,0,0
3208737,4,F,A,C,HBACK,4,0,0,0
7833333,4,M,E,D,SEDAN,1,0,0,0
9961283,2,M,D,C,SEDAN,3,0,0,0
904110,2,F,A,D,HBACK,4,1,1,322.3299999
1884828,2,M,E,D,SEDAN,2,0,0,0
8544708,3,M,E,D,STNWG,3,0,0,0
1002189,5,F,A,D,SEDAN,2,0,0,0
2923999,4,M,D,B,COUPE,3,0,0,0
1260569,6,F,C,D,SEDAN,4,0,0,0
9182862,2,F,B,D,STNWG,2,0,0,0
2558577,4,M,B,B,HBACK,2,0,0,0
9867969,4,F,A,D,STNWG,3,0,0,0
2146000,3,F,C,B,HBACK,1,0,0,0
410411,3,F,C,B,SEDAN,3,0,0,0
2603716,5,M,C,C,SEDAN,3,0,0,0
806070,2,M,C,D,STNWG,4,0,0,0
4294957,6,F,A,D,HBACK,3,0,0,0
424839,6,F,C,C,HBACK,3,0,0,0
1830280,5,M,A,C,SEDAN,3,0,0,0
2190887,3,M,A,D,SEDAN,1,0,0,0
8977510,3,M,A,A,STNWG,2,0,0,0
765212,2,F,C,D,SEDAN,1,0,0,0
4336600,3,M,D,D,UTE,3,0,0,0
9791517,4,M,F,C,STNWG,3,0,0,0
3878016,4,M,B,B,HBACK,4,0,0,0
6073355,4,F,C,B,HBACK,2,0,0,0
5987969,3,F,C,B,STNWG,3,0,0,0
2520712,4,M,E,C,STNWG,4,0,0,0
1204556,6,M,C,B,SEDAN,1,0,0,0
9986555,6,F,D,D,MCARA,1,0,0,0
9579353,3,M,F,D,STNWG,3,0,0,0
3211276,4,F,C,D,PANVN,4,0,0,0
9013012,5,F,A,C,HBACK,4,0,0,0
5652913,6,F,F,D,STNWG,3,0,0,0
8479580,4,M,A,C,COUPE,3,0,0,0
3209123,6,M,B,D,SEDAN,1,0,0,0
3858736,4,M,C,C,STNWG,2,0,0,0
1296465,6,M,D,D,HBACK,2,0,0,0
4348205,3,M,D,D,SEDAN,1,0,0,0
1924326,6,F,C,B,SEDAN,4,0,0,0
3688814,2,M,B,D,SEDAN,2,1,1,200
4134627,2,F,C,D,HBACK,2,0,0,0
2726740,3,F,C,D,HBACK,4,0,0,0
602365,2,F,C,B,HBACK,4,0,0,0
7542551,6,F,B,D,HBACK,4,0,0,0
103741,4,M,C,D,HBACK,2,0,0,0
4640999,2,F,B,B,SEDAN,2,0,0,0
1666126,2,F,A,D,STNWG,3,0,0,0
242079,4,M,B,A,SEDAN,3,0,0,0
7447501,3,F,A,D,SEDAN,3,0,0,0
6802095,2,F,C,D,UTE,4,0,0,0
296620,4,F,C,D,SEDAN,1,0,0,0
4954569,3,M,E,D,TRUCK,4,0,0,0
343997,2,F,C,D,UTE,4,0,0,0
7505583,4,M,A,D,HBACK,4,0,0,0
477428,3,M,D,C,STNWG,4,0,0,0
3900213,2,F,A,D,STNWG,3,1,1,339.5100002
3476051,3,M,A,D,HBACK,2,0,0,0
6859975,3,M,E,C,STNWG,3,0,0,0
7137979,5,M,B,D,SEDAN,4,0,0,0
2362199,5,M,B,D,STNWG,4,0,0,0
3894741,2,F,F,D,STNWG,4,1,1,2649.339996
4546052,1,M,F,D,UTE,3,0,0,0
3079214,2,M,F,D,UTE,4,0,0,0
4943992,4,F,E,B,SEDAN,1,0,0,0
5459466,1,F,A,D,STNWG,3,0,0,0
9435377,2,F,C,D,HBACK,3,0,0,0
394931,2,M,A,D,UTE,1,1,1,200
8203384,5,F,A,C,STNWG,1,0,0,0
183964,3,F,C,B,HBACK,3,0,0,0
9166794,3,F,A,D,STNWG,2,0,0,0
1173807,3,M,C,D,SEDAN,2,0,0,0
7134133,5,F,D,D,STNWG,2,0,0,0
2857129,3,M,A,D,HBACK,3,0,0,0
6590704,6,M,A,B,HBACK,1,0,0,0
3925353,3,M,F,C,STNWG,1,0,0,0
988468,1,F,C,D,HBACK,1,0,0,0
1955688,3,M,C,B,HBACK,3,0,0,0
4735376,5,F,E,D,SEDAN,4,0,0,0
3108077,4,F,A,D,STNWG,3,0,0,0
9043712,1,F,F,D,HBACK,2,0,0,0
9977123,2,M,C,D,STNWG,4,0,0,0
7659515,2,M,B,C,SEDAN,4,1,1,200
467661,4,F,A,C,SEDAN,2,0,0,0
4415557,4,F,E,D,STNWG,3,1,1,389.9499998
2810277,5,F,C,A,SEDAN,2,1,1,2136.589996
5209925,2,M,B,B,SEDAN,2,0,0,0
3906071,4,F,A,B,SEDAN,3,0,0,0
9015648,5,M,C,B,SEDAN,4,1,1,733.1999989
2200639,2,F,B,A,PANVN,2,0,0,0
8200576,3,M,B,D,SEDAN,3,0,0,0
7409267,4,M,C,D,HBACK,4,0,0,0
282983,4,F,B,C,SEDAN,2,0,0,0
7788809,4,M,D,C,STNWG,4,0,0,0
972458,4,F,B,D,HBACK,2,0,0,0
5817868,3,M,B,C,HBACK,4,0,0,0
5129235,4,M,D,C,STNWG,2,0,0,0
293147,5,F,B,B,HBACK,3,0,0,0
1097939,6,M,A,D,HBACK,2,1,1,200
5735732,2,F,A,B,HBACK,2,1,1,1166.129999
3760362,4,M,A,D,SEDAN,2,0,0,0
4675629,6,M,B,D,SEDAN,3,0,0,0
7925716,3,M,D,B,HBACK,3,0,0,0
7184181,5,F,B,B,SEDAN,3,0,0,0
8250703,3,M,A,D,SEDAN,3,0,0,0
9227967,3,F,A,C,SEDAN,2,0,0,0
3274891,2,M,C,B,HBACK,3,0,0,0
151470,4,M,C,D,STNWG,1,1,1,200
4019683,3,F,C,D,HBACK,3,0,0,0
1511745,1,F,C,B,HBACK,3,0,0,0
3292375,3,M,A,D,STNWG,2,0,0,0
2058484,3,M,D,B,HBACK,1,0,0,0
5199837,6,M,B,B,SEDAN,3,0,0,0
4740244,5,M,E,D,STNWG,3,0,0,0
9174010,4,F,A,D,HBACK,3,0,0,0
9848855,3,M,C,D,SEDAN,3,0,0,0
2275711,5,F,A,B,SEDAN,2,0,0,0
2136648,2,M,B,C,STNWG,1,0,0,0
4296087,2,M,C,D,STNWG,4,0,0,0
8157884,4,M,C,D,HBACK,2,0,0,0
41792,5,M,A,D,STNWG,4,1,1,1010.919998
8782285,4,F,B,D,HBACK,4,1,1,3112.649994
1241884,4,M,A,C,STNWG,4,0,0,0
8655660,3,F,C,C,SEDAN,3,0,0,0
8076422,4,F,B,D,HBACK,3,0,0,0
4480207,5,M,B,D,UTE,4,0,0,0
5334851,4,F,A,B,STNWG,2,0,0,0
322273,1,M,C,B,COUPE,4,0,0,0
8511645,4,M,D,C,MCARA,4,0,0,0
2463543,5,M,C,D,HDTOP,4,0,0,0
4658930,4,F,C,C,UTE,4,0,0,0
4654344,4,M,C,D,HBACK,1,0,0,0
2118592,5,M,B,D,SEDAN,4,0,0,0
17800,6,M,C,D,HBACK,1,0,0,0
3903053,3,F,B,D,SEDAN,3,0,0,0
2071897,4,F,A,B,HBACK,2,0,0,0
9869048,4,F,B,D,SEDAN,3,0,0,0
6683808,2,F,E,C,STNWG,2,0,0,0
4190569,2,F,A,D,HBACK,2,0,0,0
4651779,3,M,E,D,UTE,3,0,0,0
3311362,4,F,C,D,STNWG,3,0,0,0
8758130,3,F,E,D,TRUCK,4,0,0,0
8151447,3,M,A,D,STNWG,2,0,0,0
5286324,5,M,E,D,STNWG,2,0,0,0
2312281,5,F,C,D,STNWG,4,0,0,0
3116009,2,F,C,D,PANVN,2,0,0,0
8512156,3,F,A,B,SEDAN,2,0,0,0
4353536,4,M,A,C,HBACK,2,0,0,0
6471906,3,M,D,D,SEDAN,2,0,0,0
5643783,4,M,C,D,SEDAN,2,0,0,0
176686,2,M,C,D,UTE,4,1,1,353.7999997
1956696,6,F,C,C,STNWG,4,0,0,0
4793904,2,M,F,D,STNWG,1,0,0,0
9730461,5,M,A,D,SEDAN,4,0,0,0
8500303,6,M,B,C,HBACK,4,0,0,0
5952595,4,F,C,C,TRUCK,2,0,0,0
6849016,5,F,A,C,SEDAN,2,0,0,0
3340665,3,M,A,D,SEDAN,4,0,0,0
583053,3,F,B,C,SEDAN,2,0,0,0
1413715,4,M,D,D,SEDAN,1,0,0,0
954071,2,F,F,C,SEDAN,2,0,0,0
1964521,3,M,A,C,STNWG,1,0,0,0
2852937,5,F,A,A,SEDAN,2,0,0,0
2121281,5,F,D,D,STNWG,3,0,0,0
9212884,4,M,E,D,SEDAN,1,0,0,0
6960558,4,M,E,B,HBACK,1,0,0,0
8813989,5,M,C,D,MIBUS,3,0,0,0
7470769,2,M,A,D,HBACK,2,0,0,0
229384,4,F,A,B,SEDAN,3,0,0,0
1057780,4,M,B,B,HBACK,4,0,0,0
7838156,3,M,C,C,STNWG,3,0,0,0
462269,4,M,B,C,HBACK,4,0,0,0
5287312,3,M,A,D,STNWG,4,0,0,0
446491,3,M,F,D,HDTOP,1,0,0,0
107294,3,F,B,C,COUPE,1,0,0,0
5245270,3,F,B,D,HBACK,2,0,0,0
4922641,3,M,E,D,SEDAN,3,0,0,0
6800169,5,F,C,D,SEDAN,3,0,0,0
5950156,4,F,C,D,SEDAN,3,0,0,0
9723224,4,M,A,D,STNWG,4,0,0,0
393232,5,M,C,C,SEDAN,3,0,0,0
7975272,5,F,D,C,TRUCK,4,0,0,0
2471671,5,F,D,D,STNWG,3,0,0,0
4730676,5,F,C,B,HBACK,2,0,0,0
9661231,4,F,C,C,SEDAN,4,1,1,5786.259995
1613062,2,M,A,D,UTE,3,0,0,0
9558599,4,M,C,D,SEDAN,3,0,0,0
8141725,4,M,D,D,STNWG,4,0,0,0
8067961,4,F,C,B,SEDAN,2,0,0,0
3944773,5,M,A,B,COUPE,3,0,0,0
1669350,6,F,A,C,SEDAN,3,0,0,0
8767974,5,F,A,D,STNWG,3,0,0,0
4466849,3,F,C,D,BUS,3,1,1,876.4799995
3398480,4,M,C,C,SEDAN,4,0,0,0
6580537,1,M,C,D,TRUCK,3,1,1,9021.419983
6876607,1,F,A,D,SEDAN,2,0,0,0
9211519,6,F,D,D,STNWG,2,0,0,0
1015837,3,F,C,D,SEDAN,2,0,0,0
6412933,6,F,E,D,SEDAN,3,0,0,0
8194219,5,F,B,A,SEDAN,2,0,0,0
2354367,4,F,F,C,UTE,3,0,0,0
3600065,4,M,C,D,STNWG,4,0,0,0
8089757,3,F,A,D,SEDAN,1,1,1,758.3799992
4810077,3,F,C,D,SEDAN,3,0,0,0
9974775,5,M,A,D,UTE,3,0,0,0
7682822,2,M,B,C,STNWG,2,0,0,0
7643805,2,F,B,B,HBACK,2,0,0,0
3801251,5,M,C,C,SEDAN,3,0,0,0
2850695,6,F,B,D,SEDAN,2,0,0,0
4693131,4,F,C,D,STNWG,4,0,0,0
6349980,2,M,D,D,HDTOP,3,0,0,0
6763238,4,M,A,C,TRUCK,4,0,0,0
5176769,4,F,C,D,SEDAN,1,0,0,0
3006969,1,F,E,D,HBACK,4,0,0,0
8524602,3,F,C,D,HBACK,2,0,0,0
3340940,2,F,B,D,STNWG,3,0,0,0
3068052,3,M,F,B,STNWG,3,0,0,0
3970584,5,F,C,C,STNWG,1,0,0,0
2243380,4,F,C,D,STNWG,4,0,0,0
7192104,1,F,D,B,HBACK,1,0,0,0
5459580,3,F,C,D,SEDAN,3,0,0,0
8157281,4,F,A,D,SEDAN,3,0,0,0
7733504,1,F,A,C,SEDAN,2,0,0,0
4114116,5,M,B,B,HBACK,1,0,0,0
3655775,2,F,C,D,STNWG,1,0,0,0
9512047,3,F,A,D,MIBUS,3,1,1,826.0299988
2682089,3,F,F,B,SEDAN,3,0,0,0
6713534,4,F,A,D,HBACK,3,0,0,0
8980433,2,M,A,D,SEDAN,4,0,0,0
553170,4,M,B,D,MIBUS,4,0,0,0
8174315,3,M,D,D,STNWG,4,0,0,0
365004,3,F,B,D,SEDAN,3,0,0,0
1926099,6,M,B,D,SEDAN,3,0,0,0
1042161,5,F,C,D,STNWG,3,0,0,0
4025847,2,M,A,D,STNWG,4,0,0,0
485060,3,M,D,D,STNWG,4,0,0,0
9013792,4,F,C,B,SEDAN,3,0,0,0
8478035,4,M,B,D,SEDAN,3,0,0,0
4038867,3,M,A,B,HBACK,2,0,0,0
901837,4,F,A,D,HBACK,4,0,0,0
1888302,4,M,F,C,STNWG,3,0,0,0
9452430,4,F,C,B,SEDAN,3,0,0,0
829984,4,F,C,D,STNWG,2,1,1,1404.339996
7687448,5,F,D,C,SEDAN,2,0,0,0
8519938,3,M,A,D,UTE,2,0,0,0
3694086,6,F,A,C,SEDAN,4,0,0,0
670751,4,F,B,C,SEDAN,4,0,0,0
1437539,5,M,C,D,TRUCK,4,0,0,0
307998,2,M,C,D,STNWG,2,0,0,0
8908584,3,M,C,D,SEDAN,1,1,2,16667.05
682128,5,M,A,D,SEDAN,4,0,0,0
9250278,3,F,A,B,HBACK,2,0,0,0
7720891,5,M,A,D,SEDAN,3,0,0,0
120576,2,M,A,A,STNWG,2,0,0,0
3302907,4,F,D,C,SEDAN,2,0,0,0
2726767,3,M,C,C,STNWG,4,0,0,0
2361417,2,F,C,D,HBACK,1,0,0,0
2535155,4,F,B,C,SEDAN,2,0,0,0
158053,4,F,E,B,HBACK,3,0,0,0
8528615,4,F,C,D,SEDAN,2,0,0,0
679764,2,F,B,D,SEDAN,4,0,0,0
1216788,4,F,E,D,STNWG,4,0,0,0
1203785,5,M,A,D,SEDAN,3,0,0,0
2528241,3,F,B,C,STNWG,3,0,0,0
2059535,5,F,C,D,HBACK,4,0,0,0
8363396,4,F,C,C,HBACK,3,0,0,0
1606319,3,M,C,B,SEDAN,2,0,0,0
2093184,1,F,C,B,SEDAN,4,0,0,0
2686396,2,F,B,D,HBACK,4,0,0,0
7981339,2,M,B,D,HBACK,2,0,0,0
394533,1,F,F,D,STNWG,4,0,0,0
8503575,3,F,C,A,SEDAN,2,0,0,0
6064924,3,M,C,D,STNWG,1,0,0,0
5895066,2,M,A,D,STNWG,4,0,0,0
2047444,5,F,B,A,SEDAN,3,1,1,1497.649998
5715099,3,F,C,B,SEDAN,1,0,0,0
4204224,1,F,A,B,HBACK,3,0,0,0
7635095,5,F,C,D,SEDAN,2,1,1,12158.75998
7624721,4,F,E,C,SEDAN,2,0,0,0
7617359,2,M,A,D,UTE,2,0,0,0
4365312,4,M,C,D,TRUCK,2,0,0,0
6055684,2,F,C,D,HBACK,3,0,0,0
2398261,1,F,E,B,SEDAN,2,0,0,0
8099706,5,M,C,D,SEDAN,1,0,0,0
7543043,5,M,B,D,SEDAN,4,1,1,200
4456074,5,F,C,D,HBACK,2,0,0,0
9007019,3,F,F,B,SEDAN,3,0,0,0
1334241,6,F,C,D,SEDAN,2,0,0,0
8748531,4,F,A,C,STNWG,2,0,0,0
6536102,3,F,B,B,STNWG,1,0,0,0
2671391,1,M,B,B,STNWG,1,0,0,0
7084080,3,F,A,D,STNWG,3,0,0,0
2721760,4,F,B,B,HBACK,2,0,0,0
551996,2,F,B,B,HBACK,3,0,0,0
9073149,4,F,C,D,SEDAN,3,0,0,0
268944,6,F,C,D,HBACK,2,0,0,0
244309,3,F,C,B,SEDAN,3,0,0,0
1169857,4,F,F,C,SEDAN,4,0,0,0
6729786,6,F,B,B,HBACK,2,0,0,0
9086568,3,M,F,C,STNWG,3,0,0,0
8170063,3,F,D,C,STNWG,3,0,0,0
3480358,4,F,C,D,STNWG,3,0,0,0
4459647,3,M,C,A,SEDAN,4,0,0,0
9499122,2,M,B,B,HBACK,3,0,0,0
3767569,3,F,F,C,STNWG,4,0,0,0
2677820,4,M,B,D,SEDAN,2,0,0,0
1258742,4,M,D,C,TRUCK,2,0,0,0
8960012,4,F,E,D,SEDAN,4,0,0,0
6836653,6,F,B,B,HBACK,3,0,0,0
4731271,6,F,D,D,SEDAN,2,0,0,0
9674426,5,F,C,B,SEDAN,3,0,0,0
5854131,3,M,C,C,UTE,2,0,0,0
4380872,2,M,B,D,STNWG,2,0,0,0
2163201,3,M,F,C,STNWG,3,0,0,0
844326,3,M,A,D,SEDAN,3,0,0,0
2670828,3,F,B,D,SEDAN,3,0,0,0
6541425,5,F,A,D,MIBUS,4,0,0,0
6080668,3,M,D,D,HBACK,1,0,0,0
6139073,6,M,A,D,HBACK,3,0,0,0
7097092,2,F,D,D,UTE,3,0,0,0
4550110,2,F,C,D,SEDAN,4,0,0,0
9497518,3,F,C,C,SEDAN,2,1,1,353.77
7904410,1,F,B,B,SEDAN,3,0,0,0
6001006,6,F,A,B,HBACK,1,0,0,0
8589767,2,M,B,D,STNWG,3,0,0,0
4187043,2,F,D,D,HBACK,2,0,0,0
2424281,3,M,B,C,HDTOP,4,0,0,0
1214743,2,F,C,B,HBACK,3,0,0,0
9817903,1,F,E,B,HBACK,3,0,0,0
6238560,4,M,C,C,SEDAN,2,0,0,0
1624662,2,M,D,D,STNWG,1,0,0,0
429523,4,F,C,D,HBACK,4,0,0,0
7981190,1,F,B,D,SEDAN,1,0,0,0
6522374,2,M,B,B,STNWG,3,1,1,4254.07
9082656,3,F,C,D,SEDAN,3,0,0,0
8099589,3,M,A,D,SEDAN,3,0,0,0
9819242,2,F,A,D,STNWG,4,0,0,0
4515324,1,F,D,B,HBACK,3,0,0,0
5293575,2,F,F,C,HBACK,4,0,0,0
9300206,3,F,B,D,HDTOP,3,0,0,0
2526594,4,F,B,B,HBACK,2,0,0,0
4017157,4,M,A,C,HBACK,4,0,0,0
8170947,4,F,A,D,SEDAN,3,0,0,0
1311255,4,F,F,D,TRUCK,3,0,0,0
413224,5,F,A,D,HBACK,4,0,0,0
2315868,4,M,E,C,STNWG,1,0,0,0
2810820,1,M,F,C,SEDAN,1,0,0,0
8239892,3,F,B,D,HBACK,4,0,0,0
3915329,4,M,B,D,SEDAN,4,0,0,0
4679843,3,M,B,B,HBACK,4,0,0,0
1068483,2,F,B,D,STNWG,2,0,0,0
5288774,1,M,C,B,SEDAN,4,0,0,0
9866449,6,F,C,B,SEDAN,1,0,0,0
9835,4,F,A,B,SEDAN,2,0,0,0
2766982,2,M,A,B,SEDAN,3,0,0,0
494301,1,M,A,D,STNWG,3,0,0,0
2377217,4,M,C,D,STNWG,4,0,0,0
5450584,6,F,E,C,HBACK,4,0,0,0
2746317,1,F,C,D,SEDAN,1,0,0,0
6054836,2,F,D,C,STNWG,2,0,0,0
4346936,4,F,C,D,SEDAN,2,1,1,515.9699993
9070714,3,F,E,B,STNWG,2,0,0,0
517619,2,M,B,D,STNWG,4,0,0,0
7542377,5,M,E,D,SEDAN,2,0,0,0
6835376,6,M,C,D,SEDAN,2,1,1,1240.559998
1422890,4,M,C,B,HBACK,2,0,0,0
790836,2,M,A,D,UTE,3,0,0,0
1925847,4,F,A,D,HBACK,4,0,0,0
2983055,4,F,E,C,STNWG,2,1,1,452.0599999
4550366,5,F,F,D,SEDAN,3,0,0,0
7138549,3,M,C,D,UTE,3,0,0,0
2669060,6,F,D,B,HBACK,3,0,0,0
8653899,3,M,C,D,STNWG,3,0,0,0
7065841,3,M,E,D,TRUCK,2,0,0,0
4681621,6,F,C,D,SEDAN,3,0,0,0
5701423,5,F,C,B,HBACK,2,0,0,0
3083443,2,F,A,C,HBACK,3,0,0,0
2665672,3,M,B,D,SEDAN,2,0,0,0
6939752,3,F,F,C,STNWG,1,0,0,0
7974843,3,F,B,D,STNWG,4,0,0,0
2660754,5,M,D,C,STNWG,3,0,0,0
513770,3,F,D,D,UTE,4,0,0,0
6037303,2,F,B,B,HBACK,4,1,1,5564.62999
3580430,4,F,A,D,STNWG,2,1,3,2716.139998
3108573,2,M,C,D,PANVN,3,0,0,0
3112701,1,F,D,B,SEDAN,3,0,0,0
1449932,4,F,C,D,SEDAN,4,0,0,0
630926,2,F,E,D,STNWG,1,0,0,0
4353709,3,F,C,B,HBACK,1,0,0,0
7229343,3,F,E,B,HBACK,4,0,0,0
4807395,5,M,C,D,MIBUS,4,0,0,0
3155098,1,M,D,D,STNWG,3,0,0,0
3624192,1,F,F,D,HBACK,2,0,0,0
4957307,3,F,A,D,HBACK,1,0,0,0
2341273,5,F,A,D,HBACK,1,0,0,0
5060359,2,M,B,C,SEDAN,3,0,0,0
6872209,5,F,C,D,HBACK,2,0,0,0
6000797,3,F,B,B,HBACK,1,0,0,0
7301346,3,F,E,D,STNWG,3,0,0,0
9612191,2,F,C,C,HBACK,2,0,0,0
6320617,6,F,C,C,SEDAN,1,1,1,200
8428002,5,M,B,C,STNWG,1,0,0,0
3005875,6,F,D,B,HBACK,1,0,0,0
432681,3,M,B,B,HBACK,1,0,0,0
4648557,2,M,D,D,STNWG,3,0,0,0
1609786,1,F,A,D,STNWG,4,0,0,0
4731882,5,M,D,C,STNWG,1,0,0,0
251391,3,F,A,D,STNWG,2,0,0,0
5538046,5,F,E,B,HBACK,1,0,0,0
2595227,5,F,B,B,HBACK,2,0,0,0
9145813,5,F,F,C,UTE,4,0,0,0
7445398,4,F,E,A,SEDAN,2,0,0,0
575621,4,M,C,B,SEDAN,1,0,0,0
1682525,5,M,C,B,STNWG,3,0,0,0
2593270,2,M,A,D,UTE,3,0,0,0
9550040,6,F,C,B,HBACK,4,0,0,0
9830165,5,F,A,D,HBACK,1,0,0,0
4424210,4,M,C,D,SEDAN,3,0,0,0
7975063,4,F,C,D,SEDAN,4,0,0,0
418356,3,F,C,B,HBACK,3,0,0,0
8352219,2,F,C,C,COUPE,4,0,0,0
365144,3,F,A,C,SEDAN,2,0,0,0
5490348,6,M,A,B,HBACK,1,1,1,200
1160926,3,F,C,B,HBACK,1,0,0,0
4177605,2,F,C,B,HBACK,2,0,0,0
9162001,5,M,A,B,STNWG,2,0,0,0
1968356,5,F,A,B,STNWG,2,0,0,0
5014376,2,M,B,B,HBACK,2,0,0,0
3134021,3,F,B,D,SEDAN,1,1,1,227.2381819
8383958,1,F,C,C,STNWG,4,0,0,0
2050080,3,F,C,D,SEDAN,4,0,0,0
7313778,2,M,A,D,HBACK,2,0,0,0
3487365,1,F,A,D,UTE,2,0,0,0
9561021,3,M,D,C,STNWG,4,0,0,0
7543800,3,F,C,D,SEDAN,3,0,0,0
1769922,5,M,B,B,HBACK,3,0,0,0
4483352,2,F,A,C,HBACK,3,0,0,0
274627,3,F,A,D,STNWG,1,0,0,0
421166,5,M,C,C,STNWG,2,0,0,0
768764,5,M,C,B,SEDAN,3,0,0,0
1309739,3,M,A,D,MIBUS,4,0,0,0
8909538,3,F,B,C,STNWG,2,0,0,0
1214455,2,M,C,C,STNWG,4,0,0,0
6634801,3,F,A,D,SEDAN,2,0,0,0
3980480,2,F,B,D,STNWG,2,0,0,0
7124433,4,M,F,A,STNWG,2,1,1,7539.419998
3763614,4,F,F,C,SEDAN,1,0,0,0
3191554,4,F,B,C,SEDAN,2,0,0,0
9243155,4,F,C,D,SEDAN,3,0,0,0
1469772,3,F,C,D,HBACK,1,0,0,0
1624351,5,F,C,D,SEDAN,4,0,0,0
4265339,5,M,E,D,STNWG,3,0,0,0
6633281,4,M,C,D,SEDAN,2,0,0,0
6935892,2,M,D,D,STNWG,4,0,0,0
5200530,4,F,A,D,HBACK,1,0,0,0
7531559,3,M,B,D,UTE,2,0,0,0
4375755,1,M,B,D,STNWG,4,0,0,0
9899251,2,M,A,D,COUPE,4,0,0,0
2908515,3,M,D,D,HBACK,4,0,0,0
9814397,4,F,A,B,STNWG,3,0,0,0
8858018,1,F,C,D,HDTOP,1,0,0,0
6352705,2,M,C,C,TRUCK,2,0,0,0
9111943,2,F,C,D,STNWG,2,0,0,0
1592710,5,M,C,D,UTE,3,0,0,0
9730495,3,F,D,D,STNWG,4,0,0,0
2593537,5,F,C,D,HDTOP,3,0,0,0
6733208,3,F,B,D,STNWG,1,0,0,0
9439831,3,F,C,D,HBACK,2,0,0,0
6088574,4,M,C,D,SEDAN,4,0,0,0
8647671,2,F,F,C,STNWG,1,1,1,900.8599987
9434469,5,M,B,D,SEDAN,2,0,0,0
6115079,4,M,D,D,SEDAN,4,0,0,0
9675049,3,M,C,B,HBACK,4,0,0,0
1136287,6,F,D,B,HBACK,1,0,0,0
246731,5,M,B,B,HBACK,1,0,0,0
1273392,4,F,A,D,SEDAN,4,0,0,0
1371463,2,M,A,C,STNWG,1,0,0,0
9867917,2,M,E,D,TRUCK,3,0,0,0
1710199,4,F,C,D,HBACK,2,1,2,8458.539986
4707988,3,F,D,C,STNWG,4,0,0,0
8554502,3,F,A,C,HBACK,2,0,0,0
3654344,5,M,C,D,HBACK,4,0,0,0
5923378,2,M,E,B,HBACK,3,0,0,0
5458014,2,F,B,B,SEDAN,1,0,0,0
7241545,3,F,C,B,HBACK,3,0,0,0
8590818,5,F,B,D,SEDAN,2,0,0,0
7275403,4,F,C,D,SEDAN,3,0,0,0
2738022,4,F,D,D,HBACK,4,1,1,722.0299931
1866389,2,M,B,D,UTE,2,0,0,0
3970581,2,M,C,B,HBACK,3,1,1,11665.94998
2528895,4,F,B,D,SEDAN,1,0,0,0
9442987,4,M,D,D,SEDAN,2,0,0,0
7787020,6,M,B,D,SEDAN,4,0,0,0
2745460,4,F,E,D,SEDAN,4,0,0,0
7567302,4,M,F,D,STNWG,4,0,0,0
2754298,6,M,C,D,SEDAN,3,0,0,0
8781446,5,F,C,C,STNWG,1,0,0,0
7239684,3,F,D,B,SEDAN,3,0,0,0
489914,3,M,D,D,STNWG,3,0,0,0
5768656,1,F,C,B,HBACK,1,0,0,0
1521689,2,F,B,B,HBACK,4,0,0,0
6837169,3,F,B,B,HBACK,2,1,1,3424.049995
7647079,6,F,C,D,HBACK,3,0,0,0
4261003,2,F,E,B,HBACK,3,0,0,0
7929400,4,M,F,D,UTE,2,0,0,0
2824238,3,F,B,D,UTE,3,0,0,0
9951440,3,F,B,B,SEDAN,3,0,0,0
2844136,4,F,D,D,HDTOP,2,0,0,0
8886775,4,F,E,C,SEDAN,3,0,0,0
3882431,5,M,D,C,UTE,4,0,0,0
9357336,1,M,A,D,STNWG,1,0,0,0
2433195,4,F,C,B,HBACK,2,0,0,0
302282,4,M,D,C,TRUCK,3,0,0,0
4366033,5,M,A,B,SEDAN,2,0,0,0
2853575,6,F,D,B,HBACK,4,0,0,0
5267779,2,M,F,D,UTE,2,0,0,0
1443900,4,F,B,D,SEDAN,2,0,0,0
4556324,2,M,C,B,SEDAN,4,0,0,0
1997396,2,F,A,D,HDTOP,2,0,0,0
5301785,3,M,C,D,SEDAN,1,0,0,0
4709100,2,F,D,C,SEDAN,3,0,0,0
7472040,5,F,A,D,UTE,3,0,0,0
8848898,4,M,C,D,HBACK,4,0,0,0
957516,2,M,A,D,STNWG,2,0,0,0
1737079,5,F,C,D,UTE,1,0,0,0
4260970,2,F,C,D,HBACK,1,0,0,0
2602070,3,F,C,D,STNWG,3,0,0,0
9152680,6,F,B,D,HBACK,4,0,0,0
4493497,3,F,C,D,SEDAN,2,0,0,0
5382939,4,F,C,D,HBACK,1,0,0,0
6235735,4,F,E,D,UTE,1,0,0,0
7713472,2,F,C,D,HBACK,3,0,0,0
4173668,5,F,C,C,SEDAN,1,1,1,2801.689995
5485937,2,F,D,D,STNWG,3,0,0,0
6034250,2,M,A,B,HBACK,4,0,0,0
4742971,4,F,A,D,SEDAN,3,0,0,0
624864,5,M,B,D,HDTOP,4,0,0,0
8099927,2,M,C,C,STNWG,1,0,0,0
8379653,5,M,A,D,SEDAN,3,0,0,0
5299054,4,F,D,B,SEDAN,2,1,1,3518.269997
4351188,5,M,E,C,STNWG,4,0,0,0
394658,4,F,B,B,HBACK,4,0,0,0
3760253,2,F,C,B,HBACK,1,0,0,0
9346434,2,M,C,B,HBACK,1,0,0,0
7638323,3,F,B,D,MIBUS,3,0,0,0
3926379,2,M,D,C,STNWG,3,0,0,0
9420166,1,M,B,D,TRUCK,1,0,0,0
4063508,5,M,E,D,SEDAN,3,0,0,0
5888481,4,M,C,D,SEDAN,3,0,0,0
3565378,4,M,C,D,MIBUS,4,0,0,0
6543980,3,M,C,D,SEDAN,2,0,0,0
9412026,3,F,F,A,SEDAN,4,1,3,5238.849987
9980139,4,F,C,B,HBACK,3,1,1,5610.470886
9946177,2,F,D,D,UTE,1,0,0,0
3412671,3,M,B,B,SEDAN,4,0,0,0
9703442,2,F,F,C,STNWG,3,0,0,0
9484471,4,F,C,D,SEDAN,2,0,0,0
5323480,5,M,A,D,STNWG,1,0,0,0
9163467,2,F,B,B,HBACK,1,0,0,0
3881587,5,M,C,C,SEDAN,3,0,0,0
3413409,4,M,C,C,STNWG,4,0,0,0
9885538,2,M,A,D,HBACK,3,0,0,0
438931,4,M,C,D,SEDAN,2,0,0,0
3090634,3,F,C,D,HBACK,4,0,0,0
1508034,6,M,C,D,SEDAN,3,0,0,0
5170125,4,M,C,D,SEDAN,3,0,0,0
3596243,5,M,C,D,HBACK,3,0,0,0
5013423,4,M,A,D,HDTOP,2,0,0,0
7120068,6,M,B,B,HBACK,4,0,0,0
9366641,3,M,F,D,STNWG,1,0,0,0
6429326,6,M,C,D,HBACK,3,0,0,0
5511952,1,M,C,B,HBACK,2,0,0,0
1210125,3,F,B,D,SEDAN,2,0,0,0
7428719,3,M,C,D,STNWG,2,0,0,0
1574999,4,F,C,D,PANVN,4,0,0,0
503214,5,F,C,D,COUPE,4,0,0,0
4742833,3,F,F,D,STNWG,3,0,0,0
227003,6,F,A,D,SEDAN,3,1,1,696.2099991
5402784,5,F,E,C,STNWG,2,1,1,200
2532983,3,F,B,C,SEDAN,3,0,0,0
4733786,2,F,F,D,UTE,2,0,0,0
4255597,6,F,B,D,SEDAN,3,0,0,0
7890968,2,M,A,C,STNWG,2,0,0,0
4058443,5,M,B,D,SEDAN,2,0,0,0
6031074,6,M,D,D,STNWG,4,0,0,0
7884014,5,F,B,D,SEDAN,3,1,1,200
8761689,3,M,D,C,STNWG,3,0,0,0
9733997,5,F,A,D,SEDAN,4,0,0,0
7424440,4,F,C,D,SEDAN,3,0,0,0
4521923,1,F,C,B,SEDAN,1,0,0,0
7230948,2,M,C,B,SEDAN,2,0,0,0
3876460,3,M,A,D,HBACK,2,0,0,0
1383143,3,F,D,B,STNWG,2,0,0,0
1331267,5,F,C,D,HBACK,2,0,0,0
2517988,4,F,C,C,STNWG,4,0,0,0
4817001,2,F,F,D,SEDAN,2,0,0,0
675746,6,M,A,D,SEDAN,3,1,1,1502.049999
7336097,4,F,A,D,SEDAN,2,0,0,0
6260769,4,M,E,D,TRUCK,2,0,0,0
4204040,2,M,F,D,STNWG,3,0,0,0
2220629,3,M,C,D,STNWG,3,0,0,0
4499994,3,M,B,D,STNWG,4,0,0,0
2564380,3,M,B,B,STNWG,2,0,0,0
7135260,4,F,A,D,SEDAN,3,0,0,0
2591524,2,F,B,C,SEDAN,2,1,1,200
899899,3,M,C,D,STNWG,3,0,0,0
4149933,4,F,B,D,HBACK,3,0,0,0
4444726,4,M,E,D,PANVN,4,0,0,0
6344073,3,F,C,C,SEDAN,4,0,0,0
2786918,3,F,C,D,SEDAN,3,0,0,0
6929819,2,M,F,D,STNWG,2,0,0,0
5206238,4,F,C,B,HBACK,3,1,1,1440.589996
9446139,5,M,B,A,STNWG,1,0,0,0
4975636,5,M,A,D,SEDAN,3,0,0,0
2357316,3,M,C,D,SEDAN,2,0,0,0
3925453,1,F,F,D,STNWG,2,0,0,0
4528434,3,F,C,D,STNWG,2,0,0,0
787677,2,F,C,D,SEDAN,2,0,0,0
5694060,6,M,C,D,STNWG,3,0,0,0
650712,4,F,B,D,SEDAN,1,0,0,0
9718460,2,F,C,C,STNWG,4,0,0,0
6580746,2,M,B,D,HDTOP,2,0,0,0
8873760,4,F,C,C,HBACK,3,1,1,486.7799988
2870399,3,M,A,C,UTE,4,0,0,0
4099122,2,F,B,D,HBACK,4,0,0,0
1370638,2,F,B,B,SEDAN,4,0,0,0
5561532,4,F,C,B,HBACK,1,0,0,0
6234431,3,F,A,D,SEDAN,3,0,0,0
3874176,5,F,C,D,SEDAN,2,0,0,0
8395178,4,F,B,D,SEDAN,3,0,0,0
7847701,5,M,D,D,SEDAN,4,0,0,0
1071478,4,F,A,D,STNWG,3,0,0,0
2422974,3,M,C,D,MIBUS,4,0,0,0
4463967,2,F,C,B,HBACK,3,0,0,0
5865557,5,F,B,D,SEDAN,2,1,1,200
1935029,5,M,A,A,SEDAN,3,1,1,200
1449837,2,F,A,D,HBACK,3,0,0,0
2712169,1,M,B,C,STNWG,4,0,0,0
1687693,5,M,C,D,HDTOP,2,0,0,0
3096934,4,F,A,B,HBACK,1,0,0,0
2719709,4,F,C,C,SEDAN,3,0,0,0
8817198,5,M,D,C,STNWG,4,0,0,0
9287641,4,F,A,C,STNWG,1,0,0,0
5907204,3,M,C,D,SEDAN,3,0,0,0
6949537,3,M,A,D,SEDAN,4,0,0,0
782857,6,M,A,D,SEDAN,4,0,0,0
8649144,3,F,B,B,HBACK,1,0,0,0
2556491,2,M,B,B,HBACK,1,0,0,0
9423710,4,F,C,D,SEDAN,3,0,0,0
2380917,3,M,C,A,PANVN,2,0,0,0
8506198,1,F,A,B,SEDAN,2,0,0,0
1369812,4,M,C,D,STNWG,4,0,0,0
7357582,4,M,D,C,HBACK,2,0,0,0
5884553,2,F,C,D,STNWG,4,0,0,0
4994599,3,F,D,B,HBACK,1,0,0,0
4667479,2,M,E,B,HBACK,2,0,0,0
2061090,2,F,C,C,STNWG,2,0,0,0
3600116,4,F,C,B,STNWG,3,0,0,0
1635028,4,M,A,D,SEDAN,4,0,0,0
8812321,1,M,F,D,STNWG,2,0,0,0
1892334,3,F,C,D,HBACK,2,0,0,0
3307797,3,M,C,D,SEDAN,2,0,0,0
8592814,3,F,D,D,HBACK,2,0,0,0
2461011,4,F,C,B,HBACK,4,0,0,0
5202803,4,F,C,C,STNWG,1,0,0,0
9416159,4,F,C,B,HBACK,3,0,0,0
5088918,2,F,A,C,HBACK,2,0,0,0
9735502,4,F,C,D,HBACK,4,0,0,0
8753640,4,M,B,D,TRUCK,2,0,0,0
1256807,4,M,A,D,HBACK,1,0,0,0
6407217,3,F,B,B,SEDAN,3,0,0,0
2522126,1,F,B,D,STNWG,4,0,0,0
9285777,4,F,E,D,TRUCK,3,0,0,0
6707415,3,F,B,D,SEDAN,3,0,0,0
826476,4,F,A,D,STNWG,4,0,0,0
3065672,2,F,A,C,HBACK,4,0,0,0
9127979,1,F,A,B,SEDAN,2,0,0,0
9883115,4,M,A,D,HBACK,2,0,0,0
9972699,5,F,C,C,HBACK,4,0,0,0
9740894,4,F,A,C,HBACK,4,0,0,0
3346533,3,M,C,D,HBACK,4,0,0,0
8462850,4,F,B,D,HBACK,1,0,0,0
9178319,2,F,C,B,HBACK,2,0,0,0
6539808,4,F,A,D,SEDAN,4,1,2,1333.399999
9743522,6,F,E,B,HBACK,4,0,0,0
8354887,3,F,A,D,SEDAN,3,0,0,0
5330687,6,F,B,B,SEDAN,3,0,0,0
3520980,6,M,A,D,SEDAN,4,0,0,0
600350,3,F,C,C,STNWG,4,0,0,0
7187529,2,F,B,B,SEDAN,3,0,0,0
3478930,5,F,C,D,SEDAN,1,0,0,0
5461027,4,M,D,C,STNWG,3,0,0,0
403585,3,F,D,D,HDTOP,1,0,0,0
9313135,6,F,C,D,SEDAN,3,0,0,0
8270123,4,F,D,B,HBACK,2,0,0,0
8762528,3,M,E,D,HBACK,2,0,0,0
8893700,3,F,F,C,STNWG,3,0,0,0
3490617,1,M,B,D,STNWG,1,0,0,0
9173959,4,M,B,D,COUPE,4,0,0,0
7770786,6,M,D,D,STNWG,3,1,1,734.9099999
5413862,2,F,E,D,STNWG,3,0,0,0
5076617,4,F,C,D,STNWG,3,0,0,0
5493152,4,M,B,D,HBACK,2,0,0,0
2063462,5,M,C,B,HBACK,4,0,0,0
5892849,5,M,A,B,SEDAN,3,0,0,0
329892,3,F,B,B,STNWG,3,0,0,0
4264839,4,M,F,D,HDTOP,4,0,0,0
3811109,5,F,B,B,HBACK,1,0,0,0
7107677,3,M,C,D,STNWG,2,0,0,0
6430455,6,M,E,D,UTE,4,0,0,0
8353855,1,F,A,C,HBACK,2,1,1,353.77
897941,5,F,C,D,SEDAN,2,0,0,0
5529619,3,M,A,C,SEDAN,2,0,0,0
630042,4,F,A,B,HBACK,2,0,0,0
9338512,2,F,B,D,STNWG,3,0,0,0
1509037,2,F,E,D,SEDAN,1,0,0,0
9558863,2,M,D,D,UTE,2,0,0,0
7549292,2,M,F,D,TRUCK,3,0,0,0
6861530,4,F,F,C,STNWG,4,0,0,0
2272447,3,F,B,D,SEDAN,3,0,0,0
7560641,2,F,C,D,SEDAN,4,0,0,0
2727153,6,M,A,D,SEDAN,3,1,1,200
7741995,4,F,A,D,HBACK,2,0,0,0
706613,4,F,A,B,SEDAN,2,0,0,0
549019,5,F,E,B,HBACK,4,0,0,0
5646955,3,M,B,D,SEDAN,3,0,0,0
5103570,1,F,B,D,HBACK,2,0,0,0
2144511,6,F,C,D,HBACK,3,0,0,0
2236747,2,F,A,D,HBACK,4,0,0,0
8894087,4,F,A,D,SEDAN,3,0,0,0
9856768,4,M,D,D,SEDAN,1,0,0,0
203305,2,M,D,D,UTE,3,0,0,0
9189586,6,F,C,C,HDTOP,4,0,0,0
9821675,5,M,A,B,HBACK,3,0,0,0
7411178,2,F,D,D,STNWG,3,0,0,0
6205716,3,F,B,B,SEDAN,4,0,0,0
4264143,3,F,B,D,HBACK,4,0,0,0
423755,3,F,D,D,SEDAN,3,0,0,0
3443086,3,F,C,D,STNWG,3,0,0,0
1985685,6,F,A,D,HBACK,4,0,0,0
6954922,5,F,A,A,SEDAN,4,0,0,0
7446627,5,F,B,B,HBACK,1,0,0,0
5078757,2,F,A,D,STNWG,2,0,0,0
6758673,3,F,A,B,HBACK,3,0,0,0
3890146,4,F,A,B,HBACK,1,0,0,0
2055091,2,F,B,C,SEDAN,2,0,0,0
3104773,4,F,C,B,HBACK,1,0,0,0
6295653,3,M,A,C,SEDAN,2,0,0,0
2097621,2,M,F,D,UTE,2,0,0,0
6416327,4,F,C,D,STNWG,3,0,0,0
4673797,2,F,C,D,SEDAN,1,0,0,0
5273122,2,F,B,B,HBACK,2,0,0,0
553874,3,M,D,D,SEDAN,4,1,1,727.1699982
8085895,6,M,C,D,STNWG,4,0,0,0
9821186,4,F,C,B,HBACK,3,0,0,0
6368561,2,F,C,D,HBACK,3,0,0,0
9236214,4,F,B,B,COUPE,2,0,0,0
8086537,5,F,C,D,SEDAN,1,1,1,353.77
9885033,3,F,E,C,SEDAN,4,0,0,0
4279440,2,F,B,D,UTE,4,0,0,0
9305258,2,F,A,D,STNWG,1,0,0,0
6034002,6,M,C,C,HBACK,3,0,0,0
5406077,5,F,E,C,SEDAN,3,0,0,0
746126,4,F,C,C,STNWG,3,0,0,0
9036633,3,M,C,D,STNWG,2,0,0,0
402675,4,M,B,B,SEDAN,3,0,0,0
9774136,4,F,B,D,HBACK,1,0,0,0
9430729,3,F,A,B,HBACK,3,0,0,0
721892,5,M,A,D,SEDAN,2,0,0,0
296160,3,F,A,D,HBACK,2,0,0,0
4054810,2,F,C,C,SEDAN,2,0,0,0
986613,2,M,C,B,SEDAN,2,0,0,0
1516733,1,M,D,C,UTE,3,0,0,0
3479596,6,F,A,D,SEDAN,1,1,1,869.8399983
5685164,3,F,E,D,SEDAN,2,0,0,0
1922652,3,M,A,C,STNWG,2,0,0,0
4335361,5,F,C,C,STNWG,3,0,0,0
6259850,2,M,E,D,STNWG,3,0,0,0
4944518,2,F,B,B,HBACK,3,0,0,0
4873259,1,F,C,B,HBACK,3,0,0,0
8744236,3,M,B,C,SEDAN,4,0,0,0
4620713,4,F,A,B,HBACK,1,0,0,0
8760096,5,F,A,B,SEDAN,3,0,0,0
1366324,2,F,B,D,STNWG,1,0,0,0
2850141,4,F,F,D,SEDAN,2,0,0,0
5260605,4,F,D,C,HBACK,4,0,0,0
6239324,2,F,A,C,STNWG,1,0,0,0
3153802,6,F,C,D,SEDAN,4,0,0,0
1018958,5,F,A,B,HBACK,2,0,0,0
2298538,3,F,C,C,STNWG,1,0,0,0
3027878,3,F,A,B,HBACK,3,0,0,0
2856132,4,F,C,D,SEDAN,4,0,0,0
9742951,2,M,C,D,SEDAN,2,0,0,0
2406340,3,F,B,D,SEDAN,4,0,0,0
6130421,5,M,A,D,SEDAN,4,0,0,0
2525475,2,M,C,D,COUPE,4,0,0,0
3624590,2,M,D,D,TRUCK,1,0,0,0
4392946,4,M,B,C,HBACK,4,0,0,0
847643,6,F,D,D,SEDAN,4,0,0,0
418671,1,M,C,D,STNWG,4,0,0,0
2335408,2,F,A,D,PANVN,3,0,0,0
6089392,4,M,A,C,SEDAN,4,0,0,0
770655,2,M,A,C,TRUCK,2,0,0,0
577425,1,M,B,D,STNWG,3,0,0,0
2128670,3,F,D,B,HBACK,1,0,0,0
1461404,3,F,C,B,COUPE,2,1,1,200
9161631,1,F,B,C,STNWG,4,0,0,0
635187,4,F,B,D,HBACK,3,0,0,0
8088460,5,F,C,D,HBACK,2,0,0,0
8582237,2,F,C,D,SEDAN,1,0,0,0
6157996,1,F,C,C,SEDAN,3,0,0,0
1878009,3,F,D,B,STNWG,3,0,0,0
5032527,3,F,C,B,HBACK,3,0,0,0
4119824,5,M,A,D,SEDAN,4,0,0,0
2273104,3,M,A,D,STNWG,4,0,0,0
9174502,3,M,A,B,HBACK,1,0,0,0
7235610,1,F,A,D,SEDAN,2,0,0,0
9799196,1,F,F,B,HBACK,2,0,0,0
9142760,6,F,C,D,HBACK,3,0,0,0
2872079,3,F,D,D,SEDAN,3,0,0,0
7613078,6,M,E,D,SEDAN,2,0,0,0
7471741,5,M,E,D,STNWG,3,0,0,0
6545370,4,M,B,D,STNWG,2,0,0,0
1673838,2,F,C,D,UTE,4,0,0,0
2978240,1,M,B,A,CONVT,1,0,0,0
6065000,3,F,D,B,HBACK,1,0,0,0
6266267,2,M,A,C,UTE,1,0,0,0
3625884,5,F,C,D,STNWG,2,0,0,0
3695366,4,M,B,C,HBACK,4,0,0,0
1925496,1,M,A,D,HBACK,1,0,0,0
3300413,6,F,A,B,COUPE,3,0,0,0
4444300,4,F,B,B,HBACK,2,0,0,0
3517063,2,F,F,D,UTE,4,0,0,0
3307203,4,F,C,D,SEDAN,1,0,0,0
6210156,2,F,E,D,STNWG,3,0,0,0
84296,4,F,A,D,HBACK,1,0,0,0
6284782,1,F,B,B,HBACK,1,0,0,0
7147357,3,M,E,C,STNWG,3,0,0,0
7398880,3,F,A,D,SEDAN,3,1,1,515.7299995
6935283,6,M,D,D,SEDAN,1,1,2,1428.279999
6750067,3,F,F,D,UTE,1,0,0,0
5441735,2,F,A,D,STNWG,3,0,0,0
8295549,3,F,C,C,STNWG,3,0,0,0
6432066,4,F,E,D,SEDAN,3,0,0,0
6254974,1,F,B,B,SEDAN,2,0,0,0
2066515,4,M,D,D,STNWG,3,0,0,0
7857336,4,F,E,B,SEDAN,1,0,0,0
5887827,5,M,B,D,STNWG,3,0,0,0
2513910,6,M,C,B,HBACK,4,0,0,0
140347,3,F,A,D,HDTOP,3,0,0,0
6054197,2,M,C,D,STNWG,3,0,0,0
1310352,1,F,C,D,HBACK,1,0,0,0
1928952,2,F,C,C,STNWG,4,0,0,0
6525871,3,F,D,C,UTE,4,0,0,0
2554427,3,M,A,B,STNWG,2,0,0,0
2829377,2,M,D,D,TRUCK,3,0,0,0
3781456,6,F,B,D,SEDAN,2,0,0,0
1203417,6,M,A,D,HBACK,4,0,0,0
7104884,1,F,A,B,SEDAN,2,0,0,0
9913118,1,F,D,D,BUS,4,0,0,0
7416973,3,M,C,A,SEDAN,2,0,0,0
9414670,5,M,C,B,SEDAN,1,0,0,0
7471749,3,M,C,D,STNWG,4,1,2,12335.18999
9894739,4,F,E,D,UTE,2,0,0,0
907566,4,M,A,D,SEDAN,2,0,0,0
302476,5,F,A,D,SEDAN,2,0,0,0
3200455,4,F,A,D,HBACK,2,0,0,0
2731939,1,F,B,B,HBACK,3,0,0,0
6799275,6,M,C,D,STNWG,4,0,0,0
5210594,3,M,E,D,HBACK,2,0,0,0
5219734,4,F,B,D,HBACK,4,0,0,0
8534498,5,M,C,C,UTE,1,0,0,0
9977726,2,M,B,D,SEDAN,3,0,0,0
103159,4,M,C,D,HBACK,4,0,0,0
773046,1,M,B,C,UTE,4,0,0,0
6114361,4,M,B,D,SEDAN,4,0,0,0
6129621,2,F,B,D,STNWG,3,0,0,0
4568384,6,F,E,B,SEDAN,3,0,0,0
5328783,4,F,B,D,SEDAN,3,0,0,0
7854724,1,M,C,D,HBACK,1,0,0,0
3762948,1,M,D,C,TRUCK,2,0,0,0
3007869,3,M,A,D,HBACK,4,0,0,0
2535259,4,F,C,B,HBACK,1,0,0,0
404286,2,M,A,D,SEDAN,4,0,0,0
5178308,3,F,C,B,SEDAN,3,0,0,0
3358609,3,F,C,D,HBACK,4,0,0,0
4087282,3,F,C,D,HBACK,1,0,0,0
1573139,5,M,B,D,HBACK,3,0,0,0
9868189,3,F,D,C,STNWG,4,0,0,0
4518342,4,M,C,D,SEDAN,3,0,0,0
1634425,4,F,E,C,TRUCK,3,0,0,0
8299977,3,M,D,C,UTE,4,1,1,409.0899997
4339657,3,F,A,A,CONVT,1,0,0,0
1515175,1,F,C,B,HBACK,3,0,0,0
2405272,1,M,D,B,SEDAN,4,0,0,0
429704,3,F,D,B,HBACK,3,0,0,0
6571154,5,F,A,C,SEDAN,4,0,0,0
9095868,1,M,E,D,TRUCK,1,0,0,0
3876878,5,M,A,D,UTE,3,0,0,0
1299938,4,M,F,D,STNWG,4,0,0,0
8851970,2,F,A,B,HBACK,3,1,1,200
2667283,5,F,D,D,SEDAN,1,0,0,0
1142973,3,M,C,D,STNWG,4,0,0,0
329625,2,M,D,D,STNWG,2,0,0,0
4746717,6,F,D,C,SEDAN,2,0,0,0
6129185,6,F,D,D,HBACK,4,0,0,0
3428550,1,F,C,B,SEDAN,4,0,0,0
1241330,4,F,D,D,SEDAN,1,0,0,0
9432095,4,F,C,D,STNWG,3,0,0,0
1855713,3,M,C,D,PANVN,3,0,0,0
8667026,4,M,D,D,TRUCK,1,0,0,0
845405,3,F,C,B,SEDAN,1,1,1,1013.33
4022308,3,F,B,A,SEDAN,4,0,0,0
3821585,5,M,C,D,HBACK,1,0,0,0
5381051,2,M,F,D,HDTOP,3,0,0,0
4141528,1,F,A,A,SEDAN,4,1,1,200
8948484,5,F,C,D,SEDAN,4,0,0,0
2052897,3,F,A,D,SEDAN,3,0,0,0
9452173,2,F,F,D,UTE,4,0,0,0
952637,4,F,A,B,HBACK,2,0,0,0
1800358,2,F,C,D,STNWG,4,0,0,0
1925086,4,M,A,C,STNWG,4,0,0,0
5064602,1,M,B,D,HBACK,2,0,0,0
7545581,4,M,D,C,UTE,3,0,0,0
8120200,5,F,E,D,HDTOP,3,0,0,0
6412813,3,F,B,C,SEDAN,3,0,0,0
6412014,4,M,E,C,STNWG,3,0,0,0
5279691,6,F,A,D,SEDAN,1,0,0,0
9321401,3,M,C,C,STNWG,4,0,0,0
689618,4,F,A,D,STNWG,4,0,0,0
4066891,3,F,E,D,MIBUS,3,0,0,0
2937982,3,F,E,D,SEDAN,1,0,0,0
8135071,3,F,D,D,STNWG,2,0,0,0
4144906,3,F,E,D,HDTOP,2,0,0,0
2761120,3,F,C,D,HDTOP,1,0,0,0
7223061,5,F,A,B,HBACK,4,0,0,0
9499941,2,F,B,D,STNWG,1,0,0,0
4119307,4,M,A,D,SEDAN,1,0,0,0
8090893,5,F,A,D,STNWG,4,0,0,0
6233705,1,M,A,B,HBACK,1,0,0,0
2535331,3,F,E,C,STNWG,4,0,0,0
9745045,4,F,A,C,STNWG,1,0,0,0
6295121,6,M,F,D,TRUCK,3,0,0,0
3482154,3,M,C,D,STNWG,4,0,0,0
4266532,3,F,A,D,HBACK,4,0,0,0
4316207,3,M,E,D,UTE,4,0,0,0
1891506,2,F,D,D,SEDAN,4,0,0,0
1369623,4,F,D,D,STNWG,3,0,0,0
402841,6,F,B,D,HBACK,3,0,0,0
9845937,3,F,C,D,HBACK,2,0,0,0
6043700,6,M,B,D,TRUCK,3,0,0,0
410683,6,M,B,D,HBACK,4,0,0,0
8859857,3,M,C,D,PANVN,3,0,0,0
1676499,5,M,B,D,SEDAN,2,0,0,0
9692002,4,M,C,C,HBACK,3,0,0,0
4255274,4,F,C,C,STNWG,3,0,0,0
7289090,3,M,F,D,STNWG,2,0,0,0
4270594,5,F,C,D,STNWG,4,0,0,0
4595911,2,F,A,D,HBACK,3,0,0,0
5214208,3,F,F,D,HDTOP,4,0,0,0
7164359,2,F,D,D,STNWG,4,0,0,0
8953439,4,M,C,D,SEDAN,4,0,0,0
4331167,4,M,A,C,STNWG,1,0,0,0
111979,4,F,A,B,HBACK,4,0,0,0
7470760,5,M,D,D,STNWG,4,1,1,4973.019989
5567895,3,F,E,D,UTE,2,0,0,0
5514990,1,F,C,B,HBACK,2,0,0,0
9986633,2,M,B,D,PANVN,4,0,0,0
6298525,5,F,D,D,SEDAN,1,0,0,0
6495280,4,F,D,B,SEDAN,3,0,0,0
9585729,5,M,B,D,SEDAN,3,1,1,746.1399994
4266109,3,M,C,B,SEDAN,2,0,0,0
1260571,4,F,B,D,HBACK,2,0,0,0
7609698,3,F,D,D,STNWG,1,0,0,0
2344667,5,M,E,D,STNWG,1,0,0,0
305583,3,F,E,D,STNWG,2,0,0,0
7868356,5,F,B,D,TRUCK,4,0,0,0
2007442,2,F,D,D,SEDAN,1,0,0,0
2351913,6,M,B,B,HBACK,1,0,0,0
5075626,4,M,E,D,TRUCK,2,0,0,0
6054308,6,M,E,D,SEDAN,3,0,0,0
4033651,5,F,C,D,HBACK,3,0,0,0
1624185,3,F,D,D,SEDAN,4,0,0,0
8083919,1,M,C,A,SEDAN,4,1,1,2718.639999
6593755,6,F,A,D,SEDAN,2,0,0,0
5589408,3,F,A,B,HBACK,1,0,0,0
1926213,3,M,C,B,HBACK,3,0,0,0
5007613,4,M,C,C,SEDAN,3,0,0,0
9805610,2,M,C,D,TRUCK,4,0,0,0
602448,3,M,D,D,HBACK,3,0,0,0
840282,3,M,A,C,HBACK,3,0,0,0
6655694,2,F,A,B,SEDAN,4,0,0,0
6035507,5,M,C,C,STNWG,2,1,1,353.77
1609204,6,F,C,B,HBACK,1,0,0,0
7214213,3,F,B,D,HBACK,1,0,0,0
8900192,3,F,D,B,HBACK,3,0,0,0
3478027,6,M,C,B,SEDAN,1,1,1,633.3499994
8217228,5,M,B,D,SEDAN,4,1,1,6981.819992
5519567,3,F,C,B,SEDAN,3,0,0,0
8744591,5,F,C,D,HBACK,4,0,0,0
6800359,5,M,C,D,HBACK,3,0,0,0
9352711,2,M,C,D,PANVN,2,0,0,0
1323249,6,F,E,B,SEDAN,3,0,0,0
470134,3,F,C,C,SEDAN,4,0,0,0
8130564,1,M,B,D,STNWG,4,0,0,0
5361905,3,M,D,D,STNWG,4,0,0,0
8204004,3,F,D,B,STNWG,1,0,0,0
9889127,4,M,F,C,STNWG,4,0,0,0
681407,5,F,D,B,SEDAN,3,0,0,0
5597044,5,M,B,D,SEDAN,4,0,0,0
3097269,3,M,A,D,HBACK,2,0,0,0
9937690,1,F,C,B,SEDAN,3,1,1,2156.25
9823389,4,F,C,D,STNWG,2,0,0,0
1103297,5,M,C,D,SEDAN,2,0,0,0
2729296,6,M,C,B,HBACK,3,0,0,0
5479664,2,F,F,D,HBACK,2,0,0,0
6626469,3,M,C,D,STNWG,4,0,0,0
5538738,4,F,C,B,HBACK,2,0,0,0
3941979,3,M,C,B,SEDAN,2,0,0,0
2855908,3,M,A,B,STNWG,3,1,1,353.77
9677854,3,M,C,D,SEDAN,1,0,0,0
1245462,6,F,A,B,SEDAN,3,0,0,0
2219487,3,F,D,B,SEDAN,3,0,0,0
6879740,5,M,C,B,SEDAN,3,0,0,0
2521232,3,M,C,C,STNWG,4,0,0,0
17531,3,F,E,C,UTE,4,0,0,0
2173190,3,F,A,D,SEDAN,3,0,0,0
7863267,1,M,E,D,UTE,4,0,0,0
3148939,5,M,B,D,MIBUS,4,1,1,1443.989998
9971702,6,M,D,B,HBACK,3,0,0,0
1437704,6,F,B,D,HBACK,4,0,0,0
5698505,3,M,B,D,UTE,4,0,0,0
7675220,1,F,A,B,COUPE,4,1,1,6048.459992
8460679,6,M,A,D,SEDAN,2,0,0,0
539715,4,F,C,C,STNWG,4,0,0,0
9727290,2,M,C,D,HDTOP,4,0,0,0
9834913,4,M,D,C,STNWG,3,0,0,0
9144722,5,F,A,D,SEDAN,2,0,0,0
3560772,2,M,A,B,SEDAN,4,0,0,0
6801304,5,M,B,D,SEDAN,2,0,0,0
7351542,1,F,C,D,HBACK,2,0,0,0
898922,4,F,A,D,STNWG,2,1,1,200
7551035,4,M,E,C,STNWG,1,1,1,6458.949997
5385484,4,F,D,A,PANVN,2,0,0,0
9778189,1,F,D,B,HBACK,1,0,0,0
2857791,5,M,D,C,UTE,3,1,1,353.77
372511,3,M,C,D,STNWG,4,0,0,0
1211478,6,M,B,D,UTE,4,0,0,0
8096311,6,F,B,D,HBACK,2,0,0,0
1510491,4,F,C,D,SEDAN,4,0,0,0
3877425,4,F,C,D,SEDAN,3,0,0,0
6523970,6,F,B,B,SEDAN,4,0,0,0
5523134,4,M,C,C,STNWG,1,0,0,0
2280103,1,F,C,D,STNWG,4,0,0,0
2811318,2,M,B,C,SEDAN,4,0,0,0
7119601,2,F,C,D,STNWG,4,0,0,0
7186390,4,F,B,B,STNWG,1,0,0,0
6192624,4,M,B,D,STNWG,2,0,0,0
4501415,2,F,A,D,SEDAN,4,0,0,0
6033907,5,F,A,D,SEDAN,2,0,0,0
8228241,1,M,A,D,UTE,4,0,0,0
9295133,2,M,B,C,UTE,2,1,1,441.6399989
8361791,4,F,D,B,SEDAN,3,0,0,0
1624020,4,M,A,D,STNWG,4,0,0,0
6283664,3,M,A,D,SEDAN,4,0,0,0
2271656,3,F,F,D,STNWG,3,0,0,0
3601314,5,M,D,D,TRUCK,4,0,0,0
624663,5,F,B,C,HBACK,4,0,0,0
1383368,3,F,B,D,SEDAN,4,0,0,0
5958743,6,F,A,D,SEDAN,2,0,0,0
4778931,3,F,E,C,STNWG,4,0,0,0
3203347,4,M,D,C,STNWG,4,0,0,0
3840253,6,F,A,D,HBACK,3,0,0,0
1377618,2,F,B,D,SEDAN,2,0,0,0
7199251,3,F,D,D,STNWG,3,1,1,5035.279999
8504058,2,F,B,C,SEDAN,2,1,1,4724.360855
922699,2,F,C,C,STNWG,1,0,0,0
3112490,4,F,A,B,HBACK,1,0,0,0
2606972,3,M,B,B,HBACK,1,0,0,0
8070801,5,M,C,B,SEDAN,1,0,0,0
1354269,5,M,E,D,UTE,4,0,0,0
5840590,4,F,A,A,SEDAN,2,0,0,0
9149166,2,F,A,D,RDSTR,2,1,2,1169.458179
4118103,4,M,E,D,UTE,4,0,0,0
7129693,2,M,F,D,SEDAN,2,0,0,0
6038067,5,M,C,D,HBACK,1,0,0,0
7321909,3,M,C,D,SEDAN,4,0,0,0
9292682,4,F,C,B,HBACK,2,0,0,0
3097414,2,F,F,D,STNWG,4,0,0,0
8093249,3,M,E,D,HBACK,4,0,0,0
7690845,4,F,F,C,HBACK,4,0,0,0
4133288,1,F,A,D,SEDAN,4,0,0,0
8518026,2,M,B,D,SEDAN,4,0,0,0
8209118,3,F,D,B,HBACK,2,1,1,1273.519997
417235,1,F,C,D,SEDAN,3,0,0,0
3599935,1,F,C,B,HBACK,2,0,0,0
6031844,6,M,B,C,UTE,4,0,0,0
5506294,4,F,A,D,HBACK,2,0,0,0
116270,3,M,B,D,STNWG,2,1,1,200.0000111
343618,4,F,B,D,SEDAN,2,0,0,0
3336129,4,M,A,C,STNWG,3,0,0,0
1410612,2,M,A,D,COUPE,4,0,0,0
2477654,5,M,D,D,HBACK,2,0,0,0
2271262,1,F,C,B,SEDAN,2,0,0,0
4709892,2,F,E,C,SEDAN,3,0,0,0
8168482,3,F,C,C,STNWG,4,0,0,0
874390,3,F,D,C,STNWG,1,0,0,0
3302203,2,F,E,D,STNWG,4,0,0,0
7549816,3,M,C,C,STNWG,3,0,0,0
4693375,6,F,A,B,HBACK,4,0,0,0
8693656,5,M,B,C,STNWG,2,0,0,0
2603433,4,F,A,C,SEDAN,2,0,0,0
6503486,2,F,C,B,HBACK,2,0,0,0
9725468,4,F,D,C,SEDAN,3,0,0,0
9929139,2,F,D,D,STNWG,3,1,2,2187.299999
7410834,4,F,A,B,STNWG,3,0,0,0
1069195,5,M,C,D,SEDAN,2,1,1,200
6294934,4,M,B,D,PANVN,2,0,0,0
8236116,4,M,B,D,SEDAN,3,0,0,0
6387844,5,F,C,D,SEDAN,2,0,0,0
5315873,3,F,C,B,SEDAN,3,0,0,0
6847704,4,F,C,B,HBACK,3,0,0,0
2523671,5,F,C,D,SEDAN,4,0,0,0
2926591,3,F,A,B,HBACK,3,0,0,0
9542166,4,F,B,B,HBACK,1,0,0,0
2932877,4,M,D,C,STNWG,4,0,0,0
4422786,4,F,B,C,HBACK,3,0,0,0
3769268,3,M,F,D,UTE,2,0,0,0
8991694,4,M,A,D,STNWG,2,0,0,0
2437585,2,M,A,B,SEDAN,4,0,0,0
3682513,2,F,C,B,SEDAN,3,0,0,0
5231297,5,F,E,D,HBACK,1,0,0,0
74124,6,F,E,D,HBACK,3,0,0,0
8093710,2,F,C,B,HBACK,2,0,0,0
303597,6,M,C,B,HBACK,4,0,0,0
4054140,3,M,A,D,STNWG,2,0,0,0
5413012,1,M,B,C,SEDAN,2,0,0,0
2439709,3,F,C,B,HBACK,3,1,1,200
1861890,3,F,C,B,SEDAN,3,0,0,0
1790262,2,F,D,B,HBACK,3,0,0,0
8461002,5,M,B,D,STNWG,4,0,0,0
6136453,5,M,B,C,STNWG,3,0,0,0
3778357,6,M,C,D,SEDAN,4,0,0,0
6192805,1,F,C,D,UTE,3,0,0,0
4505745,4,F,A,C,HBACK,4,0,0,0
3402876,4,M,A,D,HDTOP,2,1,1,3152.599999
3807797,4,M,C,D,UTE,2,0,0,0
6042277,3,M,A,C,STNWG,2,0,0,0
3210532,5,F,C,D,HDTOP,3,0,0,0
824283,2,F,B,D,SEDAN,3,0,0,0
951471,4,F,B,D,SEDAN,3,0,0,0
3179758,5,F,E,C,TRUCK,3,0,0,0
1356266,4,F,A,A,SEDAN,3,0,0,0
7575894,3,M,D,C,STNWG,3,0,0,0
6843955,2,F,B,C,TRUCK,3,0,0,0
1256528,6,M,A,D,SEDAN,1,0,0,0
3864372,6,F,D,B,STNWG,3,0,0,0
2741615,5,F,D,C,SEDAN,2,0,0,0
1011538,3,F,D,D,UTE,2,0,0,0
5693984,3,F,B,B,HBACK,1,0,0,0
780998,5,F,A,B,SEDAN,2,0,0,0
6065764,5,F,A,D,STNWG,3,0,0,0
5888221,5,F,B,B,HBACK,1,0,0,0
5798850,4,F,A,D,UTE,1,0,0,0
6951596,3,F,A,D,HBACK,2,0,0,0
2704106,4,M,A,D,UTE,3,0,0,0
4354907,4,M,A,D,PANVN,2,0,0,0
4819147,3,F,C,D,STNWG,4,0,0,0
3791033,3,F,D,B,HBACK,1,0,0,0
2335819,4,F,B,B,HBACK,4,0,0,0
4424086,4,F,C,D,STNWG,1,0,0,0
2793787,5,M,C,D,STNWG,2,0,0,0
6284581,5,M,D,B,HBACK,2,0,0,0
6835863,2,F,C,D,SEDAN,2,0,0,0
7915090,2,F,A,D,SEDAN,4,0,0,0
9725143,5,M,C,C,STNWG,1,0,0,0
3336357,4,F,C,D,HBACK,3,0,0,0
2533590,3,F,C,D,UTE,2,0,0,0
1771768,4,M,A,B,COUPE,3,0,0,0
7971606,3,M,A,B,HBACK,2,0,0,0
4054382,3,M,B,D,STNWG,4,0,0,0
8518411,2,F,D,B,HBACK,4,0,0,0
3001691,3,M,B,D,STNWG,3,0,0,0
6528059,5,M,A,D,STNWG,1,0,0,0
2028637,2,F,F,C,STNWG,3,0,0,0
6036741,3,F,A,C,STNWG,3,0,0,0
2054221,3,F,C,C,UTE,1,0,0,0
6922894,3,F,C,B,HBACK,4,0,0,0
1810889,4,M,C,D,PANVN,3,0,0,0
4294319,6,M,E,D,STNWG,3,0,0,0
6526834,2,F,D,D,HBACK,4,0,0,0
8654726,3,M,D,D,UTE,3,0,0,0
3748692,4,F,C,C,STNWG,4,0,0,0
3520223,3,F,B,D,SEDAN,4,0,0,0
5332445,3,M,A,D,SEDAN,3,0,0,0
8335238,2,M,B,D,STNWG,1,0,0,0
9694410,5,F,A,B,SEDAN,4,0,0,0
1506153,3,F,D,D,SEDAN,2,0,0,0
5591451,2,M,A,C,HBACK,4,0,0,0
486817,1,F,F,D,SEDAN,2,0,0,0
4871754,3,F,A,B,STNWG,3,0,0,0
3497607,5,M,C,D,STNWG,1,0,0,0
56847,1,F,B,B,HBACK,2,0,0,0
2524633,5,F,A,D,SEDAN,1,0,0,0
3688081,6,F,E,D,SEDAN,3,0,0,0
9437083,3,M,C,D,SEDAN,4,0,0,0
7930673,4,M,E,C,SEDAN,3,0,0,0
8501018,5,F,D,B,SEDAN,3,0,0,0
8086107,6,M,C,D,SEDAN,2,0,0,0
9937399,2,M,C,D,UTE,2,0,0,0
2710692,4,F,C,C,SEDAN,2,0,0,0
776358,1,M,C,D,SEDAN,3,0,0,0
2782825,3,F,C,C,STNWG,3,0,0,0
8761280,5,M,C,D,SEDAN,4,0,0,0
4485110,2,M,C,D,TRUCK,4,1,1,1180.209999
5884316,5,F,C,D,HBACK,4,0,0,0
5576447,3,M,C,D,PANVN,1,0,0,0
4267553,3,F,E,C,STNWG,2,0,0,0
8095802,6,M,B,B,SEDAN,1,1,1,387.5599999
3326020,2,M,B,D,HBACK,2,1,1,1049.359999
7495326,1,F,C,D,HBACK,4,0,0,0
2723233,5,F,A,C,HBACK,4,0,0,0
5682068,4,F,C,D,SEDAN,4,0,0,0
3945675,4,F,D,D,STNWG,3,0,0,0
9403492,6,M,C,D,STNWG,4,0,0,0
5302490,4,F,D,C,SEDAN,2,0,0,0
6628196,4,F,B,C,HBACK,4,0,0,0
1209114,5,M,A,B,HBACK,1,0,0,0
9572685,1,F,A,D,SEDAN,4,0,0,0
1116430,1,M,A,D,HDTOP,2,0,0,0
2728812,1,F,C,D,SEDAN,3,0,0,0
1166583,4,M,C,C,SEDAN,2,0,0,0
1159273,4,M,D,C,UTE,3,0,0,0
4901441,5,F,B,D,STNWG,4,0,0,0
9986168,2,M,E,C,TRUCK,2,1,1,1190.679997
1216528,4,F,A,C,COUPE,4,0,0,0
4543398,1,M,A,D,STNWG,4,0,0,0
2172272,4,F,F,D,SEDAN,2,0,0,0
2351925,6,F,C,D,HBACK,3,0,0,0
410957,3,F,D,D,HBACK,3,0,0,0
1207373,5,M,C,D,UTE,3,0,0,0
4614067,3,M,D,D,TRUCK,2,0,0,0
9589996,3,F,A,D,SEDAN,3,0,0,0
4070244,3,F,B,D,SEDAN,3,0,0,0
4299694,4,F,A,B,HBACK,1,0,0,0
9821314,3,M,E,D,STNWG,4,0,0,0
6635120,3,F,B,D,HBACK,2,0,0,0
953082,5,F,C,B,HBACK,4,0,0,0
4285941,5,M,B,C,TRUCK,2,0,0,0
3209541,6,F,A,D,STNWG,4,0,0,0
3211615,2,F,C,B,STNWG,1,0,0,0
6580582,1,F,C,B,HBACK,4,0,0,0
2876963,3,M,D,D,TRUCK,4,0,0,0
3264779,2,M,E,D,UTE,2,0,0,0
9656795,2,M,C,D,TRUCK,1,0,0,0
404731,1,M,C,D,HBACK,1,0,0,0
3108407,2,M,A,D,HBACK,1,0,0,0
6531919,4,M,C,D,MIBUS,4,0,0,0
8810623,6,F,D,D,HBACK,1,0,0,0
2520355,2,M,C,D,STNWG,2,0,0,0
9970914,6,M,B,D,SEDAN,1,0,0,0
7912238,6,F,E,B,HBACK,4,0,0,0
2739785,3,M,C,D,HDTOP,4,1,1,413.1799998
2594987,4,F,B,D,HBACK,3,0,0,0
9085224,3,M,B,D,STNWG,3,0,0,0
2326503,1,F,A,D,HBACK,2,0,0,0
5581511,5,F,D,D,STNWG,4,0,0,0
3996276,3,M,A,B,SEDAN,3,0,0,0
2718637,6,M,E,D,UTE,4,0,0,0
5600764,5,M,B,D,STNWG,2,0,0,0
5630465,1,F,C,D,HBACK,1,0,0,0
1212515,3,F,E,B,STNWG,3,0,0,0
3107924,3,F,B,B,HBACK,4,0,0,0
4820730,5,M,D,C,HDTOP,4,0,0,0
578788,5,F,D,D,HBACK,4,0,0,0
5188751,3,M,C,D,PANVN,3,0,0,0
6436076,2,M,F,D,STNWG,4,0,0,0
1598344,2,F,E,D,STNWG,3,0,0,0
2391875,5,F,D,D,STNWG,1,0,0,0
5927717,2,M,C,B,SEDAN,4,0,0,0
245506,4,F,D,B,HBACK,3,0,0,0
2439555,5,M,A,D,HBACK,2,0,0,0
5890181,5,F,B,C,STNWG,1,0,0,0
843967,4,F,B,B,HBACK,2,0,0,0
9067214,2,F,D,D,STNWG,3,0,0,0
2664624,4,M,B,D,STNWG,2,0,0,0
406489,4,M,A,D,STNWG,4,0,0,0
1239391,1,F,C,B,HBACK,2,0,0,0
1440744,3,M,B,D,UTE,1,0,0,0
6141191,6,F,F,D,STNWG,2,0,0,0
6102126,4,F,C,D,HBACK,3,0,0,0
4624318,2,M,A,C,STNWG,3,0,0,0
7283151,1,M,C,A,PANVN,2,1,1,2639.439995
2157680,3,M,A,C,UTE,2,0,0,0
7089420,2,M,C,D,STNWG,4,0,0,0
8510902,4,M,F,C,UTE,3,0,0,0
1012851,5,F,E,D,SEDAN,1,0,0,0
8819160,4,M,B,C,SEDAN,3,0,0,0
6996190,4,F,E,D,STNWG,4,0,0,0
5463159,3,M,C,B,HBACK,4,0,0,0
7162845,6,M,E,D,SEDAN,4,0,0,0
3152790,4,F,C,D,HBACK,2,0,0,0
6875705,4,M,A,D,SEDAN,3,0,0,0
585001,6,M,B,C,TRUCK,3,0,0,0
276560,4,M,C,D,SEDAN,4,0,0,0
4953615,4,F,A,D,SEDAN,3,0,0,0
3696178,3,M,B,D,SEDAN,2,0,0,0
8101285,5,F,D,B,STNWG,2,0,0,0
6906927,5,F,A,B,HBACK,4,0,0,0
8589669,5,F,A,C,HBACK,3,0,0,0
5335479,2,F,A,B,HBACK,3,0,0,0
8303585,3,F,C,B,SEDAN,2,0,0,0
7949295,4,F,B,B,HBACK,1,0,0,0
2440769,2,M,C,C,HBACK,2,0,0,0
6850543,2,M,A,D,TRUCK,2,0,0,0
5694943,4,F,B,D,HBACK,4,0,0,0
1663508,6,M,A,D,HBACK,3,0,0,0
9472015,2,M,B,D,STNWG,4,0,0,0
3190122,4,M,C,D,HBACK,3,0,0,0
3501257,3,M,C,D,STNWG,4,0,0,0
7672306,2,F,B,D,HBACK,3,0,0,0
5283992,4,F,B,A,SEDAN,4,0,0,0
9889565,3,M,E,D,UTE,1,0,0,0
7002224,4,M,A,C,SEDAN,2,0,0,0
2790320,3,F,C,D,SEDAN,3,0,0,0
6414716,4,M,A,B,HBACK,4,0,0,0
4053138,3,F,A,D,HBACK,2,0,0,0
6996269,4,F,B,B,SEDAN,4,0,0,0
3796534,4,M,A,B,HBACK,2,0,0,0
1091997,4,M,C,D,SEDAN,2,1,1,600.6899996
2526535,4,F,E,C,UTE,4,0,0,0
7028099,5,F,A,B,HBACK,2,0,0,0
4064595,5,F,D,D,SEDAN,1,0,0,0
6931135,4,M,C,C,STNWG,1,0,0,0
7693028,4,M,C,B,SEDAN,2,0,0,0
4072825,2,F,A,C,STNWG,2,0,0,0
6973628,2,F,B,B,HBACK,2,1,1,2103.739998
8720985,4,F,F,D,SEDAN,2,0,0,0
7770526,6,M,A,C,STNWG,2,0,0,0
4297923,2,M,E,D,UTE,1,0,0,0
4557480,6,F,A,D,HBACK,2,0,0,0
5869828,2,M,B,D,HDTOP,3,0,0,0
9722669,3,F,B,D,HBACK,1,0,0,0
4801994,1,F,D,B,HBACK,1,1,1,200
694032,3,F,E,D,HBACK,4,0,0,0
2009975,3,M,D,D,SEDAN,2,0,0,0
978403,2,F,E,D,STNWG,3,0,0,0
8764546,3,F,A,D,COUPE,4,0,0,0
9132633,2,F,F,D,STNWG,2,0,0,0
3498561,3,M,B,D,SEDAN,2,0,0,0
3333567,2,F,C,B,SEDAN,3,0,0,0
3188685,3,F,B,D,SEDAN,2,0,0,0
9497072,5,M,B,C,HBACK,4,0,0,0
798672,3,M,C,B,HBACK,1,0,0,0
2045377,6,F,B,C,SEDAN,2,0,0,0
2840139,3,F,D,D,HBACK,1,0,0,0
774045,5,M,C,C,SEDAN,3,0,0,0
5295734,2,M,B,D,STNWG,4,0,0,0
6212062,1,M,B,D,HBACK,2,0,0,0
4035481,4,F,C,C,SEDAN,2,0,0,0
2725727,5,F,D,D,UTE,4,0,0,0
5927386,5,F,C,D,SEDAN,1,0,0,0
4766218,3,M,F,D,UTE,4,0,0,0
1159150,6,F,A,D,SEDAN,1,0,0,0
8387381,4,F,C,B,SEDAN,1,0,0,0
8327352,4,F,C,D,SEDAN,2,0,0,0
9133622,2,F,C,B,HBACK,2,0,0,0
7657167,5,F,A,D,HBACK,3,0,0,0
7185831,3,M,B,C,STNWG,1,0,0,0
1619900,4,M,C,D,UTE,3,0,0,0
9154956,3,F,C,D,SEDAN,3,0,0,0
5146568,4,F,A,D,STNWG,1,0,0,0
328621,5,F,C,B,HBACK,1,0,0,0
6291269,3,F,B,D,MIBUS,4,0,0,0
253717,4,M,C,B,HBACK,3,0,0,0
4085296,4,F,A,B,HBACK,3,0,0,0
1528162,1,M,D,C,SEDAN,1,0,0,0
5563849,5,F,A,C,HBACK,4,0,0,0
8519650,3,M,C,C,STNWG,1,0,0,0
1828328,6,F,C,D,SEDAN,4,0,0,0
4353924,5,F,B,B,SEDAN,2,0,0,0
9214712,3,M,D,B,HBACK,1,0,0,0
4127246,4,F,C,B,HBACK,2,0,0,0
6853281,5,F,A,D,SEDAN,3,0,0,0
1513615,4,F,D,B,HBACK,1,0,0,0
3701299,1,F,B,B,HBACK,2,0,0,0
5604717,5,M,C,B,HBACK,4,0,0,0
4516089,2,M,C,D,STNWG,3,0,0,0
1033093,3,M,D,B,SEDAN,1,0,0,0
6121172,3,M,C,D,STNWG,4,0,0,0
6569767,3,M,F,D,HDTOP,3,0,0,0
7410929,4,F,B,D,STNWG,3,0,0,0
9242843,3,F,B,D,SEDAN,4,0,0,0
4966969,2,F,A,D,HBACK,2,0,0,0
4772204,2,M,B,D,HBACK,4,0,0,0
2873630,6,F,B,D,STNWG,3,0,0,0
7575126,1,M,E,D,SEDAN,3,0,0,0
5465897,3,F,C,B,STNWG,2,0,0,0
8070646,6,F,C,B,HBACK,1,0,0,0
2273528,2,M,A,B,STNWG,3,0,0,0
914409,3,M,F,D,STNWG,4,0,0,0
4472287,4,F,C,B,HBACK,1,0,0,0
2604844,5,F,C,B,HBACK,1,0,0,0
2437208,3,F,D,C,STNWG,2,0,0,0
4290126,6,M,A,D,SEDAN,1,0,0,0
9517953,2,M,E,D,PANVN,3,0,0,0
7553527,3,F,A,D,HBACK,2,0,0,0
6970532,5,F,C,D,SEDAN,4,1,1,914.7699986
6069520,5,M,A,C,STNWG,4,0,0,0
8084986,2,M,A,B,HBACK,4,0,0,0
6071061,2,F,E,D,SEDAN,1,0,0,0
4618894,1,F,A,B,SEDAN,3,0,0,0
8370568,3,F,C,B,HBACK,2,0,0,0
8872136,5,F,D,D,SEDAN,1,0,0,0
151285,4,F,A,D,HBACK,4,0,0,0
7893085,3,F,F,D,HBACK,2,0,0,0
6136784,3,F,B,B,HBACK,1,0,0,0
1818551,5,M,C,D,SEDAN,3,0,0,0
6450798,4,F,A,D,HDTOP,4,0,0,0
3103690,3,F,A,D,SEDAN,4,1,1,4437.319992
3880086,3,M,A,D,STNWG,2,0,0,0
2601302,2,F,C,D,HBACK,1,0,0,0
5884387,5,M,E,D,UTE,3,0,0,0
6673056,5,M,C,A,SEDAN,3,0,0,0
4940858,3,M,C,C,SEDAN,4,0,0,0
894935,3,F,B,C,STNWG,3,0,0,0
5692815,4,M,C,D,STNWG,4,1,1,345
9996701,4,M,C,D,STNWG,4,0,0,0
6862448,3,F,D,D,STNWG,1,1,1,369.1499996
4501120,6,F,B,B,HBACK,1,0,0,0
9868599,6,F,A,B,HBACK,2,0,0,0
4558814,2,F,A,B,COUPE,3,0,0,0
1062939,2,F,E,B,STNWG,2,0,0,0
7313127,4,F,E,D,HDTOP,2,0,0,0
3825471,5,F,B,C,SEDAN,3,0,0,0
3239824,3,M,A,D,STNWG,4,0,0,0
1670629,5,F,C,D,STNWG,4,0,0,0
1203758,2,F,C,D,SEDAN,2,0,0,0
2929381,4,M,A,B,HBACK,1,0,0,0
7218024,4,F,C,D,SEDAN,2,0,0,0
3501877,3,F,B,D,SEDAN,4,0,0,0
8764554,2,M,F,D,UTE,4,0,0,0
5739940,2,F,F,D,HDTOP,4,0,0,0
5254373,6,F,D,D,STNWG,2,0,0,0
6046032,4,F,B,C,STNWG,1,1,1,1513.939999
7616064,4,F,A,C,SEDAN,4,0,0,0
6856299,2,M,F,D,UTE,4,0,0,0
897188,6,F,D,D,SEDAN,4,0,0,0
3481848,3,M,C,A,HBACK,2,0,0,0
9485101,4,F,D,C,STNWG,2,0,0,0
1109195,2,F,C,B,HBACK,4,0,0,0
741545,4,M,C,C,STNWG,3,0,0,0
430163,5,F,A,A,SEDAN,4,0,0,0
1443021,6,M,B,D,SEDAN,2,0,0,0
4073609,3,F,D,D,UTE,2,0,0,0
9655266,5,F,C,D,SEDAN,1,0,0,0
2059409,6,F,B,B,HBACK,3,0,0,0
1168356,6,F,B,B,HBACK,2,0,0,0
3712932,2,F,A,C,HBACK,4,0,0,0
2003041,4,M,C,D,SEDAN,4,0,0,0
8637701,1,F,B,D,HBACK,1,0,0,0
9734383,5,F,B,C,SEDAN,4,0,0,0
4055949,2,F,B,C,HBACK,4,0,0,0
8501556,3,F,B,D,SEDAN,2,0,0,0
535050,1,F,E,D,STNWG,2,0,0,0
1637932,6,F,D,C,SEDAN,1,0,0,0
2825999,4,F,C,D,SEDAN,2,0,0,0
622486,3,F,C,D,SEDAN,2,0,0,0
1380727,4,F,B,B,HBACK,3,0,0,0
3521480,2,F,A,D,HBACK,2,0,0,0
7175283,6,M,A,D,SEDAN,1,0,0,0
3727705,4,F,A,B,SEDAN,3,0,0,0
9185621,4,M,C,B,HBACK,1,0,0,0
7783425,2,M,C,C,HBACK,3,0,0,0
3397239,3,F,A,D,HDTOP,3,0,0,0
676136,5,F,B,B,HBACK,1,0,0,0
8375552,2,M,E,C,STNWG,3,0,0,0
6658489,5,F,A,B,HBACK,1,0,0,0
7971928,4,F,B,D,STNWG,4,0,0,0
4729145,5,M,D,D,SEDAN,3,0,0,0
768626,5,M,A,D,STNWG,3,0,0,0
3492264,1,M,D,A,SEDAN,3,0,0,0
3758706,6,F,B,D,SEDAN,3,0,0,0
2578369,6,F,B,D,HDTOP,3,0,0,0
3213526,5,M,A,D,SEDAN,3,0,0,0
3881702,5,M,A,D,HDTOP,4,0,0,0
7422647,4,F,A,D,STNWG,1,0,0,0
8306795,3,F,D,D,STNWG,1,0,0,0
4008205,2,F,A,D,STNWG,2,0,0,0
8979112,5,F,D,D,STNWG,3,0,0,0
5280410,3,F,C,D,STNWG,1,0,0,0
7912482,5,M,C,D,UTE,1,0,0,0
8804318,1,M,C,C,SEDAN,1,0,0,0
8060532,4,F,A,C,SEDAN,4,0,0,0
9436374,4,F,C,D,SEDAN,3,0,0,0
6851059,4,F,A,D,SEDAN,4,0,0,0
5332578,4,M,A,D,TRUCK,4,0,0,0
4371551,4,M,F,D,TRUCK,1,0,0,0
4545575,1,M,C,B,HBACK,2,0,0,0
2490758,3,F,C,D,STNWG,4,0,0,0
9013784,6,M,B,D,SEDAN,3,0,0,0
6922275,4,M,A,B,HBACK,3,0,0,0
6836452,4,F,B,D,HDTOP,2,0,0,0
9756063,1,M,C,D,SEDAN,3,0,0,0
6295072,5,M,B,D,SEDAN,4,0,0,0
1069762,4,F,A,C,SEDAN,4,0,0,0
1495298,2,F,B,B,HBACK,4,0,0,0
4967776,1,F,B,D,HDTOP,3,0,0,0
6468265,2,F,A,D,SEDAN,2,1,1,550.9099999
8218173,2,F,D,C,STNWG,3,0,0,0
5692852,3,F,A,D,SEDAN,2,0,0,0
8293652,4,M,C,D,SEDAN,2,0,0,0
3967973,3,F,C,B,SEDAN,3,0,0,0
6846680,6,M,C,C,HBACK,3,0,0,0
3276742,4,F,A,D,SEDAN,4,0,0,0
320366,3,M,D,D,HBACK,4,0,0,0
6144784,3,F,F,D,HBACK,2,0,0,0
7832569,5,F,A,D,SEDAN,2,0,0,0
7862183,4,F,D,B,HBACK,4,0,0,0
4624581,2,F,D,B,SEDAN,2,0,0,0
2294673,4,M,B,D,SEDAN,4,0,0,0
2875442,4,F,C,D,HBACK,4,0,0,0
1313173,3,M,D,C,STNWG,4,0,0,0
9648008,1,M,C,D,SEDAN,3,0,0,0
6798202,3,F,B,D,SEDAN,4,0,0,0
9500845,2,F,D,B,SEDAN,2,0,0,0
5393336,2,M,B,B,HBACK,3,0,0,0
2120477,4,F,A,D,HDTOP,4,0,0,0
9733568,6,M,D,C,STNWG,3,0,0,0
315326,4,F,D,B,SEDAN,2,0,0,0
759233,2,F,C,B,HBACK,4,0,0,0
9616447,4,M,B,D,STNWG,3,0,0,0
4206395,3,F,B,D,SEDAN,3,0,0,0
9900138,2,F,C,D,STNWG,2,0,0,0
4783041,3,M,B,C,SEDAN,2,0,0,0
695007,2,F,D,C,STNWG,3,0,0,0
251990,4,M,C,D,STNWG,4,0,0,0
170963,3,F,C,B,HBACK,3,0,0,0
5344222,3,M,B,D,SEDAN,1,0,0,0
3294144,6,F,E,B,HBACK,2,0,0,0
7137760,3,F,A,B,HBACK,3,0,0,0
1135109,3,F,D,D,HBACK,1,0,0,0
6013295,6,M,D,D,SEDAN,1,0,0,0
9226230,4,F,E,B,SEDAN,3,1,1,2165.359997
9809836,2,M,C,D,UTE,2,0,0,0
5839575,3,F,B,D,SEDAN,2,0,0,0
7308490,5,F,C,B,HBACK,1,0,0,0
4453708,2,M,A,D,STNWG,3,0,0,0
8476073,6,F,B,D,SEDAN,4,0,0,0
4922098,2,F,C,D,STNWG,1,0,0,0
9226667,2,F,D,D,UTE,3,0,0,0
2596291,2,F,D,D,STNWG,3,0,0,0
2477934,5,M,C,B,SEDAN,3,0,0,0
2009187,2,M,B,B,HBACK,3,0,0,0
7220625,2,M,A,D,SEDAN,2,0,0,0
6740481,1,M,C,C,UTE,2,0,0,0
6065650,5,F,B,D,SEDAN,4,0,0,0
5145188,2,F,C,C,SEDAN,1,0,0,0
8392144,4,M,A,B,SEDAN,1,0,0,0
4094427,2,M,A,C,HBACK,4,0,0,0
7678420,2,F,A,D,SEDAN,3,0,0,0
9420152,3,M,D,C,STNWG,3,0,0,0
4700191,4,M,C,B,HBACK,2,0,0,0
5571096,2,F,C,B,HBACK,3,0,0,0
696039,6,F,B,B,HBACK,3,0,0,0
9671220,4,F,C,D,HBACK,4,0,0,0
5090226,2,F,C,B,HBACK,3,0,0,0
122597,4,F,A,D,HBACK,3,0,0,0
7517174,1,M,D,D,TRUCK,2,1,1,712.220005
1061044,2,F,B,C,HBACK,4,0,0,0
9106953,4,M,D,D,SEDAN,3,0,0,0
9442865,4,M,C,D,STNWG,2,0,0,0
4859291,2,F,C,D,HDTOP,4,0,0,0
2435035,3,F,A,D,HBACK,3,0,0,0
9781774,5,M,D,D,HBACK,3,0,0,0
5809714,4,F,C,D,HBACK,2,0,0,0
2901979,4,F,E,D,HBACK,4,0,0,0
4803120,4,F,B,D,STNWG,2,0,0,0
4354009,2,F,B,D,HDTOP,1,0,0,0
4096483,4,M,A,D,SEDAN,4,0,0,0
8157892,5,F,B,B,STNWG,3,0,0,0
4940856,2,M,A,D,STNWG,4,0,0,0
9730235,2,M,C,D,HBACK,3,0,0,0
1801059,2,F,B,B,HBACK,3,0,0,0
8511485,6,M,A,D,SEDAN,4,0,0,0
8306753,2,F,A,B,SEDAN,4,0,0,0
8200043,1,M,A,D,HBACK,2,0,0,0
5074026,5,M,B,D,STNWG,1,0,0,0
961466,3,F,C,D,HBACK,4,0,0,0
3389038,5,M,B,B,HBACK,2,0,0,0
5866644,5,F,A,A,SEDAN,3,0,0,0
5439214,4,F,A,B,HBACK,1,0,0,0
1663774,6,M,D,D,SEDAN,2,0,0,0
8087857,1,M,C,D,PANVN,3,0,0,0
46172,4,F,D,B,HBACK,3,0,0,0
775444,3,F,C,D,SEDAN,4,0,0,0
5181875,3,M,C,C,UTE,4,0,0,0
9431982,2,F,E,B,SEDAN,3,0,0,0
8303644,3,F,C,D,SEDAN,4,0,0,0
8164231,3,M,D,C,STNWG,4,0,0,0
5461879,3,F,F,D,STNWG,2,0,0,0
6383941,5,F,D,D,SEDAN,3,0,0,0
429949,1,M,E,D,SEDAN,4,0,0,0
116513,2,F,C,B,HBACK,2,0,0,0
5540335,3,F,D,D,HBACK,2,0,0,0
6798582,3,F,B,B,COUPE,1,0,0,0
7135633,2,F,B,B,HBACK,1,0,0,0
8106008,4,M,D,B,HBACK,4,1,1,7470.029083
917336,2,F,E,D,HBACK,3,0,0,0
887777,3,M,E,D,UTE,4,0,0,0
295146,3,F,C,D,SEDAN,3,0,0,0
3589357,4,F,D,B,HBACK,3,0,0,0
8849083,2,F,C,D,STNWG,4,0,0,0
6537988,3,M,D,D,STNWG,1,1,1,408.9499998
9511258,5,M,D,D,SEDAN,3,0,0,0
9820686,4,M,C,B,SEDAN,4,0,0,0
2130787,4,M,B,D,MIBUS,4,0,0,0
7410747,2,F,C,D,SEDAN,3,0,0,0
4238353,4,M,C,D,SEDAN,1,0,0,0
226504,2,M,E,C,STNWG,1,1,2,1642.679997
7219135,4,F,C,D,HBACK,2,0,0,0
8744678,5,M,C,B,SEDAN,3,0,0,0
7774305,3,M,D,D,UTE,2,0,0,0
4393319,4,F,C,B,HBACK,1,0,0,0
2588902,4,F,B,B,SEDAN,4,0,0,0
3116085,5,M,B,D,SEDAN,4,0,0,0
5748688,4,F,D,B,HBACK,2,0,0,0
7831009,3,F,E,B,SEDAN,3,0,0,0
7760541,5,M,E,C,TRUCK,2,0,0,0
2054867,3,M,A,D,HDTOP,3,0,0,0
4939128,2,F,C,D,SEDAN,4,0,0,0
163837,4,F,D,B,HBACK,1,0,0,0
1599111,1,F,A,D,SEDAN,4,0,0,0
8409750,2,M,A,D,COUPE,4,1,2,6610.219994
9321641,2,F,A,D,STNWG,2,0,0,0
3667799,1,M,F,C,UTE,1,0,0,0
9139804,4,F,E,C,HDTOP,4,0,0,0
4978792,2,M,D,D,SEDAN,4,0,0,0
96864,5,F,B,C,SEDAN,2,0,0,0
7040060,3,M,F,D,HDTOP,4,0,0,0
6931534,4,F,A,D,MIBUS,3,0,0,0
844622,2,M,F,D,STNWG,4,0,0,0
5349102,5,M,B,D,SEDAN,4,0,0,0
4341680,1,M,C,B,SEDAN,4,0,0,0
4191664,3,M,A,D,SEDAN,4,0,0,0
8500031,3,F,E,D,HBACK,2,1,1,887.3899994
6667575,2,M,C,C,STNWG,3,0,0,0
2953004,6,F,C,D,HBACK,2,0,0,0
1165161,2,F,B,D,TRUCK,1,0,0,0
3518338,5,M,C,D,SEDAN,4,0,0,0
9502968,5,M,D,C,HBACK,2,0,0,0
5407788,3,F,B,D,HBACK,3,1,1,520.1199999
681555,2,F,A,D,HBACK,2,0,0,0
1170238,2,M,C,C,UTE,4,0,0,0
3930904,4,M,A,D,SEDAN,3,0,0,0
1679574,3,F,F,C,STNWG,3,0,0,0
9817745,3,M,A,D,HBACK,4,0,0,0
1682090,3,F,A,D,HBACK,3,1,1,200
8061781,2,M,C,D,HBACK,3,0,0,0
1211383,3,M,D,D,UTE,4,0,0,0
8477105,3,F,A,D,SEDAN,4,0,0,0
4449879,5,M,C,D,SEDAN,4,0,0,0
7876551,3,F,C,B,HBACK,4,0,0,0
8656073,1,F,B,D,SEDAN,1,0,0,0
5359707,3,M,F,D,SEDAN,1,0,0,0
7144923,1,F,D,D,STNWG,2,0,0,0
8891427,4,F,C,B,HBACK,4,0,0,0
5312799,3,M,B,D,HBACK,4,0,0,0
1964704,1,M,C,C,STNWG,3,0,0,0
8896688,4,F,C,D,SEDAN,2,0,0,0
104276,4,F,E,C,STNWG,4,0,0,0
2454008,1,F,B,B,HBACK,1,0,0,0
694048,4,F,B,D,SEDAN,3,0,0,0
1454611,3,F,A,D,HBACK,3,0,0,0
55571,3,M,F,B,SEDAN,2,0,0,0
623020,5,F,A,D,HBACK,4,0,0,0
6372909,2,F,F,D,STNWG,4,0,0,0
1953347,6,M,A,B,SEDAN,3,0,0,0
8751831,2,M,C,B,HBACK,1,0,0,0
1789094,4,F,B,D,SEDAN,2,0,0,0
4390199,2,F,D,D,STNWG,4,0,0,0
5075976,2,F,D,C,SEDAN,3,0,0,0
2672280,1,F,A,D,SEDAN,1,0,0,0
650589,4,M,B,D,UTE,4,0,0,0
7067569,4,M,D,C,STNWG,4,0,0,0
2529403,3,F,A,C,TRUCK,4,0,0,0
4350514,4,M,A,D,STNWG,1,0,0,0
1793054,3,F,B,B,SEDAN,2,0,0,0
7470208,6,F,B,D,HBACK,3,0,0,0
1621759,5,M,A,A,SEDAN,4,0,0,0
7871523,5,F,A,A,SEDAN,2,0,0,0
6047915,4,F,B,D,SEDAN,3,0,0,0
4307912,5,F,A,D,SEDAN,3,0,0,0
9800277,2,F,C,D,UTE,2,0,0,0
3658613,3,F,B,D,SEDAN,1,0,0,0
5373770,2,F,F,C,STNWG,3,1,1,560.6499996
2720264,4,F,A,B,SEDAN,3,0,0,0
5285245,6,F,E,B,STNWG,1,0,0,0
8904918,3,F,F,D,UTE,4,0,0,0
2313030,4,F,C,A,SEDAN,2,1,1,902.7099991
3568128,3,F,C,D,STNWG,4,0,0,0
6354431,3,F,C,D,STNWG,4,0,0,0
3581241,2,M,A,D,HBACK,2,0,0,0
8765586,5,F,C,D,SEDAN,2,0,0,0
3335751,4,M,C,B,SEDAN,1,0,0,0
1439005,4,M,E,C,STNWG,1,0,0,0
1515376,3,F,A,B,STNWG,1,0,0,0
5152577,5,M,B,D,HBACK,2,1,1,1543.359997
6067470,4,M,A,D,MIBUS,4,0,0,0
8391790,5,F,B,D,SEDAN,2,0,0,0
4018989,3,F,A,B,SEDAN,4,0,0,0
8764483,4,F,A,D,SEDAN,3,1,1,353.77
9849229,4,M,A,D,SEDAN,2,0,0,0
5709998,4,M,C,B,HBACK,3,0,0,0
8907602,4,F,C,C,HBACK,4,0,0,0
3464667,2,M,B,C,SEDAN,1,0,0,0
9355280,4,F,C,D,HBACK,2,0,0,0
484079,4,M,F,D,HBACK,2,0,0,0
6745290,4,M,E,C,TRUCK,3,0,0,0
4562147,2,M,C,B,HBACK,1,0,0,0
97486,4,F,A,C,SEDAN,1,0,0,0
9272679,1,F,F,D,STNWG,1,0,0,0
6011851,5,F,C,D,HBACK,4,0,0,0
8088783,4,M,D,D,SEDAN,1,0,0,0
7427782,2,F,B,D,SEDAN,3,0,0,0
4291864,4,F,D,D,STNWG,2,0,0,0
4695317,6,F,A,D,HBACK,1,0,0,0
6837291,5,F,A,C,HBACK,4,0,0,0
6733527,6,F,D,D,HBACK,2,1,1,1086.48
269369,2,F,B,D,SEDAN,1,0,0,0
8203527,5,F,E,D,SEDAN,4,0,0,0
263147,3,M,C,C,STNWG,2,0,0,0
7417271,5,M,A,B,SEDAN,2,0,0,0
8408562,3,M,C,D,STNWG,1,0,0,0
4732397,2,M,B,D,SEDAN,3,0,0,0
4304753,2,F,E,C,SEDAN,1,0,0,0
5887118,4,M,D,D,STNWG,2,0,0,0
7678824,4,M,A,D,UTE,3,0,0,0
4059771,6,M,C,B,HBACK,3,0,0,0
8908445,5,F,B,B,HBACK,4,0,0,0
6501692,3,F,D,B,SEDAN,3,0,0,0
1205667,4,M,A,C,STNWG,2,0,0,0
3006478,2,M,E,D,TRUCK,3,1,1,390
4595939,3,M,B,D,STNWG,3,1,1,518.8799992
7221333,4,M,A,C,COUPE,4,0,0,0
7545133,6,F,C,D,HBACK,4,0,0,0
9370786,4,F,C,B,HBACK,2,0,0,0
3034595,4,F,B,D,STNWG,1,0,0,0
9900372,1,F,B,C,SEDAN,1,1,1,14264.72421
2374616,4,F,A,D,STNWG,3,0,0,0
7782754,4,M,C,D,SEDAN,3,0,0,0
1815861,4,F,A,B,SEDAN,4,0,0,0
5447832,4,M,E,D,STNWG,1,0,0,0
7243019,2,M,A,C,SEDAN,4,0,0,0
4236827,5,M,B,A,SEDAN,2,0,0,0
6936737,5,F,A,D,SEDAN,4,0,0,0
1447603,2,M,A,D,HBACK,2,0,0,0
8002269,2,F,A,B,SEDAN,2,0,0,0
2501463,3,M,C,D,HDTOP,3,0,0,0
7549424,5,M,A,A,CONVT,3,0,0,0
9728586,1,F,B,C,STNWG,4,0,0,0
6924111,3,M,C,D,HDTOP,4,0,0,0
3564287,5,M,A,D,STNWG,4,0,0,0
3992678,3,M,A,D,STNWG,3,0,0,0
7945256,3,F,C,B,HBACK,2,0,0,0
6770445,5,M,B,A,SEDAN,4,0,0,0
840736,2,F,A,D,SEDAN,3,0,0,0
6019958,5,F,C,D,HBACK,1,1,1,2934.75
8919533,4,M,A,D,SEDAN,3,0,0,0
5320793,6,F,B,B,HBACK,4,0,0,0
6333671,3,M,D,C,SEDAN,4,0,0,0
1687851,4,F,E,B,SEDAN,3,1,1,7205.909973
2583370,1,F,A,D,HBACK,3,0,0,0
6867771,4,M,E,D,STNWG,1,0,0,0
1368407,2,F,D,D,STNWG,2,0,0,0
9445200,3,F,C,D,HBACK,2,1,1,642.5499983
2057613,4,F,C,C,SEDAN,4,0,0,0
5938495,5,F,A,D,UTE,3,0,0,0
228273,6,F,C,D,SEDAN,4,0,0,0
878104,2,M,B,D,SEDAN,3,0,0,0
1801496,2,F,B,D,SEDAN,4,0,0,0
1013898,4,F,D,D,STNWG,4,0,0,0
4262356,3,F,B,D,STNWG,4,0,0,0
9637711,2,M,B,B,HBACK,1,0,0,0
418615,5,F,A,D,HBACK,4,0,0,0
4522106,3,F,D,B,SEDAN,2,0,0,0
4553861,5,M,A,D,STNWG,2,0,0,0
2601361,4,M,A,C,STNWG,3,1,1,2558.389999
2496141,4,M,A,B,SEDAN,2,0,0,0
4481082,2,F,C,D,HDTOP,3,1,1,200
2518255,6,M,E,D,STNWG,4,0,0,0
4066896,3,F,C,D,SEDAN,1,0,0,0
2366228,6,M,A,D,SEDAN,3,0,0,0
2857667,5,F,A,D,STNWG,3,0,0,0
3297807,3,M,B,D,SEDAN,3,0,0,0
6991756,1,F,A,D,HBACK,2,0,0,0
7547235,4,F,A,D,HBACK,3,0,0,0
7110177,2,M,B,C,STNWG,4,0,0,0
7493029,2,F,C,B,SEDAN,1,0,0,0
9886608,3,F,A,D,HBACK,3,0,0,0
1959419,1,F,C,D,MIBUS,4,1,1,13504.30994
1512847,6,F,B,D,SEDAN,3,0,0,0
9615072,6,M,B,D,SEDAN,3,0,0,0
5937956,4,M,A,D,SEDAN,2,0,0,0
8169099,5,M,D,D,STNWG,4,0,0,0
5814171,3,M,C,C,UTE,4,0,0,0
7002691,3,F,C,D,SEDAN,4,0,0,0
9364300,1,F,D,B,SEDAN,3,0,0,0
883246,5,F,C,C,STNWG,2,0,0,0
5123570,2,M,B,B,HBACK,1,0,0,0
7263342,4,M,C,B,HBACK,2,0,0,0
6041994,2,F,D,D,STNWG,3,0,0,0
2323442,1,F,C,B,HBACK,2,0,0,0
3126034,4,F,C,D,SEDAN,2,0,0,0
7242037,5,F,A,A,SEDAN,3,0,0,0
8764038,4,M,D,C,SEDAN,4,0,0,0
3466192,4,F,C,D,SEDAN,3,0,0,0
1044100,4,F,A,D,STNWG,4,0,0,0
5693611,3,M,C,D,STNWG,4,0,0,0
4514769,5,F,C,D,HBACK,3,1,1,200
2838612,5,M,B,D,HBACK,1,0,0,0
5305772,2,M,F,C,STNWG,4,0,0,0
2872465,4,F,D,C,SEDAN,2,0,0,0
500848,2,F,B,D,SEDAN,3,0,0,0
7548072,2,M,F,C,STNWG,1,0,0,0
2695897,5,F,E,C,STNWG,1,1,1,390
4677965,2,M,D,D,STNWG,4,0,0,0
2582421,1,F,D,D,SEDAN,3,0,0,0
6217135,3,F,B,B,STNWG,2,0,0,0
8488953,3,M,A,D,HDTOP,4,0,0,0
3876227,5,M,C,B,HBACK,3,0,0,0
3203276,6,F,D,B,HBACK,3,0,0,0
6521333,5,M,F,D,STNWG,2,0,0,0
4553167,4,F,A,B,HBACK,3,0,0,0
9724120,4,M,E,D,HDTOP,3,0,0,0
3303,3,F,A,C,HBACK,4,0,0,0
4127821,3,M,C,C,TRUCK,3,0,0,0
6708591,1,F,B,C,SEDAN,3,0,0,0
9414599,6,M,E,C,STNWG,4,0,0,0
3183551,3,F,A,D,SEDAN,4,0,0,0
3394114,2,F,B,D,SEDAN,3,0,0,0
9450674,5,M,A,D,UTE,3,0,0,0
6597604,5,M,B,D,UTE,3,0,0,0
1393779,1,M,F,D,STNWG,4,0,0,0
8833282,4,M,C,D,SEDAN,4,0,0,0
5890906,4,F,F,D,HDTOP,3,0,0,0
6928369,3,F,E,B,SEDAN,3,0,0,0
3808720,3,F,F,D,MIBUS,4,0,0,0
8181246,4,F,C,D,HBACK,3,0,0,0
3476455,5,F,C,C,SEDAN,3,0,0,0
7400154,2,M,E,D,STNWG,4,0,0,0
4888583,5,M,D,A,SEDAN,1,0,0,0
7367810,2,M,A,B,HBACK,3,0,0,0
679029,6,M,A,B,SEDAN,4,0,0,0
3169460,2,F,A,B,HBACK,1,0,0,0
4683721,5,M,C,D,UTE,2,0,0,0
6874795,3,M,A,D,SEDAN,1,0,0,0
6856075,5,F,A,B,HBACK,3,0,0,0
8462195,4,F,C,D,HBACK,4,0,0,0
4810311,4,M,B,C,STNWG,1,0,0,0
2500136,5,F,C,B,HBACK,3,0,0,0
4558089,5,M,E,D,STNWG,2,1,1,353.77
107102,4,F,D,C,STNWG,2,0,0,0
6492743,4,M,A,D,HBACK,3,0,0,0
7568671,5,M,B,B,HBACK,2,0,0,0
4819904,5,F,C,B,HBACK,2,0,0,0
7406706,2,F,B,D,SEDAN,2,1,1,372.27
3920114,6,M,C,D,STNWG,3,1,2,4208.599995
471139,4,M,C,C,STNWG,4,1,1,1020.56
5068312,3,M,C,B,HBACK,3,0,0,0
6406736,2,F,A,B,STNWG,1,0,0,0
1661718,2,M,E,B,SEDAN,3,0,0,0
4526405,1,M,A,C,STNWG,4,0,0,0
5005468,3,M,C,C,STNWG,4,0,0,0
6909421,4,F,A,D,SEDAN,2,1,1,742.7999992
8404487,5,F,C,D,HBACK,2,1,1,3358.019997
3779433,5,F,C,C,SEDAN,4,0,0,0
5136392,3,F,E,D,STNWG,4,0,0,0
3661740,5,F,C,B,HBACK,1,0,0,0
6941898,2,M,D,D,STNWG,4,0,0,0
6909306,5,F,A,D,STNWG,4,0,0,0
2398489,4,M,D,D,UTE,4,0,0,0
3393634,5,F,C,D,HBACK,4,0,0,0
8656404,4,F,C,B,HBACK,2,0,0,0
2191217,2,M,C,D,STNWG,2,0,0,0
97695,3,F,B,D,HBACK,2,0,0,0
2838517,5,F,A,D,HBACK,2,0,0,0
3747220,3,M,A,C,STNWG,3,0,0,0
7545622,1,M,E,C,TRUCK,3,0,0,0
106659,5,F,B,D,HBACK,4,0,0,0
3908282,2,M,A,B,HBACK,1,0,0,0
1059944,4,M,A,A,COUPE,1,0,0,0
4544368,5,F,C,B,SEDAN,3,0,0,0
3888730,5,M,C,B,HBACK,2,0,0,0
8007791,1,M,C,D,PANVN,2,0,0,0
9860337,3,M,A,B,HBACK,4,0,0,0
1373963,3,F,B,B,HBACK,2,0,0,0
5104833,2,M,D,B,HBACK,4,0,0,0
6155677,3,M,A,B,STNWG,1,0,0,0
6070273,4,F,E,D,SEDAN,4,1,1,200
8977788,3,F,A,D,HBACK,1,0,0,0
2863437,3,F,C,B,SEDAN,2,0,0,0
4269637,3,F,D,B,SEDAN,3,0,0,0
3689271,2,M,C,B,HBACK,3,0,0,0
5563561,6,F,B,B,HBACK,2,0,0,0
6192281,5,F,A,D,HBACK,3,1,1,200
713211,4,F,C,C,MIBUS,4,1,1,353.77
9603945,5,F,E,C,HBACK,1,0,0,0
3861932,4,M,F,C,SEDAN,2,0,0,0
3829355,5,M,C,D,HBACK,2,0,0,0
2385171,2,F,F,B,SEDAN,2,0,0,0
7197983,2,F,D,B,HBACK,3,1,1,1287.529999
2307162,2,M,D,C,TRUCK,2,0,0,0
1995786,4,F,C,D,HBACK,2,0,0,0
4860196,5,F,B,D,HBACK,3,0,0,0
5554387,1,F,C,C,STNWG,4,1,1,7144.539963
3410799,5,F,A,C,HBACK,4,0,0,0
9365991,2,M,B,D,UTE,4,0,0,0
4188967,6,F,D,D,SEDAN,1,0,0,0
4266842,4,F,A,D,SEDAN,4,0,0,0
5285718,5,F,B,B,HBACK,3,0,0,0
1335585,1,F,D,C,STNWG,2,0,0,0
7546201,6,F,C,D,SEDAN,1,0,0,0
1351054,3,M,B,D,STNWG,1,0,0,0
4860326,6,M,D,C,UTE,4,0,0,0
5570424,4,M,A,D,STNWG,1,0,0,0
2550215,6,F,A,B,SEDAN,3,0,0,0
7400801,4,F,B,B,SEDAN,2,0,0,0
2121925,4,F,D,D,HBACK,1,0,0,0
6668659,2,F,A,D,STNWG,4,0,0,0
3941522,6,F,C,A,CONVT,3,0,0,0
2655812,1,F,C,D,STNWG,4,0,0,0
7136231,4,M,A,B,SEDAN,3,0,0,0
9530323,1,F,A,B,HBACK,2,0,0,0
431770,4,F,B,B,HBACK,3,0,0,0
4355380,2,M,D,C,SEDAN,1,0,0,0
1247022,4,F,B,B,HBACK,1,0,0,0
2283986,2,F,D,B,SEDAN,3,0,0,0
2688554,3,F,E,D,STNWG,4,1,1,2414.539993
2773419,4,F,C,D,COUPE,4,0,0,0
7611451,6,M,A,B,SEDAN,3,0,0,0
8200139,6,F,C,D,HBACK,4,0,0,0
1881126,2,F,C,B,HBACK,4,0,0,0
8769331,3,F,A,D,SEDAN,4,0,0,0
3449978,2,F,A,D,SEDAN,3,0,0,0
9597179,3,M,E,D,STNWG,1,0,0,0
4560776,5,F,A,D,STNWG,1,0,0,0
4054006,6,F,A,C,SEDAN,4,0,0,0
1026904,4,M,A,D,STNWG,2,0,0,0
4041705,3,F,E,C,STNWG,3,0,0,0
5179928,2,M,C,D,STNWG,3,0,0,0
1516941,2,M,D,D,HDTOP,4,0,0,0
3473833,2,F,D,D,UTE,3,0,0,0
3871706,4,M,C,C,TRUCK,4,0,0,0
9178274,2,F,B,B,SEDAN,3,0,0,0
7692286,3,F,E,C,HDTOP,4,0,0,0
4004368,2,M,C,A,SEDAN,1,1,2,2230.74
7654890,3,M,C,D,SEDAN,2,0,0,0
4294002,6,F,D,B,SEDAN,4,0,0,0
5841145,2,F,E,C,STNWG,3,0,0,0
2453586,1,F,A,D,SEDAN,4,0,0,0
4591489,2,M,D,D,TRUCK,4,0,0,0
7284550,2,M,C,D,HBACK,2,0,0,0
2500753,5,F,E,B,SEDAN,3,0,0,0
7741639,2,F,A,D,UTE,4,0,0,0
1332001,4,F,D,D,STNWG,3,0,0,0
6729008,5,F,A,D,HBACK,1,0,0,0
5112772,2,M,B,C,STNWG,4,0,0,0
4267281,5,M,C,B,HBACK,1,0,0,0
5334624,4,F,C,C,SEDAN,4,0,0,0
6628020,1,M,C,D,STNWG,1,0,0,0
3467157,4,M,B,D,HBACK,3,0,0,0
4006968,4,M,C,D,TRUCK,1,0,0,0
2662800,4,F,C,D,HBACK,2,0,0,0
2811364,3,M,E,C,STNWG,2,0,0,0
8519607,4,M,C,D,SEDAN,1,0,0,0
419094,6,F,C,D,SEDAN,2,0,0,0
9141271,2,F,C,D,SEDAN,3,0,0,0
1635114,4,M,A,B,STNWG,1,0,0,0
7419292,3,M,B,C,SEDAN,2,0,0,0
5010533,5,F,C,C,SEDAN,3,0,0,0
6737534,5,M,A,D,HBACK,3,0,0,0
1967513,2,F,B,C,STNWG,1,0,0,0
4142896,5,F,E,D,BUS,4,0,0,0
4501790,4,F,A,B,SEDAN,4,0,0,0
8302283,3,F,A,D,HBACK,2,0,0,0
8796747,3,M,A,B,HBACK,2,0,0,0
8429530,4,M,D,D,UTE,3,0,0,0
2735462,2,M,D,C,STNWG,2,0,0,0
6120664,3,F,C,B,SEDAN,3,0,0,0
9484313,6,M,E,C,STNWG,4,0,0,0
3669734,4,F,B,B,SEDAN,4,0,0,0
7543934,4,F,C,D,HBACK,3,0,0,0
8677426,4,F,C,D,SEDAN,1,0,0,0
2782959,2,F,C,C,HDTOP,3,0,0,0
7257211,2,F,B,D,HBACK,1,0,0,0
1437311,4,M,A,D,STNWG,4,0,0,0
5869629,3,F,B,D,SEDAN,1,0,0,0
87016,5,M,A,D,SEDAN,3,0,0,0
6508212,6,F,C,B,HBACK,2,0,0,0
6523893,2,M,B,D,UTE,3,0,0,0
2787761,6,M,A,B,SEDAN,3,0,0,0
3519232,4,M,D,D,SEDAN,3,0,0,0
220287,3,F,A,B,STNWG,1,0,0,0
685455,2,F,A,B,HBACK,2,0,0,0
2922324,4,M,C,D,MIBUS,4,0,0,0
3076623,3,M,E,B,HBACK,3,0,0,0
4047586,2,F,E,D,STNWG,4,0,0,0
5136911,3,F,C,D,STNWG,1,0,0,0
2999837,6,M,A,B,SEDAN,1,0,0,0
2856297,4,M,C,C,SEDAN,1,0,0,0
8091247,6,F,B,C,HBACK,3,0,0,0
9415974,4,F,B,D,SEDAN,3,0,0,0
6940416,5,M,C,D,SEDAN,1,0,0,0
2954277,4,M,A,D,SEDAN,4,0,0,0
8093643,5,F,A,C,SEDAN,3,1,1,962.0499992
4591020,1,F,A,C,HBACK,4,0,0,0
1004349,2,F,F,D,STNWG,3,0,0,0
8076631,3,F,C,B,HBACK,3,0,0,0
4722807,2,M,B,D,PANVN,3,0,0,0
8061785,3,F,B,B,HBACK,2,0,0,0
6892653,3,M,B,C,COUPE,2,0,0,0
7845387,1,M,C,C,SEDAN,4,0,0,0
9316942,2,F,E,C,STNWG,2,1,1,3186.619995
1957413,5,M,D,D,HDTOP,3,0,0,0
5489089,1,F,C,D,HBACK,2,0,0,0
9723894,6,M,C,D,SEDAN,4,0,0,0
8760764,5,M,A,D,HBACK,4,0,0,0
62110,3,M,C,C,UTE,1,0,0,0
1774746,4,M,A,C,HBACK,4,0,0,0
6604049,5,F,A,D,SEDAN,3,1,1,1096.679998
1144914,3,F,C,C,STNWG,4,0,0,0
9199829,2,M,E,D,UTE,3,1,1,408.9499998
1596111,1,F,B,B,HBACK,2,0,0,0
1870593,3,M,A,C,HBACK,4,0,0,0
2876846,2,M,C,D,SEDAN,2,0,0,0
7418749,3,M,A,C,STNWG,3,0,0,0
2965489,4,M,C,D,STNWG,2,1,1,469.5
3977451,1,M,A,B,HBACK,3,0,0,0
5197582,3,F,C,D,STNWG,1,0,0,0
9917253,5,M,D,C,COUPE,4,0,0,0
9205513,3,M,D,D,STNWG,4,0,0,0
7422417,1,F,B,B,HBACK,1,0,0,0
2785980,6,F,B,D,SEDAN,2,0,0,0
823648,5,F,E,B,HBACK,4,0,0,0
8757630,6,M,C,D,SEDAN,4,0,0,0
3420922,4,M,C,D,HBACK,2,0,0,0
7122941,4,M,C,D,STNWG,3,0,0,0
3663521,4,M,D,D,SEDAN,3,0,0,0
1013925,4,F,B,B,SEDAN,1,0,0,0
3208264,5,M,B,C,UTE,1,0,0,0
412101,3,M,C,D,SEDAN,4,0,0,0
7379613,2,F,D,C,STNWG,2,0,0,0
5198643,4,F,C,D,HDTOP,3,0,0,0
2023312,1,M,C,B,SEDAN,4,0,0,0
4264395,2,M,A,C,SEDAN,2,0,0,0
4532154,3,M,D,B,HBACK,2,0,0,0
1735325,4,F,C,D,STNWG,3,0,0,0
9498680,6,F,B,D,SEDAN,4,0,0,0
5400850,3,F,B,C,SEDAN,1,0,0,0
9740720,3,F,C,C,HBACK,3,0,0,0
5793129,3,F,D,B,HBACK,3,1,1,9737.039978
6401109,5,F,C,D,HBACK,1,0,0,0
792900,3,M,D,D,STNWG,1,0,0,0
794057,3,F,C,C,SEDAN,2,0,0,0
355066,5,F,A,D,SEDAN,3,0,0,0
7378723,3,M,C,D,STNWG,2,0,0,0
423673,3,F,B,D,STNWG,2,0,0,0
41977,2,F,C,B,HBACK,3,0,0,0
8351457,2,F,A,C,HBACK,3,0,0,0
9822653,4,F,A,C,SEDAN,1,0,0,0
5400578,1,M,C,B,SEDAN,3,1,1,659.8499994
4955174,3,F,B,D,MIBUS,4,0,0,0
2743727,2,F,D,C,STNWG,1,1,1,5342.62999
1445687,3,F,A,B,SEDAN,3,0,0,0
2496005,1,M,A,D,SEDAN,2,0,0,0
2514327,6,F,E,D,SEDAN,1,0,0,0
5332272,6,M,B,D,SEDAN,3,0,0,0
8684248,2,M,E,D,UTE,4,0,0,0
3904781,5,M,A,D,SEDAN,1,0,0,0
6189600,6,M,A,C,SEDAN,4,0,0,0
6290282,1,M,D,A,COUPE,1,0,0,0
7878067,2,F,B,B,SEDAN,3,0,0,0
4167868,1,F,C,D,STNWG,1,1,1,727.1299992
3968376,4,M,C,D,SEDAN,3,0,0,0
1169920,4,F,C,B,HBACK,2,0,0,0
183240,3,M,C,D,TRUCK,4,0,0,0
528550,5,F,D,D,SEDAN,2,0,0,0
2744388,2,F,C,D,SEDAN,1,0,0,0
7025996,1,F,B,C,SEDAN,1,0,0,0
9577591,3,F,A,D,STNWG,3,0,0,0
9616998,5,M,D,D,UTE,2,0,0,0
1219565,3,F,E,C,STNWG,2,0,0,0
5655987,4,F,F,C,STNWG,4,0,0,0
3029622,4,F,C,B,SEDAN,3,0,0,0
2111206,4,F,C,D,SEDAN,4,0,0,0
2221554,4,M,C,D,SEDAN,2,0,0,0
9856841,5,M,E,C,SEDAN,2,0,0,0
7091783,4,F,D,B,HBACK,3,0,0,0
7415644,6,F,B,D,HBACK,2,0,0,0
3298961,2,F,B,D,SEDAN,2,0,0,0
1584154,2,M,C,D,HDTOP,2,0,0,0
6975531,3,M,A,D,HBACK,2,0,0,0
1682899,4,F,A,B,SEDAN,4,0,0,0
3567734,5,M,C,D,SEDAN,4,0,0,0
456740,4,M,B,D,PANVN,3,0,0,0
7065437,5,M,B,D,STNWG,4,1,1,353.7999997
7451329,5,M,A,D,SEDAN,1,0,0,0
9827232,5,F,A,D,SEDAN,1,0,0,0
4767655,4,F,C,D,STNWG,4,0,0,0
6344440,5,F,A,D,SEDAN,3,0,0,0
3906889,5,M,A,C,STNWG,4,0,0,0
8458470,1,M,F,C,UTE,3,0,0,0
8309614,1,M,C,D,SEDAN,1,0,0,0
5923616,4,M,C,C,SEDAN,4,0,0,0
2720676,5,F,C,D,SEDAN,4,0,0,0
6296579,2,M,D,D,UTE,1,0,0,0
6073730,1,F,B,C,HBACK,1,0,0,0
4278584,6,F,A,D,STNWG,1,0,0,0
6852379,4,M,C,D,SEDAN,3,0,0,0
4423628,2,F,A,D,HBACK,2,0,0,0
14571,4,F,A,D,HBACK,3,1,1,865.789999
1334048,3,M,F,D,TRUCK,4,0,0,0
1264247,4,F,E,C,SEDAN,4,0,0,0
749515,2,F,C,D,SEDAN,3,0,0,0
6489792,3,F,B,B,HBACK,3,0,0,0
8804172,3,F,C,D,STNWG,3,0,0,0
2061000,5,M,C,B,SEDAN,3,0,0,0
9675075,4,F,E,D,STNWG,2,0,0,0
614885,4,M,F,C,STNWG,2,1,1,1328.679997
175732,4,M,C,D,UTE,3,0,0,0
9733771,2,M,A,B,HBACK,3,1,1,200
6936343,5,M,E,D,STNWG,3,0,0,0
4959662,5,M,B,A,SEDAN,2,0,0,0
470111,2,F,B,C,STNWG,4,0,0,0
3624738,3,F,B,D,SEDAN,2,0,0,0
1350841,1,F,C,B,HBACK,2,0,0,0
4269791,3,M,E,D,STNWG,3,0,0,0
9143678,4,M,D,D,SEDAN,4,0,0,0
6227596,4,M,A,D,SEDAN,2,0,0,0
8606287,4,M,E,D,STNWG,2,0,0,0
5289042,4,F,C,B,HBACK,2,0,0,0
7666030,2,M,C,D,HBACK,4,0,0,0
2541667,3,F,D,B,HBACK,4,0,0,0
9185936,3,F,C,D,STNWG,2,0,0,0
8816454,4,F,D,C,SEDAN,4,0,0,0
5840495,5,M,E,D,HDTOP,4,0,0,0
1509894,5,F,A,B,HBACK,2,0,0,0
302025,6,F,A,C,SEDAN,4,0,0,0
7138670,6,M,E,B,HBACK,4,0,0,0
306982,3,F,A,D,SEDAN,3,0,0,0
1079535,3,F,C,D,MIBUS,4,0,0,0
9981542,3,M,F,C,STNWG,2,0,0,0
6420171,4,F,C,D,HDTOP,2,0,0,0
1426308,3,M,E,B,STNWG,2,0,0,0
9810982,4,F,C,C,UTE,1,0,0,0
3994746,3,F,A,B,SEDAN,3,0,0,0
1117886,2,F,D,D,MCARA,4,0,0,0
4713846,4,F,C,B,SEDAN,2,0,0,0
1923988,4,F,B,D,SEDAN,4,0,0,0
2519197,2,F,E,B,SEDAN,3,0,0,0
1963960,4,F,A,D,HBACK,3,0,0,0
771573,6,F,A,D,SEDAN,2,0,0,0
6984113,4,M,C,D,SEDAN,4,0,0,0
1036726,2,F,A,B,HBACK,1,0,0,0
9739355,2,F,A,B,SEDAN,3,0,0,0
2842605,3,F,B,B,STNWG,2,0,0,0
2844994,4,M,C,D,SEDAN,1,0,0,0
1760327,4,M,C,D,STNWG,4,0,0,0
9143926,4,M,C,D,STNWG,4,0,0,0
5344289,5,F,D,D,SEDAN,3,0,0,0
7677295,2,F,C,C,STNWG,1,0,0,0
7899401,3,F,E,B,SEDAN,2,0,0,0
6925338,2,F,A,B,STNWG,1,0,0,0
9976221,3,F,B,B,STNWG,2,0,0,0
6536904,5,M,C,C,STNWG,4,0,0,0
700731,2,M,B,D,UTE,2,0,0,0
406315,4,F,F,B,SEDAN,4,0,0,0
7466866,2,F,C,D,STNWG,3,0,0,0
7179440,3,F,A,D,SEDAN,2,0,0,0
5249208,2,F,A,B,SEDAN,3,0,0,0
6735974,5,F,B,D,SEDAN,2,0,0,0
1253892,5,F,C,D,STNWG,4,0,0,0
6491634,2,M,C,B,HBACK,2,0,0,0
7334270,3,M,E,D,STNWG,3,0,0,0
6594961,4,F,A,D,UTE,3,0,0,0
9197863,3,F,A,B,SEDAN,3,0,0,0
7248876,2,F,D,D,STNWG,4,0,0,0
9062993,6,F,C,D,SEDAN,1,0,0,0
6836590,5,M,C,B,SEDAN,3,0,0,0
2846470,2,F,C,D,SEDAN,2,0,0,0
5475174,3,F,C,C,SEDAN,3,0,0,0
1290648,4,M,C,B,HBACK,1,0,0,0
5064710,4,F,E,B,HBACK,4,0,0,0
199222,3,M,C,D,HBACK,1,0,0,0
4252641,2,F,E,D,STNWG,4,0,0,0
8386439,1,M,D,D,UTE,3,0,0,0
6253158,4,F,D,B,HBACK,2,0,0,0
42445,2,F,B,D,SEDAN,3,0,0,0
8334657,3,M,B,D,SEDAN,4,0,0,0
7870924,2,F,C,B,HBACK,1,0,0,0
6594054,6,M,B,D,SEDAN,2,0,0,0
2001449,3,M,F,D,STNWG,1,0,0,0
9918282,1,F,D,B,HBACK,2,0,0,0
8784038,3,F,C,C,HBACK,2,0,0,0
3577173,3,F,C,B,HBACK,3,0,0,0
3818285,6,M,C,D,SEDAN,3,0,0,0
6403817,1,M,B,B,HBACK,1,1,1,997.4699993
3212115,4,F,C,B,HBACK,3,0,0,0
9027183,3,M,B,D,SEDAN,1,1,1,2403.739998
5453561,5,M,A,D,STNWG,2,0,0,0
9093749,2,F,C,D,SEDAN,3,1,1,2084.349999
8729984,1,M,C,D,STNWG,1,0,0,0
8961338,1,F,A,B,HBACK,1,0,0,0
3492899,4,M,B,B,SEDAN,3,0,0,0
334850,4,F,D,B,SEDAN,2,0,0,0
570131,3,F,C,D,HBACK,2,0,0,0
3072687,3,F,C,D,SEDAN,3,0,0,0
5095746,5,F,C,D,STNWG,3,0,0,0
1736269,4,F,A,D,SEDAN,4,0,0,0
7965466,1,F,C,D,UTE,3,0,0,0
3156637,6,F,B,D,SEDAN,1,0,0,0
5593917,4,F,A,D,STNWG,2,0,0,0
2696613,2,M,C,D,UTE,2,0,0,0
770208,6,M,A,C,SEDAN,4,0,0,0
5487902,6,F,A,B,SEDAN,4,0,0,0
1198017,3,M,F,D,STNWG,3,0,0,0
3149368,5,M,C,C,STNWG,2,1,1,2560.909996
2922706,5,M,A,B,HBACK,4,0,0,0
9834231,4,F,B,D,UTE,2,0,0,0
6033541,4,M,B,D,SEDAN,4,0,0,0
5414019,3,F,A,C,SEDAN,3,0,0,0
9065864,3,M,A,D,SEDAN,2,0,0,0
9679954,6,F,D,C,STNWG,2,0,0,0
6397702,4,M,C,D,SEDAN,2,1,1,1379.289997
8195337,3,M,C,D,SEDAN,2,0,0,0
2595775,6,F,B,D,SEDAN,2,0,0,0
5223822,3,M,A,D,STNWG,3,0,0,0
6229843,4,F,D,B,SEDAN,4,0,0,0
8439334,5,F,C,D,HBACK,2,0,0,0
8086490,6,F,D,D,STNWG,3,0,0,0
7160460,3,M,C,D,SEDAN,3,0,0,0
6260054,2,F,C,C,STNWG,3,0,0,0
141721,3,F,D,D,STNWG,3,0,0,0
5905305,2,M,B,C,COUPE,4,0,0,0
3450001,4,F,C,D,HBACK,2,0,0,0
2354052,3,M,B,D,SEDAN,1,0,0,0
3182107,4,M,B,D,SEDAN,3,0,0,0
7792993,2,M,A,D,STNWG,4,0,0,0
1439142,3,F,D,D,STNWG,2,0,0,0
6859727,4,F,A,D,STNWG,1,0,0,0
5459946,5,F,B,D,HBACK,4,0,0,0
6026775,5,F,D,D,SEDAN,2,1,1,1731.689999
2469990,5,M,E,C,STNWG,3,0,0,0
4480070,2,M,E,D,HDTOP,4,0,0,0
7556957,5,F,D,D,SEDAN,2,0,0,0
625293,3,F,A,D,SEDAN,1,0,0,0
2923301,3,F,B,D,UTE,1,0,0,0
427955,3,F,D,D,STNWG,4,0,0,0
9510237,2,M,B,D,TRUCK,1,1,1,2248.5
2293551,4,F,A,B,HBACK,1,0,0,0
7313558,4,M,F,D,HDTOP,4,0,0,0
2692485,4,M,C,B,SEDAN,3,0,0,0
4656259,4,F,A,C,STNWG,2,0,0,0
4359472,4,M,D,D,SEDAN,1,0,0,0
4569942,1,M,C,D,UTE,2,0,0,0
8903876,1,F,B,D,HBACK,1,0,0,0
5243623,2,F,B,B,SEDAN,4,0,0,0
9627637,4,F,C,D,HBACK,4,1,1,367.7299995
1958410,3,F,E,C,STNWG,1,0,0,0
1163980,2,F,D,D,TRUCK,1,1,1,1697.629997
3047230,4,M,C,D,SEDAN,3,0,0,0
1003179,2,F,C,B,HBACK,2,0,0,0
1018934,1,M,C,D,HBACK,2,0,0,0
3933504,4,M,B,D,TRUCK,4,0,0,0
4179395,1,M,E,D,TRUCK,1,0,0,0
1445381,4,F,A,B,HBACK,1,0,0,0
8319539,4,F,A,D,SEDAN,4,0,0,0
1155076,3,M,A,B,HBACK,1,1,1,322.7799988
8893311,4,F,D,D,SEDAN,2,0,0,0
8080289,5,F,A,D,HBACK,3,0,0,0
2784975,5,F,C,D,SEDAN,3,0,0,0
2568343,5,M,A,D,SEDAN,3,0,0,0
8413572,3,M,A,D,STNWG,2,0,0,0
4588570,3,F,B,D,SEDAN,3,0,0,0
3397065,2,M,C,D,HDTOP,4,0,0,0
623815,5,F,D,C,UTE,1,0,0,0
4954029,3,F,E,D,UTE,2,0,0,0
2422804,6,M,D,D,UTE,4,0,0,0
770559,5,F,A,D,SEDAN,4,0,0,0
6809037,3,F,B,B,STNWG,2,0,0,0
8516754,4,M,A,D,STNWG,4,0,0,0
2357941,2,F,B,B,HBACK,1,0,0,0
684625,3,F,F,C,STNWG,4,1,1,389.9499998
9001448,4,M,A,D,SEDAN,3,1,1,347.04
5096755,2,M,F,C,HDTOP,4,0,0,0
8100198,3,M,C,D,COUPE,4,0,0,0
3080677,5,M,C,D,UTE,1,1,1,1493.949997
3879087,3,F,C,D,SEDAN,3,0,0,0
6923848,5,F,C,D,STNWG,4,0,0,0
6794532,4,F,D,B,SEDAN,2,0,0,0
1800860,2,M,C,D,UTE,1,0,0,0
5220828,4,F,F,C,SEDAN,4,0,0,0
551438,3,F,C,D,UTE,2,0,0,0
8744537,5,F,D,D,STNWG,1,0,0,0
5357659,3,M,B,D,UTE,3,0,0,0
144146,4,F,A,D,SEDAN,2,0,0,0
419778,6,F,B,C,SEDAN,1,0,0,0
1743618,3,F,B,C,STNWG,2,0,0,0
3050867,5,M,C,D,SEDAN,2,0,0,0
7469691,2,F,C,D,SEDAN,1,0,0,0
628591,3,F,C,B,HBACK,3,0,0,0
9779816,6,M,C,B,SEDAN,3,0,0,0
1594159,1,F,E,C,HBACK,2,0,0,0
5791919,2,F,C,B,SEDAN,3,0,0,0
3792874,5,F,C,C,HBACK,4,1,1,270.8499999
6444097,4,F,C,D,SEDAN,4,0,0,0
3533529,5,F,B,C,SEDAN,3,0,0,0
8491614,5,F,D,D,SEDAN,2,0,0,0
1928727,4,M,E,D,STNWG,3,0,0,0
353146,4,M,B,D,SEDAN,4,0,0,0
978797,1,M,B,D,STNWG,3,0,0,0
4282535,3,F,E,B,HBACK,2,0,0,0
7221371,6,M,B,B,SEDAN,3,0,0,0
4935559,4,F,C,B,STNWG,2,0,0,0
3565023,2,F,C,D,HBACK,2,0,0,0
1253900,5,M,B,C,PANVN,4,0,0,0
5438516,3,M,D,D,TRUCK,4,0,0,0
1925268,3,F,B,D,STNWG,2,0,0,0
1425928,2,F,D,B,HBACK,2,0,0,0
6242294,3,M,E,D,STNWG,3,0,0,0
6955685,5,F,A,D,SEDAN,2,0,0,0
5944760,1,F,D,B,SEDAN,3,0,0,0
9796569,4,F,B,D,HBACK,3,1,1,1176.099999
9429233,5,M,C,B,HBACK,2,0,0,0
6032737,6,M,A,D,PANVN,3,0,0,0
6315549,5,M,B,D,SEDAN,3,0,0,0
4683500,5,M,E,B,STNWG,3,0,0,0
3519023,5,F,A,D,MIBUS,4,0,0,0
8333057,4,F,A,B,HBACK,1,0,0,0
8350222,4,M,C,B,SEDAN,3,0,0,0
1961406,4,F,C,D,MCARA,2,0,0,0
5691731,5,M,E,C,TRUCK,1,0,0,0
9303215,5,F,B,B,SEDAN,3,0,0,0
1203532,5,M,C,D,STNWG,4,0,0,0
5935195,3,M,A,A,SEDAN,1,0,0,0
5001331,4,F,B,C,SEDAN,2,0,0,0
9785162,2,F,C,C,STNWG,1,0,0,0
6828013,1,M,E,C,STNWG,4,0,0,0
3980437,6,F,B,D,HBACK,1,1,1,367.7299995
4674947,6,F,E,C,SEDAN,1,0,0,0
8935307,4,M,A,C,COUPE,4,0,0,0
4186284,4,M,A,D,SEDAN,1,0,0,0
9824525,4,F,A,D,STNWG,3,0,0,0
8820518,2,F,C,D,HBACK,3,0,0,0
6658373,2,F,A,C,HBACK,4,0,0,0
2585391,4,M,C,C,UTE,4,0,0,0
1046636,6,F,D,D,SEDAN,1,0,0,0
5968137,4,F,C,D,HBACK,1,1,1,353.77
2955172,4,M,E,D,HBACK,2,0,0,0
9082583,1,F,B,B,HBACK,2,0,0,0
7111055,4,M,B,B,SEDAN,2,0,0,0
4839798,2,F,C,D,HBACK,4,0,0,0
6238842,1,F,B,D,SEDAN,4,0,0,0
8353373,3,F,A,C,STNWG,3,0,0,0
7568583,3,M,B,D,SEDAN,4,0,0,0
7912754,5,F,D,B,HBACK,3,0,0,0
6105425,6,M,D,D,SEDAN,1,0,0,0
5162630,3,M,C,B,HBACK,2,0,0,0
4681953,3,M,C,D,STNWG,1,0,0,0
2422438,4,F,D,D,STNWG,3,0,0,0
555975,2,M,E,D,UTE,4,0,0,0
6229815,3,F,E,D,UTE,3,0,0,0
400800,4,F,D,C,STNWG,4,0,0,0
2956571,4,F,C,D,STNWG,2,0,0,0
4671287,3,M,E,C,SEDAN,3,0,0,0
8347587,4,F,C,B,HBACK,2,0,0,0
4052966,6,F,A,D,HBACK,3,1,1,3403.32
5461993,4,M,A,D,SEDAN,4,0,0,0
6857552,3,F,B,D,SEDAN,2,0,0,0
8911516,2,M,B,C,STNWG,1,0,0,0
7073019,3,F,B,D,STNWG,2,0,0,0
6502130,2,M,E,D,HDTOP,1,0,0,0
4346456,4,M,E,C,UTE,1,0,0,0
9752299,2,M,C,D,STNWG,1,1,1,1264.109997
4000637,4,M,C,B,HBACK,1,0,0,0
5098611,4,F,E,B,HBACK,2,0,0,0
130595,4,M,C,D,SEDAN,3,0,0,0
8156300,6,F,B,B,SEDAN,3,0,0,0
3003704,4,M,D,D,STNWG,4,0,0,0
1735215,4,F,B,D,SEDAN,2,0,0,0
8093406,4,M,D,C,STNWG,2,0,0,0
5311711,3,M,E,C,STNWG,1,0,0,0
5218560,6,F,C,D,SEDAN,3,0,0,0
4613820,3,M,D,C,STNWG,1,0,0,0
2603839,3,F,C,D,STNWG,4,0,0,0
1671539,6,F,A,A,SEDAN,2,0,0,0
3293122,5,M,C,D,SEDAN,4,0,0,0
9681043,2,F,C,D,STNWG,4,0,0,0
9451821,5,M,C,D,STNWG,2,0,0,0
9721247,5,M,C,B,HBACK,1,0,0,0
1442265,4,M,B,C,STNWG,4,0,0,0
9232522,3,F,B,B,HBACK,2,0,0,0
4814556,4,F,B,D,SEDAN,1,0,0,0
9324506,2,F,C,C,SEDAN,3,0,0,0
218837,5,F,C,D,SEDAN,2,0,0,0
788666,2,F,C,D,HBACK,4,0,0,0
7262769,6,M,B,B,HBACK,1,0,0,0
4632174,5,M,E,C,TRUCK,4,0,0,0
1347655,3,F,C,D,SEDAN,1,1,1,903.0699997
9728811,6,M,A,B,SEDAN,1,0,0,0
5062602,2,F,C,D,SEDAN,1,1,1,1679.549999
8404362,2,F,D,B,HBACK,4,0,0,0
6796947,5,F,A,D,HBACK,4,0,0,0
4194471,1,M,D,D,UTE,4,0,0,0
2598245,4,M,C,D,STNWG,3,0,0,0
1255695,4,M,E,D,SEDAN,4,0,0,0
2597489,5,M,B,D,UTE,4,0,0,0
9217234,2,F,B,B,HBACK,1,0,0,0
6594798,5,F,D,D,SEDAN,1,0,0,0
541563,6,F,C,D,SEDAN,2,1,1,200
4442911,5,F,B,D,HBACK,1,1,1,702.4499998
2487784,1,F,C,C,SEDAN,1,1,1,200
4394060,3,M,A,D,HDTOP,1,0,0,0
4175377,2,F,E,B,HBACK,1,0,0,0
918274,1,F,D,B,HBACK,3,0,0,0
9074042,2,F,C,D,SEDAN,2,0,0,0
3867295,5,F,A,D,SEDAN,2,0,0,0
6623105,3,M,A,B,SEDAN,2,0,0,0
8886651,5,F,A,D,SEDAN,2,0,0,0
3157550,3,F,A,D,SEDAN,2,0,0,0
2667074,3,M,A,D,STNWG,1,0,0,0
364823,2,F,C,C,HBACK,4,0,0,0
9982137,2,M,A,B,STNWG,3,0,0,0
667821,2,F,C,D,STNWG,1,1,1,353.77
456583,4,F,B,B,HBACK,1,0,0,0
7516189,3,F,B,D,SEDAN,4,0,0,0
5391993,5,F,E,D,UTE,4,0,0,0
8584138,2,F,C,B,SEDAN,3,0,0,0
1802175,2,M,E,D,HBACK,4,0,0,0
307955,2,F,C,D,STNWG,4,0,0,0
307273,4,M,D,D,UTE,2,0,0,0
6431373,4,F,B,B,SEDAN,3,0,0,0
4424388,4,M,A,B,COUPE,3,1,1,200
5298314,3,F,C,C,STNWG,1,0,0,0
1162120,6,M,B,B,HBACK,4,0,0,0
6190635,5,M,A,D,SEDAN,2,0,0,0
2946368,5,F,A,D,STNWG,2,0,0,0
539933,4,F,D,D,HBACK,1,0,0,0
9413062,3,M,C,C,STNWG,3,1,1,773.6899986
3096699,5,F,C,C,SEDAN,1,0,0,0
7674887,5,F,A,D,SEDAN,1,0,0,0
2054167,4,M,D,D,HBACK,3,0,0,0
6044823,2,F,C,D,HBACK,4,0,0,0
8753075,3,F,C,D,SEDAN,2,0,0,0
3562505,2,F,F,D,SEDAN,2,0,0,0
4069446,5,F,D,B,HBACK,1,0,0,0
9172481,5,M,C,D,SEDAN,4,1,1,718.2099991
1623563,3,F,B,D,SEDAN,4,0,0,0
2979069,3,F,E,D,SEDAN,3,0,0,0
5453070,3,M,D,C,STNWG,4,1,1,527.1299982
2598462,3,F,B,C,SEDAN,4,0,0,0
2721681,5,F,B,B,SEDAN,4,0,0,0
5832440,4,F,B,D,SEDAN,3,1,1,1008.32
5926118,3,M,A,D,STNWG,2,0,0,0
8624512,5,M,B,C,UTE,1,0,0,0
4541916,2,M,C,D,SEDAN,4,0,0,0
9285773,3,F,B,D,SEDAN,3,0,0,0
439208,3,M,B,B,HBACK,1,0,0,0
2526046,3,F,C,B,SEDAN,1,0,0,0
2374002,3,F,C,D,STNWG,4,0,0,0
1442615,5,F,B,B,SEDAN,1,0,0,0
410072,4,M,F,D,UTE,3,0,0,0
35213,1,M,C,C,SEDAN,1,0,0,0
7396768,3,F,C,D,STNWG,4,0,0,0
7306303,1,M,A,C,UTE,1,1,1,384.5
3631676,3,M,C,B,HBACK,2,0,0,0
8871108,4,M,B,D,SEDAN,2,0,0,0
4225086,4,F,B,B,HBACK,1,0,0,0
5174018,6,F,B,D,HBACK,4,0,0,0
5840846,5,F,A,D,SEDAN,3,0,0,0
4105435,2,F,A,B,HBACK,2,0,0,0
7243753,3,F,A,C,STNWG,2,0,0,0
4916992,2,F,B,C,HBACK,4,0,0,0
6130314,5,M,D,C,STNWG,1,0,0,0
5886539,3,M,E,D,STNWG,2,0,0,0
4743479,4,F,C,D,SEDAN,3,0,0,0
305453,2,F,B,D,HBACK,4,0,0,0
6425517,2,F,B,D,SEDAN,2,0,0,0
8397122,3,M,C,A,SEDAN,4,0,0,0
7408559,3,F,B,D,STNWG,1,0,0,0
7975327,4,M,A,D,SEDAN,2,0,0,0
3998263,2,F,C,C,SEDAN,3,0,0,0
4275211,3,F,C,D,HBACK,1,0,0,0
5155343,1,M,C,D,STNWG,3,0,0,0
7781457,2,F,B,D,HBACK,2,0,0,0
6792893,6,F,B,C,HBACK,4,0,0,0
9085212,3,F,B,B,SEDAN,4,0,0,0
6053734,6,M,A,D,HBACK,2,0,0,0
2427579,2,M,D,C,TRUCK,4,0,0,0
488377,4,F,A,D,STNWG,1,0,0,0
3273058,5,F,D,D,STNWG,1,0,0,0
1807915,2,F,B,B,SEDAN,3,0,0,0
3940868,2,M,F,D,TRUCK,3,0,0,0
9529862,4,F,A,D,HBACK,2,0,0,0
8093083,6,F,C,D,HBACK,3,0,0,0
7594127,4,M,B,D,HBACK,3,0,0,0
5519771,1,F,B,D,SEDAN,3,0,0,0
2806090,3,M,F,D,STNWG,2,0,0,0
2982040,1,F,D,C,SEDAN,4,0,0,0
8365412,5,M,E,D,MCARA,3,0,0,0
7878287,2,F,F,D,HBACK,2,0,0,0
5804459,5,M,D,D,SEDAN,1,0,0,0
2319873,5,M,E,D,TRUCK,2,0,0,0
1685318,5,M,B,C,STNWG,1,0,0,0
5217902,3,F,B,D,HBACK,2,0,0,0
3394047,1,F,B,D,HBACK,3,0,0,0
5888603,5,M,D,C,STNWG,1,0,0,0
8073313,4,M,C,D,TRUCK,4,0,0,0
126028,5,M,A,C,SEDAN,4,0,0,0
7505741,6,F,A,D,SEDAN,2,0,0,0
3404237,2,M,A,D,SEDAN,1,1,2,2888.809994
689049,5,F,C,B,SEDAN,2,0,0,0
2665420,3,M,A,D,SEDAN,4,0,0,0
6864787,5,F,B,B,SEDAN,2,0,0,0
1274726,3,M,C,D,STNWG,2,0,0,0
3727059,5,F,D,A,SEDAN,3,0,0,0
6438450,2,F,A,B,SEDAN,3,1,1,200
2181376,2,F,C,D,HBACK,2,0,0,0
6426026,2,M,F,D,UTE,4,0,0,0
2725112,6,M,A,D,STNWG,1,0,0,0
5984959,5,F,C,D,SEDAN,2,0,0,0
9308685,1,M,C,C,STNWG,4,0,0,0
8366878,3,M,C,C,SEDAN,2,0,0,0
54441,5,M,F,D,TRUCK,3,0,0,0
2184823,1,F,B,B,SEDAN,3,1,1,2312.789993
8464923,4,M,B,D,SEDAN,4,1,1,3953.069992
8179961,2,M,E,D,SEDAN,4,0,0,0
7789171,4,M,E,D,SEDAN,3,0,0,0
7476340,3,F,C,B,HBACK,2,1,1,353.77
7872651,2,F,A,D,HDTOP,3,0,0,0
5865296,6,F,A,D,HBACK,2,0,0,0
4862394,2,M,E,D,STNWG,4,0,0,0
8665072,2,F,D,D,SEDAN,3,0,0,0
8157971,6,M,A,B,SEDAN,3,0,0,0
2922935,1,M,B,C,STNWG,1,0,0,0
1273995,3,F,C,D,STNWG,4,0,0,0
3688353,2,F,B,B,HBACK,2,0,0,0
1623803,2,F,A,B,COUPE,3,1,1,2588.899994
1569747,3,M,D,B,HBACK,3,0,0,0
4990172,3,M,B,D,HDTOP,2,0,0,0
3624898,1,F,D,D,HBACK,1,0,0,0
7160310,3,M,B,D,SEDAN,2,0,0,0
7914302,4,M,D,C,STNWG,2,0,0,0
9685767,1,M,D,D,UTE,4,0,0,0
1893931,3,F,C,D,SEDAN,3,0,0,0
6512558,4,M,F,D,UTE,3,0,0,0
4260335,5,F,C,C,HBACK,2,0,0,0
9431848,3,F,B,D,STNWG,2,0,0,0
4683843,5,M,A,C,SEDAN,4,0,0,0
5253447,4,M,F,D,SEDAN,3,0,0,0
5177247,2,F,B,B,SEDAN,2,0,0,0
3114592,3,M,A,C,HBACK,4,0,0,0
2876490,3,F,A,D,STNWG,4,0,0,0
7551871,6,F,A,B,SEDAN,4,0,0,0
8690281,4,F,B,B,HBACK,4,0,0,0
3892860,3,F,D,B,SEDAN,3,0,0,0
3807610,5,M,B,D,MIBUS,3,0,0,0
5716651,1,F,B,D,SEDAN,3,0,0,0
3878201,6,M,C,B,SEDAN,2,0,0,0
6490373,4,M,C,C,SEDAN,3,0,0,0
1719914,3,M,A,D,UTE,3,0,0,0
5182466,4,F,A,D,HBACK,3,0,0,0
2460152,2,F,A,D,STNWG,3,0,0,0
8746238,3,F,E,D,HBACK,2,0,0,0
3982092,3,M,B,D,SEDAN,3,0,0,0
3393944,3,M,F,D,STNWG,2,0,0,0
6230448,3,F,F,C,STNWG,2,0,0,0
2992633,4,F,C,D,BUS,4,0,0,0
9459849,5,F,A,D,STNWG,3,0,0,0
6237910,3,M,C,C,STNWG,1,0,0,0
7509653,2,M,E,B,SEDAN,1,0,0,0
5603394,1,F,B,B,HBACK,3,0,0,0
2054820,6,F,A,D,HBACK,3,0,0,0
5065054,2,F,B,D,UTE,3,0,0,0
6252807,3,M,A,C,UTE,3,0,0,0
7650091,5,F,D,D,STNWG,2,0,0,0
6861332,5,M,B,C,SEDAN,3,0,0,0
7152740,4,M,A,B,SEDAN,3,0,0,0
1210488,3,M,A,D,SEDAN,4,0,0,0
1304802,2,F,A,D,SEDAN,3,0,0,0
1444629,4,F,B,B,HBACK,1,1,1,1710.399998
8076698,5,F,A,D,STNWG,2,0,0,0
166157,2,M,C,D,STNWG,4,0,0,0
6443298,3,M,C,B,SEDAN,3,0,0,0
4350392,6,M,A,D,SEDAN,3,0,0,0
152664,3,M,C,D,HBACK,4,0,0,0
3303936,4,M,A,C,STNWG,3,0,0,0
2856191,3,F,D,D,SEDAN,1,0,0,0
9765953,4,F,C,B,HBACK,3,0,0,0
3385476,5,M,E,D,STNWG,2,0,0,0
9831154,5,F,B,D,HBACK,2,0,0,0
921785,5,M,D,D,STNWG,4,0,0,0
7421666,4,F,D,D,UTE,4,0,0,0
7418110,5,M,A,D,SEDAN,2,0,0,0
1866620,5,M,B,D,SEDAN,4,0,0,0
2346886,3,F,C,B,HBACK,4,0,0,0
1011819,6,F,C,D,SEDAN,3,0,0,0
8811261,5,M,B,D,SEDAN,4,0,0,0
9729985,4,F,B,D,STNWG,2,0,0,0
8146836,3,M,A,C,STNWG,1,0,0,0
214575,2,M,E,C,STNWG,3,1,1,2087.779999
6050126,1,F,B,C,SEDAN,1,0,0,0
9041633,2,M,A,D,STNWG,1,0,0,0
9510344,2,F,C,D,SEDAN,1,0,0,0
2888385,4,M,C,B,HBACK,2,0,0,0
6863393,2,F,E,C,STNWG,3,0,0,0
5867901,2,F,B,D,HBACK,3,0,0,0
6074349,4,M,B,D,UTE,4,0,0,0
1999496,3,M,D,D,HDTOP,4,0,0,0
9539133,2,M,B,B,HBACK,1,0,0,0
4210033,5,M,A,A,SEDAN,1,0,0,0
8460726,5,F,A,D,HBACK,1,1,1,204.5
4505524,1,M,A,B,HBACK,2,0,0,0
1995624,5,M,A,B,HBACK,1,0,0,0
7833802,5,F,C,C,SEDAN,1,0,0,0
6742417,5,F,C,D,STNWG,1,1,2,2056.4
3408980,4,F,A,D,HBACK,4,0,0,0
3011240,2,M,E,C,STNWG,3,0,0,0
988884,4,F,C,D,SEDAN,2,0,0,0
7683494,3,M,B,D,SEDAN,3,0,0,0
6850657,4,M,A,B,HBACK,2,0,0,0
8332699,5,F,C,A,MCARA,2,0,0,0
3924263,5,F,A,D,HBACK,2,0,0,0
7072607,2,F,F,D,HDTOP,4,0,0,0
208047,6,M,C,D,SEDAN,2,0,0,0
8289876,2,F,C,C,SEDAN,2,0,0,0
3113139,4,F,D,D,STNWG,2,0,0,0
7207627,5,F,A,C,SEDAN,4,0,0,0
5322834,6,M,C,D,STNWG,2,0,0,0
8760048,3,F,A,D,HBACK,2,0,0,0
7835194,1,M,C,D,SEDAN,4,0,0,0
685210,6,M,A,D,SEDAN,2,0,0,0
2050352,5,M,D,D,SEDAN,4,0,0,0
3871715,4,M,C,D,STNWG,2,0,0,0
3823439,3,F,C,B,HBACK,1,0,0,0
7785154,2,F,A,D,SEDAN,3,0,0,0
541397,4,M,A,D,SEDAN,4,0,0,0
7018215,4,F,C,B,HBACK,1,0,0,0
4295560,3,F,F,B,SEDAN,3,0,0,0
9867803,6,F,A,D,HBACK,3,0,0,0
7402144,6,M,C,C,SEDAN,4,0,0,0
2065317,5,M,C,D,STNWG,2,0,0,0
4675183,4,M,C,D,HBACK,3,0,0,0
3202733,5,M,C,C,STNWG,4,0,0,0
3170206,4,F,D,C,STNWG,4,0,0,0
967220,3,F,A,B,SEDAN,2,0,0,0
8186183,2,F,B,D,SEDAN,3,0,0,0
4722240,2,F,C,B,STNWG,3,0,0,0
9482789,4,F,D,D,UTE,4,0,0,0
359230,5,M,A,D,UTE,2,0,0,0
6200721,3,F,D,C,TRUCK,3,0,0,0
8098812,4,F,B,D,SEDAN,4,0,0,0
3539130,1,F,B,D,SEDAN,4,0,0,0
3490767,2,F,A,D,HBACK,2,1,1,6127.969986
2507086,1,M,B,C,STNWG,4,0,0,0
2599703,5,F,A,D,HBACK,3,0,0,0
8072640,3,M,B,D,HBACK,4,0,0,0
4616124,6,M,B,D,SEDAN,4,0,0,0
1674174,2,F,B,D,UTE,1,0,0,0
1925678,3,F,B,D,SEDAN,1,0,0,0
7571036,3,M,F,D,UTE,2,0,0,0
3151612,2,M,D,C,STNWG,3,0,0,0
6939578,5,F,C,C,STNWG,3,0,0,0
9103785,4,M,B,C,SEDAN,4,0,0,0
6492402,3,F,B,C,SEDAN,3,0,0,0
5078242,3,F,C,D,STNWG,4,0,0,0
409195,4,M,A,D,STNWG,4,0,0,0
5800819,6,M,C,D,HBACK,2,0,0,0
5606092,6,M,B,D,TRUCK,4,0,0,0
1235997,5,F,F,D,SEDAN,1,0,0,0
1372024,3,M,D,D,UTE,4,0,0,0
9839830,5,F,C,D,STNWG,2,0,0,0
8652555,5,F,C,D,STNWG,3,0,0,0
3931339,3,M,C,D,HBACK,4,0,0,0
2830068,3,F,C,B,HBACK,4,0,0,0
2374120,4,F,B,D,HBACK,2,0,0,0
6836992,3,F,C,C,SEDAN,4,0,0,0
1280386,4,F,C,D,UTE,1,0,0,0
6474014,4,F,E,D,TRUCK,1,0,0,0
2280505,2,F,C,D,HBACK,2,0,0,0
3346651,2,F,A,D,HBACK,1,0,0,0
4662750,1,M,A,D,STNWG,4,0,0,0
5780714,2,M,C,D,UTE,3,0,0,0
89648,3,F,D,B,HBACK,3,0,0,0
9360838,3,F,C,D,SEDAN,2,0,0,0
3991149,4,M,A,B,HBACK,2,0,0,0
1086291,3,F,C,C,UTE,1,0,0,0
7612089,5,M,A,C,HBACK,4,0,0,0
515357,2,F,C,B,HBACK,3,0,0,0
1068511,2,M,D,D,UTE,3,0,0,0
1992311,3,F,A,D,SEDAN,3,0,0,0
2751474,6,F,A,D,SEDAN,3,1,1,3154.57
3875881,3,F,C,B,HBACK,3,0,0,0
5391138,5,F,C,D,SEDAN,1,0,0,0
2493800,3,M,C,D,SEDAN,3,0,0,0
5295636,2,M,C,D,STNWG,3,0,0,0
901252,6,F,C,D,SEDAN,1,1,1,2958.729996
7089853,2,F,B,D,HBACK,4,0,0,0
3786115,5,M,C,A,MCARA,3,0,0,0
9659076,1,F,A,D,STNWG,3,0,0,0
4875430,5,F,D,D,SEDAN,2,0,0,0
5883655,1,F,B,D,HBACK,3,0,0,0
6468545,3,F,A,D,SEDAN,4,0,0,0
3824355,3,F,C,D,SEDAN,2,0,0,0
9634698,1,F,B,D,UTE,2,0,0,0
8202353,4,F,A,D,STNWG,3,1,1,1535.66
4917896,3,F,C,B,STNWG,1,0,0,0
5321277,4,M,E,D,HBACK,2,0,0,0
271065,1,M,A,D,STNWG,4,0,0,0
1006792,1,F,C,B,HBACK,1,0,0,0
811701,4,M,B,D,SEDAN,4,0,0,0
3484735,3,F,B,D,SEDAN,3,0,0,0
6489713,4,F,B,D,HBACK,1,0,0,0
4268812,1,F,D,D,SEDAN,1,0,0,0
4683729,5,M,A,D,HBACK,4,1,1,406.3599997
3594135,3,M,C,D,SEDAN,4,0,0,0
8107357,3,F,A,D,STNWG,4,1,1,353.77
9043065,2,F,C,D,STNWG,3,0,0,0
6337654,1,F,A,B,SEDAN,3,0,0,0
9779650,4,F,C,D,SEDAN,2,0,0,0
8654304,4,F,A,D,HBACK,3,0,0,0
858008,4,F,B,D,SEDAN,4,0,0,0
3040323,3,F,C,B,HBACK,1,0,0,0
6596379,4,F,B,D,SEDAN,4,0,0,0
6321524,3,M,C,B,HBACK,1,0,0,0
5839374,6,F,A,B,SEDAN,3,0,0,0
2211856,4,M,B,D,SEDAN,3,0,0,0
4943501,3,M,C,D,PANVN,4,0,0,0
9974854,5,F,B,C,SEDAN,3,0,0,0
7400813,1,M,C,D,UTE,1,0,0,0
4390407,3,F,B,D,MIBUS,4,0,0,0
5287407,2,M,B,B,HBACK,3,0,0,0
7934229,4,F,D,B,STNWG,1,0,0,0
306512,2,F,B,D,HBACK,2,0,0,0
78126,4,M,B,D,HBACK,4,0,0,0
6576549,3,M,D,C,STNWG,2,0,0,0
3823071,3,M,A,B,SEDAN,2,0,0,0
8094076,2,F,D,C,SEDAN,3,0,0,0
3489102,3,M,F,B,HBACK,1,0,0,0
308727,3,M,C,D,HBACK,4,0,0,0
1268096,4,M,C,C,HBACK,2,0,0,0
4510570,2,M,B,D,UTE,4,0,0,0
7511213,1,M,D,D,TRUCK,2,0,0,0
9147795,3,F,C,D,SEDAN,2,0,0,0
4629135,4,F,B,C,SEDAN,4,1,1,2804.959999
1573174,6,F,A,D,SEDAN,3,0,0,0
6677154,4,F,B,D,SEDAN,2,0,0,0
6467044,4,F,D,D,STNWG,3,1,1,200
7198326,2,F,A,D,HBACK,3,0,0,0
2895554,2,M,A,D,HBACK,2,0,0,0
2519445,5,F,A,D,HDTOP,2,0,0,0
1432197,3,F,A,D,STNWG,3,0,0,0
1568660,2,F,D,D,SEDAN,1,0,0,0
7737401,5,M,C,D,SEDAN,1,0,0,0
6136911,2,F,E,C,STNWG,2,0,0,0
9430130,3,M,A,D,STNWG,4,0,0,0
4603584,3,F,A,D,HBACK,2,0,0,0
8392755,3,F,A,D,SEDAN,4,0,0,0
6475029,5,F,C,D,SEDAN,1,0,0,0
6328887,5,M,C,A,SEDAN,2,0,0,0
1934685,4,F,C,D,SEDAN,2,0,0,0
3812882,1,M,C,D,STNWG,3,1,1,367.7299995
4351617,3,M,D,D,UTE,1,0,0,0
1800553,3,F,A,C,STNWG,4,0,0,0
5886933,3,F,C,D,HBACK,3,0,0,0
9956435,3,M,A,D,HBACK,2,0,0,0
2384875,4,M,A,D,STNWG,4,0,0,0
47297,3,F,D,B,SEDAN,3,1,1,353.77
5884210,4,M,C,C,HBACK,4,0,0,0
6959661,4,F,C,B,HBACK,2,0,0,0
2729391,5,M,F,C,STNWG,3,0,0,0
2925937,4,M,E,D,SEDAN,4,0,0,0
4118902,4,F,B,B,SEDAN,4,0,0,0
3120216,3,F,B,D,SEDAN,4,1,2,10884.11997
9727231,5,F,A,D,SEDAN,4,0,0,0
8313734,4,F,C,B,HBACK,1,1,1,5284.969986
7492769,3,F,E,D,SEDAN,2,0,0,0
2965481,3,M,C,C,HBACK,4,0,0,0
5835172,4,F,E,C,SEDAN,3,0,0,0
2456372,1,M,A,B,HBACK,3,0,0,0
4911513,2,M,F,D,STNWG,3,0,0,0
6031405,6,M,B,B,SEDAN,3,0,0,0
6857079,3,F,B,D,HDTOP,3,0,0,0
4948051,2,M,B,C,SEDAN,1,0,0,0
715102,5,F,B,B,HBACK,2,0,0,0
584437,4,F,B,D,HBACK,2,0,0,0
5028841,5,M,D,B,SEDAN,1,0,0,0
951794,5,M,B,D,HBACK,4,0,0,0
5432057,6,F,A,D,SEDAN,1,0,0,0
2689860,3,M,C,B,HBACK,4,0,0,0
5773096,4,F,B,D,HBACK,3,0,0,0
8193576,2,F,C,D,HDTOP,3,0,0,0
7738996,1,F,B,C,SEDAN,1,0,0,0
3932898,5,F,D,D,STNWG,3,0,0,0
4128443,2,M,C,D,SEDAN,2,0,0,0
5988619,3,M,E,D,STNWG,4,0,0,0
7258402,2,F,D,C,STNWG,4,0,0,0
3904404,3,M,C,C,HBACK,4,0,0,0
1307087,2,F,A,B,HBACK,3,0,0,0
6266737,2,F,E,D,STNWG,2,0,0,0
232243,3,F,F,D,SEDAN,4,0,0,0
6289224,3,F,C,B,HBACK,4,1,1,7769.689987
779616,3,F,C,B,SEDAN,3,0,0,0
2264940,5,F,F,D,STNWG,3,0,0,0
6799796,6,F,E,C,SEDAN,4,0,0,0
5460839,6,F,C,D,SEDAN,2,0,0,0
4022976,1,M,C,C,UTE,4,0,0,0
4024891,6,M,B,C,SEDAN,3,0,0,0
1346554,3,F,D,D,HBACK,1,0,0,0
9394916,3,F,C,D,SEDAN,2,0,0,0
3565354,6,F,D,D,HBACK,4,0,0,0
6863195,3,M,B,D,STNWG,4,0,0,0
6309534,5,M,B,A,PANVN,2,0,0,0
4390285,2,F,C,C,STNWG,2,0,0,0
1019758,2,F,B,C,STNWG,3,0,0,0
1801165,6,M,A,C,HBACK,3,0,0,0
3045594,5,M,A,D,MCARA,3,0,0,0
5451790,6,F,E,D,HBACK,4,0,0,0
703652,2,M,B,C,STNWG,4,0,0,0
4593563,3,F,A,C,STNWG,3,0,0,0
7559526,4,F,C,D,HBACK,3,0,0,0
8696114,3,F,D,D,SEDAN,2,0,0,0
8675976,5,M,E,D,STNWG,4,0,0,0
8241318,2,M,B,D,UTE,3,0,0,0
9278553,4,F,D,B,SEDAN,4,0,0,0
8307983,2,M,F,D,STNWG,3,0,0,0
5890855,1,M,B,D,STNWG,4,0,0,0
1925252,6,F,A,D,HBACK,3,0,0,0
1305752,6,M,B,B,HBACK,4,0,0,0
773238,2,F,A,B,HBACK,2,0,0,0
6157989,3,M,A,D,HDTOP,4,0,0,0
4543482,4,M,B,D,MIBUS,4,0,0,0
1265996,4,M,F,D,STNWG,4,0,0,0
2386058,4,M,A,D,STNWG,2,0,0,0
4463652,1,F,C,B,HBACK,2,0,0,0
7249070,1,M,B,D,UTE,2,0,0,0
6745356,2,F,E,D,SEDAN,2,0,0,0
3746790,4,F,D,C,TRUCK,2,1,1,353.77
3004658,6,M,C,D,STNWG,4,0,0,0
167462,6,M,A,D,SEDAN,4,0,0,0
6409831,2,F,D,D,STNWG,2,0,0,0
5405014,3,M,C,D,HBACK,3,0,0,0
1121824,4,M,E,D,STNWG,4,1,1,519.5499992
283415,4,F,B,D,STNWG,4,0,0,0
3333675,3,F,C,D,STNWG,1,0,0,0
6076310,3,M,B,C,UTE,1,0,0,0
2177576,5,F,C,D,HBACK,4,0,0,0
2352066,5,M,B,B,SEDAN,3,0,0,0
8654663,6,M,C,D,SEDAN,3,0,0,0
9054245,2,F,D,C,UTE,4,0,0,0
7177829,4,F,C,B,HBACK,1,0,0,0
838310,3,F,C,D,HBACK,4,0,0,0
4323427,4,F,C,D,HBACK,2,0,0,0
1374619,2,M,C,D,HDTOP,3,0,0,0
486329,4,F,D,D,SEDAN,2,1,1,1785.739998
6247653,5,F,C,B,STNWG,2,0,0,0
804067,3,F,D,D,SEDAN,3,0,0,0
6880869,3,F,C,C,HBACK,2,0,0,0
2746378,4,M,D,D,UTE,4,0,0,0
8746517,2,F,A,D,SEDAN,4,0,0,0
1264248,4,F,B,D,SEDAN,4,0,0,0
5579685,3,M,B,D,HBACK,1,0,0,0
7708845,3,F,A,D,STNWG,4,0,0,0
8476956,3,F,C,D,SEDAN,4,0,0,0
4058301,6,M,C,D,SEDAN,4,0,0,0
5979692,4,M,C,C,SEDAN,4,0,0,0
2554932,5,M,B,C,STNWG,2,0,0,0
2799433,2,F,C,D,SEDAN,2,0,0,0
3819600,2,M,E,B,SEDAN,3,0,0,0
8741277,4,M,C,D,SEDAN,1,0,0,0
5591865,4,F,A,B,HBACK,4,0,0,0
4992318,4,F,A,C,COUPE,4,0,0,0
6219197,1,F,A,B,HBACK,2,0,0,0
4737039,5,F,C,B,HBACK,3,0,0,0
6519721,3,F,A,D,STNWG,1,0,0,0
7424116,6,F,C,C,STNWG,3,0,0,0
6010644,3,M,B,D,PANVN,4,0,0,0
4673773,3,F,A,D,SEDAN,3,0,0,0
8168836,2,F,C,D,STNWG,3,1,1,200
6238666,4,F,C,B,STNWG,2,0,0,0
778647,5,M,A,D,SEDAN,3,0,0,0
9441250,5,F,E,B,HBACK,2,0,0,0
4391630,2,M,A,D,UTE,2,0,0,0
2177784,1,M,B,D,TRUCK,1,0,0,0
7551800,3,F,D,B,STNWG,2,0,0,0
1046559,4,M,B,C,SEDAN,4,0,0,0
3901665,4,M,A,B,SEDAN,2,0,0,0
7124687,2,M,B,D,HBACK,2,0,0,0
539971,5,F,B,D,SEDAN,4,0,0,0
9416900,5,F,A,D,HBACK,2,0,0,0
6596721,4,M,B,D,HBACK,3,1,1,2034.54546
4766390,3,F,C,B,SEDAN,3,0,0,0
8791597,4,M,C,B,SEDAN,3,0,0,0
6493301,2,M,C,C,COUPE,4,0,0,0
3434556,4,F,C,D,SEDAN,2,0,0,0
520175,6,M,C,D,SEDAN,3,0,0,0
318465,2,F,A,C,SEDAN,1,0,0,0
4298475,4,F,A,D,HBACK,4,0,0,0
8616889,4,M,C,D,HBACK,2,0,0,0
7418934,3,F,F,C,STNWG,3,0,0,0
1258599,5,F,B,D,HBACK,1,0,0,0
2853052,3,M,C,C,TRUCK,2,0,0,0
7186216,4,M,C,D,SEDAN,2,0,0,0
6386215,6,M,A,C,HBACK,4,0,0,0
2428203,3,M,A,B,COUPE,2,0,0,0
5336085,5,M,F,D,STNWG,3,0,0,0
8519492,4,F,C,C,STNWG,2,1,1,274.7199996
3892384,4,M,D,D,UTE,3,0,0,0
5402713,1,F,C,D,STNWG,1,0,0,0
8952963,5,F,A,D,HDTOP,2,0,0,0
2039503,4,F,D,A,HBACK,2,0,0,0
6676368,2,M,B,D,UTE,4,0,0,0
841326,4,M,C,D,SEDAN,4,0,0,0
7533823,4,F,A,D,SEDAN,2,1,1,597.8799992
2292522,4,F,C,D,SEDAN,2,0,0,0
9868236,3,M,C,D,SEDAN,2,0,0,0
7697662,2,M,F,D,STNWG,4,0,0,0
5461181,6,F,C,D,STNWG,3,1,1,963.0199986
1598864,2,F,A,D,HBACK,2,0,0,0
4798483,2,F,B,D,STNWG,3,0,0,0
4971787,2,M,B,C,SEDAN,2,0,0,0
9721621,4,M,E,C,STNWG,1,0,0,0
9326692,3,M,B,C,HBACK,4,0,0,0
9195169,5,M,C,D,TRUCK,4,0,0,0
1638136,3,M,C,B,SEDAN,3,0,0,0
6534954,6,F,A,D,HBACK,1,0,0,0
9326282,5,F,B,B,HBACK,1,0,0,0
2598139,5,F,D,C,SEDAN,4,0,0,0
9719331,1,F,B,D,SEDAN,4,0,0,0
809852,2,M,F,C,TRUCK,2,0,0,0
5219927,2,M,D,C,STNWG,2,0,0,0
5027970,3,F,C,D,SEDAN,1,1,1,369.1499996
199216,4,M,C,D,TRUCK,1,0,0,0
3907761,4,F,C,B,HBACK,2,0,0,0
3603765,3,F,A,D,HBACK,4,0,0,0
4742135,2,F,D,B,HBACK,3,0,0,0
5887090,6,M,A,C,COUPE,2,0,0,0
2491163,5,M,C,D,SEDAN,4,0,0,0
2833192,2,F,C,D,SEDAN,1,0,0,0
680221,4,F,A,D,HBACK,3,0,0,0
484113,3,M,D,D,STNWG,4,0,0,0
5962893,4,F,F,D,SEDAN,3,0,0,0
3044543,3,F,A,D,UTE,2,0,0,0
6604619,2,F,F,D,SEDAN,3,0,0,0
6506632,3,M,A,C,STNWG,4,0,0,0
4681392,2,M,A,D,MIBUS,4,1,1,778.039999
2733784,2,F,A,D,HBACK,1,0,0,0
3874080,6,F,D,D,HBACK,3,0,0,0
5312846,3,M,C,D,SEDAN,4,0,0,0
5329098,4,M,B,D,STNWG,4,1,1,367.7299995
2338511,3,M,C,B,STNWG,2,0,0,0
4262711,3,M,C,D,STNWG,4,0,0,0
6829230,2,F,C,B,SEDAN,3,0,0,0
5264737,2,F,A,B,SEDAN,2,0,0,0
2874580,2,M,C,B,SEDAN,2,0,0,0
9914004,3,F,C,B,SEDAN,2,0,0,0
7684201,4,M,B,D,STNWG,4,0,0,0
1296238,5,M,C,C,STNWG,2,0,0,0
1672788,3,M,A,B,SEDAN,2,0,0,0
9615126,1,F,B,D,HBACK,2,0,0,0
9259453,1,F,A,B,HBACK,2,0,0,0
5346653,5,F,C,D,HBACK,3,0,0,0
8860274,1,F,B,A,PANVN,1,0,0,0
7509539,2,F,E,C,STNWG,3,0,0,0
7451486,2,M,B,D,COUPE,4,0,0,0
4546853,4,F,D,C,STNWG,1,0,0,0
1311961,2,F,A,C,SEDAN,4,0,0,0
1512130,4,M,A,B,HBACK,3,0,0,0
7169697,1,M,A,D,STNWG,4,0,0,0
7544860,3,F,D,A,SEDAN,3,0,0,0
2263572,2,M,A,C,STNWG,4,0,0,0
1445109,3,M,C,D,PANVN,4,0,0,0
531241,6,F,A,D,STNWG,3,0,0,0
2991624,6,F,D,B,HBACK,1,0,0,0
44096,4,F,A,D,SEDAN,4,0,0,0
5566371,4,M,E,D,SEDAN,4,0,0,0
293319,4,F,C,D,HBACK,2,0,0,0
9502824,2,M,F,D,STNWG,3,0,0,0
7932858,3,F,F,D,STNWG,3,1,1,1151.689999
6216750,4,M,B,B,HBACK,4,0,0,0
9984020,2,M,C,B,HBACK,2,0,0,0
4553254,3,M,C,D,STNWG,4,0,0,0
2906374,2,F,C,D,SEDAN,4,0,0,0
3844778,2,F,E,D,UTE,3,0,0,0
9457427,1,F,B,B,HBACK,2,0,0,0
1793891,2,F,A,D,SEDAN,3,0,0,0
6525687,5,M,E,C,STNWG,2,0,0,0
3933670,6,F,C,B,HBACK,4,0,0,0
3905029,5,M,B,C,STNWG,3,0,0,0
2060180,6,F,C,C,STNWG,4,0,0,0
9817177,4,F,B,D,SEDAN,4,0,0,0
8592990,3,M,D,C,STNWG,1,1,1,386.0499997
1754419,2,F,A,D,HBACK,1,0,0,0
3668177,2,F,C,D,MIBUS,4,0,0,0
2735232,4,M,C,D,STNWG,3,0,0,0
6835041,1,M,B,D,STNWG,4,0,0,0
5496979,4,M,C,D,SEDAN,2,0,0,0
8078798,5,F,D,D,STNWG,1,0,0,0
5237786,4,F,C,D,HBACK,4,0,0,0
6196573,6,F,B,D,SEDAN,2,0,0,0
954871,3,F,A,D,STNWG,4,0,0,0
1744732,3,F,C,C,STNWG,2,0,0,0
8395588,5,M,E,C,STNWG,1,0,0,0
3705865,6,M,A,D,SEDAN,2,0,0,0
9729950,5,F,A,D,STNWG,1,0,0,0
7912395,4,M,B,D,SEDAN,2,0,0,0
9188092,4,F,B,D,SEDAN,4,0,0,0
269732,2,F,C,D,HBACK,1,0,0,0
1319058,4,F,B,D,TRUCK,1,0,0,0
1245536,6,F,E,D,SEDAN,4,0,0,0
7708613,2,F,A,B,HBACK,2,0,0,0
1150644,2,M,B,D,UTE,4,0,0,0
7787544,5,M,B,D,STNWG,4,0,0,0
2064084,5,F,C,B,SEDAN,2,0,0,0
2165052,1,F,C,C,HBACK,3,0,0,0
1078692,3,F,D,D,STNWG,2,0,0,0
584453,4,F,B,D,SEDAN,2,0,0,0
6769965,2,F,C,B,HBACK,2,0,0,0
6032518,5,F,A,D,SEDAN,3,0,0,0
2048329,3,F,D,D,STNWG,3,0,0,0
6221268,4,F,B,D,HBACK,2,0,0,0
2885650,2,M,C,D,STNWG,2,0,0,0
315127,5,M,E,C,HBACK,4,0,0,0
104420,5,F,A,C,HBACK,4,0,0,0
453879,2,F,C,B,HBACK,1,0,0,0
4001479,5,M,C,B,HBACK,3,0,0,0
4060746,4,M,A,C,TRUCK,2,0,0,0
180235,2,M,C,D,SEDAN,3,0,0,0
9976489,6,F,C,D,SEDAN,4,0,0,0
5597671,3,M,E,D,UTE,4,0,0,0
6021302,3,M,C,D,STNWG,4,0,0,0
799220,4,M,A,D,STNWG,1,0,0,0
7260009,5,F,B,D,SEDAN,2,0,0,0
2103904,5,M,D,C,STNWG,1,0,0,0
4729319,5,M,E,C,STNWG,1,0,0,0
410403,1,F,C,D,HDTOP,4,1,1,353.77
8144069,5,M,C,D,SEDAN,3,0,0,0
3290195,6,M,C,B,HBACK,4,0,0,0
7201836,2,M,F,D,STNWG,3,0,0,0
8123499,4,M,A,D,SEDAN,3,0,0,0
7120446,4,F,C,C,STNWG,2,0,0,0
201020,6,M,C,D,SEDAN,1,0,0,0
6846270,6,M,B,D,SEDAN,4,0,0,0
9004212,3,F,C,B,STNWG,1,0,0,0
7565384,3,M,F,D,STNWG,3,0,0,0
2534228,2,F,D,B,HBACK,3,0,0,0
275553,4,M,F,B,STNWG,1,0,0,0
897740,4,M,C,D,MIBUS,4,0,0,0
9648608,3,F,C,D,SEDAN,4,0,0,0
8968356,4,M,E,C,STNWG,3,0,0,0
3877441,5,M,A,D,TRUCK,1,0,0,0
2807088,2,F,A,D,STNWG,1,0,0,0
5514520,5,F,D,B,HBACK,3,1,1,3114.219994
3197918,2,F,C,D,SEDAN,2,0,0,0
7716558,4,M,B,D,STNWG,4,0,0,0
6049381,4,M,F,B,SEDAN,3,0,0,0
2850277,4,F,C,C,SEDAN,3,0,0,0
8744130,4,M,A,D,STNWG,4,1,1,395.4499998
7543110,6,M,E,B,HBACK,4,0,0,0
4547145,5,F,C,D,SEDAN,2,0,0,0
621259,5,M,B,B,HBACK,3,0,0,0
5895283,3,M,D,C,TRUCK,4,0,0,0
4551040,3,F,A,D,STNWG,3,1,1,1417.272724
8218541,1,F,B,D,STNWG,3,0,0,0
9866676,3,M,B,C,STNWG,3,0,0,0
7889854,2,F,C,D,HBACK,2,0,0,0
4135985,1,F,B,D,SEDAN,2,1,1,200
8565236,3,F,B,B,HBACK,2,0,0,0
5213572,5,F,D,D,SEDAN,4,0,0,0
4353150,5,M,C,D,SEDAN,2,0,0,0
5086435,2,F,C,D,SEDAN,3,0,0,0
7138884,4,F,B,B,HBACK,4,0,0,0
7185607,5,F,A,C,UTE,3,0,0,0
6851035,3,F,B,D,SEDAN,4,0,0,0
7376129,3,M,C,C,SEDAN,1,0,0,0
8078226,2,F,D,B,SEDAN,2,0,0,0
1982936,4,F,A,D,HBACK,4,0,0,0
865953,3,F,B,C,HBACK,4,0,0,0
4549997,4,M,B,B,HBACK,4,0,0,0
6466738,6,M,C,D,SEDAN,2,0,0,0
6078028,6,F,C,D,SEDAN,4,0,0,0
4947454,1,F,D,B,SEDAN,3,0,0,0
7405139,5,M,B,D,SEDAN,1,0,0,0
7176514,4,M,C,C,SEDAN,1,0,0,0
4000636,5,M,A,B,SEDAN,4,0,0,0
454790,5,F,B,D,HBACK,2,0,0,0
745346,1,F,C,D,HBACK,2,0,0,0
3303703,3,F,E,D,SEDAN,2,0,0,0
6790511,4,M,C,C,HBACK,4,0,0,0
9801106,2,M,C,B,SEDAN,2,0,0,0
9996998,1,F,D,D,SEDAN,3,0,0,0
3998112,4,F,A,B,HBACK,3,0,0,0
9143418,5,F,A,D,SEDAN,2,0,0,0
1201617,5,F,C,D,SEDAN,3,1,1,642.4499998
944593,2,M,B,C,SEDAN,1,0,0,0
5931416,6,M,E,D,SEDAN,2,0,0,0
3921829,4,F,A,B,SEDAN,3,0,0,0
1521049,3,F,D,D,SEDAN,2,0,0,0
1502791,3,F,C,B,HBACK,4,0,0,0
8753580,6,M,B,D,SEDAN,4,1,1,4878.179993
3307301,1,M,A,B,HBACK,1,0,0,0
8406584,2,F,B,D,HBACK,4,0,0,0
8562234,2,M,B,D,STNWG,4,0,0,0
5489030,3,F,D,B,SEDAN,3,0,0,0
3302369,4,M,A,B,SEDAN,1,0,0,0
9335419,5,M,A,D,SEDAN,2,1,1,330.8399983
4071650,2,M,A,D,SEDAN,3,0,0,0
4943773,6,F,B,B,SEDAN,3,0,0,0
8250742,3,F,C,D,SEDAN,2,1,1,200
9073813,6,F,D,D,HBACK,2,0,0,0
6934998,2,F,F,D,STNWG,3,1,1,353.77
6986434,2,F,B,B,HBACK,1,0,0,0
7404453,5,M,B,C,STNWG,3,0,0,0
2747899,2,F,B,B,HBACK,2,0,0,0
4363405,4,F,C,B,STNWG,1,0,0,0
9942172,4,F,F,D,STNWG,2,0,0,0
2447115,2,F,C,B,HBACK,2,0,0,0
6400862,3,F,A,D,SEDAN,2,0,0,0
5453054,4,F,A,B,HBACK,2,0,0,0
8382559,2,F,A,D,STNWG,4,1,1,435.9099999
4334702,5,F,C,C,HBACK,4,0,0,0
5401478,5,F,C,C,SEDAN,1,0,0,0
3116353,6,F,C,D,HBACK,3,0,0,0
1251415,4,M,E,B,HBACK,1,0,0,0
2827914,4,F,C,B,HBACK,2,0,0,0
1264657,6,M,D,D,STNWG,1,0,0,0
2441622,3,F,C,D,HBACK,2,0,0,0
9838557,5,F,A,D,SEDAN,2,0,0,0
923279,4,F,B,C,SEDAN,3,0,0,0
1648310,3,F,B,D,STNWG,3,0,0,0
7807936,3,F,E,D,SEDAN,3,0,0,0
7178868,3,M,C,D,UTE,4,0,0,0
3781070,3,F,D,D,SEDAN,3,0,0,0
9591807,3,F,D,A,PANVN,2,0,0,0
416226,1,F,F,D,HBACK,1,0,0,0
9340071,3,F,A,D,SEDAN,3,0,0,0
2602752,4,M,A,C,UTE,1,0,0,0
6498156,5,F,B,B,SEDAN,3,0,0,0
3252676,2,M,E,D,STNWG,2,0,0,0
8287662,4,F,E,D,STNWG,2,0,0,0
939035,3,F,B,D,SEDAN,3,0,0,0
619811,2,F,D,B,SEDAN,2,0,0,0
303160,4,M,C,C,SEDAN,3,1,1,1656.429997
173781,4,F,C,A,PANVN,2,0,0,0
5201687,4,F,A,D,STNWG,3,0,0,0
833182,1,F,C,D,HBACK,2,0,0,0
5013141,2,M,D,C,TRUCK,1,0,0,0
8903427,3,F,B,B,SEDAN,1,0,0,0
1348160,5,F,B,D,SEDAN,2,0,0,0
9251645,4,M,B,B,HBACK,1,0,0,0
7665770,1,F,E,C,STNWG,1,0,0,0
1507672,5,F,D,B,HBACK,2,0,0,0
886315,4,F,A,D,SEDAN,4,0,0,0
3391865,4,M,C,D,SEDAN,2,1,1,1424.5
2529675,5,F,E,C,STNWG,1,0,0,0
4740733,2,M,C,D,SEDAN,4,0,0,0
6032209,3,M,D,D,SEDAN,1,0,0,0
1784754,2,F,C,D,HBACK,1,0,0,0
8554040,1,M,A,C,HBACK,4,0,0,0
3841665,4,M,C,D,STNWG,4,1,1,427.27
4716774,2,M,A,D,UTE,3,0,0,0
9337187,3,M,F,D,UTE,1,0,0,0
372954,5,M,B,C,TRUCK,4,1,1,438.5
2649836,3,M,C,D,HBACK,1,0,0,0
2536756,2,F,B,B,HBACK,3,0,0,0
4574771,1,F,C,B,HBACK,1,0,0,0
5217980,4,F,B,D,SEDAN,1,0,0,0
4358833,5,M,C,B,HBACK,2,0,0,0
2248540,3,F,E,D,STNWG,1,0,0,0
7628368,4,F,C,B,HBACK,4,0,0,0
3161600,4,F,C,A,SEDAN,1,0,0,0
9480681,6,M,C,D,HBACK,2,0,0,0
407419,3,M,B,D,UTE,4,0,0,0
2128783,4,F,C,B,HBACK,3,0,0,0
6533896,1,F,A,B,HBACK,2,0,0,0
2059820,3,F,B,B,STNWG,3,0,0,0
6542978,5,F,A,D,SEDAN,3,0,0,0
6144659,6,M,C,B,HBACK,2,0,0,0
4669932,4,F,D,D,SEDAN,2,0,0,0
6432093,3,F,B,D,STNWG,3,0,0,0
8965938,4,F,C,B,HBACK,4,0,0,0
2896936,5,F,C,B,HBACK,1,0,0,0
3934392,3,M,B,D,STNWG,1,0,0,0
4706522,3,M,C,D,MIBUS,4,0,0,0
4381217,1,F,C,D,STNWG,4,1,1,353.7999997
4181375,3,F,F,C,SEDAN,1,0,0,0
2819158,4,F,C,D,SEDAN,3,1,2,2010.079998
8086841,6,F,B,B,HBACK,3,0,0,0
3566745,4,F,E,D,UTE,4,0,0,0
3436459,2,M,C,D,UTE,1,0,0,0
1848278,2,M,A,D,HDTOP,4,0,0,0
1250604,3,M,C,C,STNWG,4,0,0,0
6054292,3,M,D,D,STNWG,4,0,0,0
9312047,6,M,C,B,HBACK,2,0,0,0
298956,2,F,E,D,HBACK,1,0,0,0
4481500,3,F,C,D,SEDAN,4,0,0,0
4776491,1,F,A,B,COUPE,1,0,0,0
7135906,5,M,B,B,SEDAN,3,0,0,0
3739815,1,F,C,B,HBACK,3,0,0,0
9858003,5,M,C,B,HBACK,4,0,0,0
111029,3,M,E,C,UTE,1,0,0,0
9024871,4,F,B,C,SEDAN,4,1,1,4651.61998
4268735,3,F,C,B,SEDAN,1,0,0,0
7067849,1,M,B,D,HBACK,2,0,0,0
5404762,4,M,A,B,SEDAN,3,0,0,0
5895563,2,M,B,C,STNWG,1,0,0,0
1567544,5,F,C,D,HBACK,4,0,0,0
2423170,2,M,A,B,SEDAN,4,0,0,0
8144384,4,F,C,D,STNWG,3,0,0,0
6833195,4,F,B,D,STNWG,1,0,0,0
9190021,3,M,C,D,UTE,4,0,0,0
5463667,2,F,F,D,STNWG,4,0,0,0
1897341,2,M,A,B,HBACK,2,0,0,0
3465667,3,M,B,D,SEDAN,3,0,0,0
6023518,2,F,E,C,HBACK,3,0,0,0
1203977,6,M,A,D,HBACK,2,0,0,0
6836195,5,M,E,B,HBACK,1,0,0,0
7494364,2,F,A,D,HBACK,4,0,0,0
968051,2,M,C,C,TRUCK,3,1,1,1244.189999
1282631,2,M,C,C,UTE,4,0,0,0
2481441,2,F,A,B,SEDAN,2,0,0,0
4738875,4,M,A,B,HBACK,2,0,0,0
7052172,4,F,B,B,HBACK,3,0,0,0
433051,5,M,A,D,HBACK,3,0,0,0
7425674,3,F,C,B,HBACK,1,0,0,0
5883635,5,M,B,C,STNWG,4,0,0,0
8518164,4,M,C,D,STNWG,3,0,0,0
1333575,5,F,C,D,UTE,4,0,0,0
7931270,3,F,A,B,STNWG,2,0,0,0
7521194,3,M,D,D,UTE,4,0,0,0
9840299,2,F,B,C,SEDAN,2,0,0,0
845847,3,F,C,B,HBACK,2,0,0,0
8500374,4,F,E,B,SEDAN,3,0,0,0
8871869,5,M,B,D,UTE,4,0,0,0
8392195,6,F,C,C,HBACK,1,0,0,0
5280821,3,M,A,B,HBACK,3,0,0,0
3929281,6,M,C,C,STNWG,1,0,0,0
4260315,3,F,D,B,HBACK,1,0,0,0
2179728,4,M,A,C,SEDAN,3,0,0,0
7420248,6,F,C,D,HBACK,2,0,0,0
3178922,4,F,D,C,SEDAN,4,0,0,0
8286112,1,M,A,D,UTE,1,0,0,0
7362296,2,F,D,D,HBACK,2,0,0,0
9623104,5,F,C,C,HBACK,4,0,0,0
4613725,4,F,D,D,SEDAN,3,0,0,0
1333512,6,F,D,D,SEDAN,3,0,0,0
7178869,4,F,F,B,HBACK,3,0,0,0
2506246,4,M,A,B,HBACK,1,0,0,0
9083911,4,M,E,D,UTE,4,0,0,0
5603924,5,M,A,D,STNWG,4,0,0,0
624856,3,M,C,D,STNWG,4,0,0,0
7698781,2,F,F,D,HBACK,4,1,1,640
4613417,4,M,B,D,HDTOP,4,0,0,0
9735242,5,M,E,C,STNWG,3,0,0,0
7225709,4,M,E,B,SEDAN,2,0,0,0
9721786,5,F,B,B,HBACK,4,0,0,0
4285129,3,M,C,C,SEDAN,3,0,0,0
7933518,2,M,C,D,HBACK,2,0,0,0
4545202,4,F,A,B,HBACK,3,0,0,0
3400295,3,M,C,D,STNWG,3,0,0,0
2789076,6,M,C,C,SEDAN,3,0,0,0
6199339,5,F,A,B,HBACK,2,0,0,0
74999,3,M,A,B,HBACK,4,0,0,0
9084539,5,M,A,D,SEDAN,1,1,1,413.1799998
4645285,5,F,D,C,STNWG,4,0,0,0
3560065,3,F,B,B,HBACK,1,0,0,0
9408062,1,F,C,A,PANVN,2,0,0,0
1201778,4,M,C,C,PANVN,4,0,0,0
8154368,2,M,A,B,SEDAN,3,0,0,0
6046817,2,M,C,C,SEDAN,2,0,0,0
3602263,1,M,A,D,HBACK,3,0,0,0
2998962,1,M,C,C,UTE,1,0,0,0
4833300,5,M,C,D,PANVN,4,1,1,7378.669998
5814530,5,F,B,D,HBACK,4,0,0,0
7253008,4,F,C,D,SEDAN,1,0,0,0
522724,3,M,A,B,STNWG,1,0,0,0
3624844,3,F,E,D,STNWG,3,0,0,0
3593162,5,M,A,A,SEDAN,2,0,0,0
5690295,4,F,B,D,SEDAN,4,1,1,987.8599987
6263715,1,F,A,B,HBACK,2,0,0,0
9847543,3,M,D,C,UTE,1,0,0,0
396597,3,M,E,C,STNWG,1,0,0,0
2438129,4,M,D,D,SEDAN,3,0,0,0
9937193,4,F,A,C,HBACK,4,0,0,0
1799151,4,M,B,B,SEDAN,1,1,1,1725.457226
944449,3,M,A,B,STNWG,2,0,0,0
9040616,6,M,A,D,HBACK,2,0,0,0
5641273,3,F,A,D,HBACK,3,0,0,0
402115,2,F,E,D,SEDAN,4,0,0,0
1160663,5,F,A,D,SEDAN,2,0,0,0
7584224,2,M,D,C,STNWG,2,0,0,0
338535,1,F,D,D,STNWG,3,0,0,0
6771765,2,F,B,B,SEDAN,3,0,0,0
430250,3,F,E,D,STNWG,4,0,0,0
4697800,3,F,C,D,STNWG,4,0,0,0
827114,2,M,C,D,HBACK,2,0,0,0
9245688,4,F,E,B,HBACK,3,0,0,0
963504,5,M,C,B,SEDAN,3,0,0,0
6234056,3,M,C,D,HBACK,2,0,0,0
8091377,3,F,C,D,SEDAN,2,0,0,0
2725707,3,M,A,D,STNWG,4,0,0,0
8187393,4,F,E,D,STNWG,4,0,0,0
1198456,4,F,F,B,HBACK,3,0,0,0
5834461,3,F,C,C,SEDAN,2,0,0,0
9457655,4,F,A,B,SEDAN,3,0,0,0
2841687,2,F,B,B,SEDAN,3,0,0,0
4137330,3,F,B,B,HBACK,1,0,0,0
7184158,2,M,A,D,SEDAN,2,0,0,0
7683207,3,M,D,C,STNWG,3,0,0,0
5336093,3,F,B,D,HDTOP,2,0,0,0
4016196,2,M,B,C,STNWG,2,0,0,0
4228811,4,F,D,B,HBACK,4,0,0,0
4189814,2,F,B,D,HBACK,4,0,0,0
7497458,4,F,C,D,SEDAN,3,0,0,0
5452203,5,F,A,B,SEDAN,2,1,1,200
589136,5,M,A,D,STNWG,4,0,0,0
8072604,3,F,A,B,SEDAN,3,0,0,0
6833885,2,M,A,C,UTE,4,0,0,0
4743830,2,M,C,C,SEDAN,3,0,0,0
5844072,4,M,F,D,STNWG,2,0,0,0
9820865,2,F,B,D,HBACK,2,0,0,0
8097547,5,F,C,D,STNWG,4,0,0,0
8300820,4,F,E,C,STNWG,2,0,0,0
9655265,1,F,F,D,SEDAN,3,0,0,0
3877319,3,F,C,D,STNWG,4,0,0,0
2689350,3,F,A,D,STNWG,4,0,0,0
6100390,4,M,B,D,SEDAN,2,0,0,0
4163884,5,M,E,D,STNWG,1,0,0,0
3494340,1,M,A,C,UTE,2,0,0,0
4665523,3,F,D,D,STNWG,2,0,0,0
1215574,4,M,B,D,PANVN,3,0,0,0
6943789,3,F,B,D,SEDAN,3,0,0,0
985745,6,M,C,B,HBACK,4,0,0,0
7457250,4,F,C,D,STNWG,3,0,0,0
9971635,5,F,B,C,HBACK,4,0,0,0
2353359,3,M,B,B,HBACK,3,0,0,0
1150790,2,M,E,D,UTE,3,0,0,0
2552804,2,M,F,D,STNWG,3,0,0,0
9296031,1,F,B,D,HBACK,2,0,0,0
5463778,3,M,A,D,UTE,3,1,1,599.1599999
4176238,4,F,C,D,STNWG,3,0,0,0
8788337,2,M,A,D,STNWG,4,1,1,353.77
6503627,2,F,C,D,STNWG,2,0,0,0
5760697,3,F,F,D,STNWG,4,0,0,0
5768932,3,F,D,D,STNWG,3,0,0,0
2118872,2,M,E,D,STNWG,2,0,0,0
5310822,3,F,A,D,SEDAN,4,0,0,0
8172740,3,M,F,D,SEDAN,1,0,0,0
679403,6,M,E,D,SEDAN,3,0,0,0
2038392,2,M,C,C,HBACK,4,0,0,0
3383966,1,F,E,B,HBACK,2,0,0,0
3571185,1,F,C,D,STNWG,2,0,0,0
7140766,5,F,A,C,COUPE,2,0,0,0
8071292,6,F,A,D,HBACK,4,0,0,0
1261683,4,F,C,D,SEDAN,4,0,0,0
9419772,5,M,B,D,TRUCK,3,0,0,0
4141343,4,M,F,D,BUS,4,0,0,0
2389292,5,F,E,B,HBACK,1,0,0,0
684550,2,M,F,D,STNWG,3,0,0,0
8750980,5,F,D,B,STNWG,3,0,0,0
1135839,3,M,A,C,SEDAN,3,1,1,9024.949982
8664216,1,M,A,B,STNWG,1,0,0,0
406552,2,F,D,D,UTE,1,0,0,0
7693102,1,F,D,D,HBACK,1,0,0,0
1684714,4,F,C,D,STNWG,4,0,0,0
71402,1,F,C,B,HBACK,3,0,0,0
3398937,4,M,C,D,STNWG,4,0,0,0
1059396,4,F,B,B,SEDAN,4,0,0,0
3864932,5,M,F,C,STNWG,3,0,0,0
4661923,3,M,C,D,UTE,2,0,0,0
7679669,3,F,C,D,STNWG,3,0,0,0
3040085,5,M,D,D,SEDAN,2,0,0,0
4825360,1,F,C,B,SEDAN,3,0,0,0
427722,2,M,A,D,SEDAN,2,0,0,0
9481532,5,F,B,D,SEDAN,4,0,0,0
636589,2,F,C,B,SEDAN,2,0,0,0
1210559,5,F,A,C,STNWG,2,0,0,0
3935757,1,F,C,B,HBACK,1,0,0,0
1078698,1,F,C,B,HBACK,3,0,0,0
6802242,4,F,A,D,SEDAN,4,0,0,0
9619744,6,M,C,B,HBACK,1,0,0,0
8085974,6,F,A,C,HBACK,2,1,1,200
8926121,1,M,E,C,STNWG,2,0,0,0
6219498,3,F,B,D,HBACK,4,0,0,0
1923089,3,F,C,C,SEDAN,2,0,0,0
6406454,1,F,D,C,SEDAN,2,0,0,0
973183,3,F,B,D,TRUCK,3,0,0,0
6383083,3,M,F,D,HDTOP,3,0,0,0
1717438,4,F,B,B,SEDAN,3,0,0,0
4182365,6,F,B,D,SEDAN,2,0,0,0
9932553,4,F,B,D,SEDAN,2,0,0,0
4775239,4,F,B,D,SEDAN,3,0,0,0
9155359,4,M,B,D,UTE,3,0,0,0
4743132,3,F,C,C,SEDAN,3,0,0,0
1079911,3,F,B,D,COUPE,3,0,0,0
6133486,3,M,E,B,STNWG,2,0,0,0
7589264,3,M,C,D,STNWG,2,0,0,0
1684684,1,F,C,B,SEDAN,2,0,0,0
6497743,4,F,C,D,HBACK,3,0,0,0
2790923,3,M,E,C,UTE,4,0,0,0
8088942,4,F,F,D,STNWG,3,0,0,0
8073621,1,F,C,C,SEDAN,3,0,0,0
5399247,3,F,C,B,STNWG,2,0,0,0
7896550,3,F,A,B,HBACK,3,0,0,0
3656970,4,F,B,D,HBACK,1,0,0,0
3577122,1,M,A,D,HBACK,2,0,0,0
4561773,4,F,A,C,STNWG,3,0,0,0
3726147,2,F,A,D,STNWG,4,0,0,0
4295057,4,F,D,D,SEDAN,2,0,0,0
1242471,6,M,A,C,HBACK,3,0,0,0
5463640,2,M,C,D,HBACK,4,0,0,0
3683376,2,M,D,D,STNWG,1,0,0,0
8478820,3,M,C,D,PANVN,4,0,0,0
1823910,4,M,D,D,MCARA,3,1,1,353.7999997
586289,3,F,E,D,UTE,4,0,0,0
6246258,3,M,C,D,STNWG,4,0,0,0
1927841,2,F,B,B,HBACK,2,0,0,0
9547745,6,M,A,D,SEDAN,1,0,0,0
8279930,4,M,C,B,HBACK,1,0,0,0
6224006,5,F,A,D,HBACK,2,0,0,0
1127692,4,M,B,B,HBACK,2,0,0,0
2853498,4,M,C,D,STNWG,2,0,0,0
5917724,4,F,C,D,MIBUS,3,1,1,1118.699999
3116240,1,F,C,B,HBACK,3,0,0,0
2101364,4,M,A,D,STNWG,4,0,0,0
1011652,4,F,A,D,UTE,1,0,0,0
3787615,2,M,B,C,HBACK,4,0,0,0
8368351,2,F,B,D,HBACK,1,0,0,0
4688385,5,M,C,D,STNWG,4,0,0,0
8018885,3,F,B,D,SEDAN,4,1,1,8994.469971
8693960,3,F,C,D,STNWG,1,0,0,0
1128415,5,F,E,D,SEDAN,1,0,0,0
5101924,3,F,B,D,SEDAN,4,0,0,0
9147015,5,F,C,B,HBACK,4,0,0,0
7137107,6,F,B,B,HBACK,3,0,0,0
9446103,4,M,C,D,SEDAN,3,0,0,0
5606575,2,F,D,D,STNWG,3,1,1,5853.359985
7137636,4,F,C,D,STNWG,3,0,0,0
1574581,1,M,E,C,STNWG,2,0,0,0
7451680,6,F,B,B,HBACK,2,0,0,0
8411527,3,M,F,D,STNWG,3,1,1,389.9499998
6794575,2,F,E,D,SEDAN,2,0,0,0
964572,2,F,D,B,SEDAN,3,0,0,0
6536616,4,M,B,B,STNWG,2,0,0,0
3679581,2,M,C,B,SEDAN,3,0,0,0
5645068,5,F,E,B,SEDAN,2,0,0,0
3898385,2,M,C,C,UTE,1,0,0,0
769840,5,M,D,C,STNWG,4,0,0,0
7506852,2,M,C,C,STNWG,3,0,0,0
5891363,2,F,A,D,HBACK,4,0,0,0
7139162,3,F,A,D,STNWG,3,1,1,255.5899999
800897,2,M,C,B,HBACK,4,0,0,0
824680,5,M,A,B,SEDAN,4,0,0,0
5399022,2,M,C,B,HBACK,2,0,0,0
4373502,5,M,B,D,HBACK,2,1,2,1524.309998
4118069,4,F,C,B,HBACK,1,0,0,0
6115990,4,F,E,B,HBACK,1,0,0,0
4688092,1,M,B,B,HBACK,2,0,0,0
5214352,4,F,C,C,SEDAN,3,0,0,0
5780139,5,F,A,C,UTE,1,0,0,0
5606697,1,M,E,C,TRUCK,2,0,0,0
9144607,4,F,A,D,SEDAN,4,0,0,0
682287,3,M,E,C,UTE,1,1,1,3575.179993
2274133,3,M,F,D,STNWG,3,0,0,0
285117,3,F,D,C,STNWG,3,0,0,0
8287435,3,F,A,D,SEDAN,2,0,0,0
5989371,3,M,E,D,UTE,4,0,0,0
1069498,4,F,A,D,SEDAN,2,0,0,0
6173771,3,F,F,D,STNWG,4,0,0,0
6413126,3,F,E,D,STNWG,2,0,0,0
4540053,4,F,A,D,SEDAN,2,0,0,0
691669,2,F,D,B,SEDAN,3,0,0,0
8782335,2,F,C,D,SEDAN,2,0,0,0
4739777,2,F,E,C,STNWG,1,0,0,0
4833985,3,M,C,D,SEDAN,4,0,0,0
6361098,1,F,E,D,SEDAN,3,0,0,0
3905441,3,M,C,D,SEDAN,3,0,0,0
3625719,4,F,C,D,SEDAN,1,0,0,0
3518740,6,M,A,D,SEDAN,4,0,0,0
6472151,5,F,E,D,SEDAN,4,0,0,0
9787236,3,F,C,D,STNWG,4,0,0,0
1992137,4,M,B,D,STNWG,4,0,0,0
2809915,6,M,B,C,HBACK,3,0,0,0
3285146,3,F,A,D,SEDAN,3,0,0,0
4688782,5,F,A,D,STNWG,2,0,0,0
8445309,4,F,B,D,HBACK,2,1,1,2849.57
2534421,3,F,A,C,SEDAN,3,0,0,0
6079915,3,M,F,D,STNWG,4,0,0,0
1962107,4,M,A,D,MIBUS,4,0,0,0
6794524,6,M,A,D,SEDAN,3,0,0,0
7709421,4,F,B,B,HBACK,2,0,0,0
3919804,3,M,A,D,SEDAN,3,0,0,0
8092548,2,F,C,C,HBACK,4,0,0,0
9744115,1,F,F,B,HBACK,1,1,1,7125.509995
2428911,4,F,A,D,SEDAN,3,0,0,0
2524006,6,F,A,D,HBACK,2,0,0,0
6836077,6,F,D,D,HBACK,2,1,1,1375.839996
8486932,3,M,C,C,SEDAN,1,1,1,920.4799995
6535046,6,M,D,C,TRUCK,2,0,0,0
3728464,4,F,C,D,COUPE,4,0,0,0
698037,4,F,E,D,SEDAN,2,0,0,0
5965382,4,M,F,D,STNWG,4,0,0,0
7462241,5,M,F,D,TRUCK,1,0,0,0
1259486,2,M,E,D,UTE,4,0,0,0
3215074,5,M,B,D,SEDAN,4,0,0,0
3842299,4,M,A,D,PANVN,4,0,0,0
1071850,4,F,C,D,SEDAN,3,0,0,0
9169669,1,F,C,B,HBACK,2,0,0,0
7329088,1,M,F,C,TRUCK,3,0,0,0
5990449,4,M,C,B,STNWG,2,0,0,0
3207642,6,M,A,D,HBACK,2,0,0,0
1542635,3,F,A,C,HBACK,4,0,0,0
3573130,4,M,A,C,STNWG,2,0,0,0
334579,1,M,E,D,STNWG,3,0,0,0
267900,5,F,D,D,HDTOP,3,0,0,0
6132168,2,M,D,D,UTE,2,0,0,0
8284841,6,M,D,C,STNWG,2,0,0,0
5959490,1,M,C,D,UTE,4,0,0,0
1200784,4,F,B,D,SEDAN,1,0,0,0
7314605,2,M,E,B,HBACK,1,0,0,0
997900,5,M,E,D,STNWG,1,0,0,0
5216870,3,F,E,C,STNWG,2,0,0,0
9442187,4,F,E,D,SEDAN,3,0,0,0
2328754,4,F,D,D,HBACK,4,0,0,0
3157324,5,M,C,B,SEDAN,2,0,0,0
8592949,3,M,A,B,HBACK,1,0,0,0
3906526,5,F,E,B,HBACK,3,0,0,0
5335534,3,M,B,D,STNWG,4,0,0,0
1017019,2,M,D,C,STNWG,2,0,0,0
2524782,6,F,A,B,SEDAN,4,0,0,0
3483963,3,M,E,D,STNWG,3,0,0,0
3223106,1,F,C,D,HBACK,2,0,0,0
5891554,4,M,F,C,STNWG,2,0,0,0
4134376,1,M,A,C,STNWG,4,0,0,0
112831,5,F,C,B,SEDAN,2,0,0,0
4057240,1,F,B,B,SEDAN,3,0,0,0
9863055,4,F,D,D,STNWG,4,0,0,0
2187689,2,F,C,D,HBACK,3,0,0,0
2885475,6,F,D,B,HBACK,4,0,0,0
2060732,4,F,C,C,STNWG,4,0,0,0
3983037,1,F,D,B,HBACK,1,0,0,0
9017026,5,F,A,D,STNWG,2,0,0,0
7556283,3,M,F,C,STNWG,3,0,0,0
3218190,3,M,A,C,STNWG,3,0,0,0
158375,2,M,A,D,COUPE,4,0,0,0
6803290,2,F,B,B,SEDAN,3,1,1,15721.18994
7507876,4,M,A,D,SEDAN,2,0,0,0
3625561,5,F,C,B,SEDAN,3,0,0,0
6491098,6,M,D,D,SEDAN,4,0,0,0
2469117,4,F,A,D,SEDAN,2,0,0,0
9623055,1,F,C,C,HBACK,4,0,0,0
3610448,1,F,C,D,PANVN,3,1,2,2837.789999
5345987,1,M,B,D,UTE,4,1,1,353.7999997
5431743,2,F,A,D,HBACK,1,0,0,0
702800,3,M,B,D,HBACK,3,0,0,0
5903994,5,F,A,D,HBACK,3,0,0,0
7118708,4,M,C,B,HBACK,1,0,0,0
2274429,3,M,B,D,UTE,2,0,0,0
3700878,3,F,B,D,SEDAN,2,0,0,0
3038686,2,F,F,C,STNWG,3,0,0,0
2856968,3,F,A,D,SEDAN,3,0,0,0
3049202,4,F,C,D,STNWG,3,0,0,0
3873442,6,M,E,B,SEDAN,4,0,0,0
2289126,3,F,C,D,HBACK,1,0,0,0
3648757,3,F,B,D,SEDAN,4,0,0,0
7924974,4,F,C,D,SEDAN,2,0,0,0
5866147,6,F,E,B,HBACK,3,0,0,0
4082483,3,F,A,C,SEDAN,1,0,0,0
9184789,3,F,A,B,HBACK,2,0,0,0
5631533,1,F,A,D,HBACK,2,0,0,0
4023378,4,M,D,C,UTE,1,0,0,0
5591699,3,F,C,D,UTE,4,1,1,359.5
5988027,3,F,C,D,HBACK,2,0,0,0
6772032,2,M,A,B,HBACK,2,0,0,0
6821977,2,M,A,D,HBACK,2,0,0,0
7415565,5,F,E,C,SEDAN,2,0,0,0
7570334,2,F,C,D,MIBUS,4,0,0,0
3009141,5,M,B,B,HBACK,3,0,0,0
6467572,4,F,C,B,SEDAN,3,0,0,0
2602744,4,F,A,D,HBACK,1,1,1,849.5099983
2464522,5,F,D,A,MCARA,2,0,0,0
1247736,4,F,D,B,HBACK,2,0,0,0
9483222,5,M,A,D,STNWG,2,0,0,0
3480098,2,F,A,D,HBACK,4,0,0,0
6729735,6,M,C,D,SEDAN,4,0,0,0
6864041,3,M,F,D,TRUCK,3,1,1,799.8099995
6062683,6,F,B,B,HBACK,3,0,0,0
1310152,4,M,C,D,HBACK,4,0,0,0
5092150,3,M,D,D,UTE,3,0,0,0
430845,3,F,A,C,STNWG,1,0,0,0
952121,4,F,D,B,SEDAN,2,0,0,0
7875369,1,F,B,B,SEDAN,4,0,0,0
9972056,4,M,D,D,SEDAN,3,0,0,0
8156406,4,M,B,D,SEDAN,2,0,0,0
1837800,2,M,A,D,HBACK,3,0,0,0
6166865,1,F,A,B,SEDAN,2,0,0,0
3628995,4,F,C,D,STNWG,4,0,0,0
3048441,4,M,C,C,UTE,1,0,0,0
3595601,6,M,D,D,SEDAN,3,0,0,0
3689003,2,M,C,D,STNWG,1,0,0,0
4455589,3,F,B,D,STNWG,2,0,0,0
767286,6,F,C,B,HBACK,1,0,0,0
7042838,1,F,B,B,HBACK,3,0,0,0
8392448,4,M,C,D,UTE,2,0,0,0
9161743,2,F,B,C,HBACK,4,0,0,0
4351679,3,F,C,D,HBACK,1,0,0,0
9284303,2,F,D,D,UTE,2,0,0,0
206911,3,M,E,D,SEDAN,1,0,0,0
5464630,3,F,B,C,SEDAN,4,0,0,0
1774960,3,F,C,D,SEDAN,1,0,0,0
4839517,4,F,C,C,STNWG,2,0,0,0
4552423,2,M,B,D,SEDAN,4,0,0,0
3565248,3,M,C,D,STNWG,3,1,1,353.7999997
6067190,4,F,C,C,SEDAN,2,0,0,0
1676795,4,M,D,D,STNWG,2,0,0,0
2919336,5,F,D,D,STNWG,3,0,0,0
4674496,3,F,B,D,MIBUS,4,0,0,0
8406766,4,F,E,D,SEDAN,1,0,0,0
5262613,2,F,B,D,HBACK,3,0,0,0
4943515,3,F,F,C,UTE,2,0,0,0
8753556,2,M,A,C,STNWG,2,0,0,0
9415789,5,F,A,B,HBACK,1,0,0,0
2264100,3,F,A,D,SEDAN,4,0,0,0
531338,3,F,E,B,HBACK,2,0,0,0
5439216,5,M,B,D,SEDAN,1,0,0,0
6522469,4,M,A,D,TRUCK,1,0,0,0
6202188,5,F,C,C,SEDAN,2,0,0,0
1923755,5,F,C,D,SEDAN,2,0,0,0
584942,4,F,A,D,SEDAN,4,0,0,0
5780505,4,F,B,D,SEDAN,1,0,0,0
8755325,4,M,F,D,STNWG,4,0,0,0
8163340,4,F,A,C,HBACK,4,0,0,0
346716,2,F,D,C,STNWG,3,0,0,0
3962670,2,M,C,D,SEDAN,3,1,1,13833.59
4004225,2,M,C,C,HBACK,4,0,0,0
483161,6,M,B,D,SEDAN,2,0,0,0
9144730,5,M,E,C,HBACK,4,0,0,0
2755385,2,M,D,D,TRUCK,3,0,0,0
1181784,3,M,B,D,STNWG,3,0,0,0
2292589,4,F,A,B,HBACK,3,0,0,0
9635187,4,M,A,D,STNWG,1,0,0,0
4532916,2,F,F,D,STNWG,3,0,0,0
9679962,1,M,B,D,STNWG,1,0,0,0
8094082,2,F,B,B,SEDAN,2,0,0,0
8883482,3,F,A,B,HBACK,2,1,1,1186.363636
2810051,6,F,C,D,SEDAN,2,0,0,0
3662043,2,F,B,B,SEDAN,2,0,0,0
901553,4,M,D,C,STNWG,2,0,0,0
1113698,5,M,F,D,UTE,3,1,2,7657.569977
454269,4,F,C,D,SEDAN,2,0,0,0
912739,3,F,F,B,STNWG,1,1,1,550
8217831,5,M,B,B,SEDAN,3,0,0,0
1384810,2,M,F,B,HBACK,1,0,0,0
6129804,5,M,A,D,SEDAN,4,0,0,0
4463420,4,M,B,D,HBACK,2,0,0,0
3921927,6,M,A,D,SEDAN,4,0,0,0
9363792,2,F,A,D,SEDAN,1,0,0,0
3143372,1,F,C,D,STNWG,1,0,0,0
7846748,2,M,C,D,HBACK,2,1,1,200
3520152,2,F,C,C,SEDAN,4,0,0,0
4419705,4,M,E,C,STNWG,2,0,0,0
2923179,2,M,B,D,SEDAN,3,0,0,0
5332670,3,M,A,D,STNWG,4,0,0,0
3518129,6,F,C,D,SEDAN,4,0,0,0
831839,2,M,A,C,STNWG,2,0,0,0
6845403,5,F,A,B,SEDAN,4,0,0,0
1921035,3,F,C,D,TRUCK,3,0,0,0
1382769,4,M,D,D,SEDAN,4,0,0,0
980797,5,F,A,B,HBACK,1,0,0,0
9821955,3,F,A,D,STNWG,3,0,0,0
2221310,1,F,F,B,HBACK,3,0,0,0
8748243,5,F,B,C,SEDAN,3,0,0,0
7207340,4,M,C,D,SEDAN,1,0,0,0
2700710,4,F,E,C,STNWG,4,0,0,0
7484943,2,F,C,D,STNWG,2,0,0,0
7175677,3,F,E,D,STNWG,1,0,0,0
678816,6,M,B,C,SEDAN,4,0,0,0
3925496,3,F,E,B,HBACK,3,0,0,0
6792747,6,F,A,D,SEDAN,3,0,0,0
7546613,5,F,A,B,SEDAN,4,0,0,0
1511682,3,M,C,D,STNWG,4,0,0,0
3600956,6,M,B,C,SEDAN,3,0,0,0
5791920,3,M,A,B,COUPE,3,1,1,853.2299995
4430145,2,F,C,D,SEDAN,1,0,0,0
3920193,5,F,B,D,SEDAN,3,0,0,0
173471,3,F,C,D,PANVN,2,1,1,2458.329994
8097973,2,F,C,B,STNWG,1,0,0,0
6066221,6,M,A,D,SEDAN,4,0,0,0
8748050,5,M,E,B,SEDAN,2,0,0,0
7672937,4,M,B,D,HDTOP,4,0,0,0
2817780,4,F,C,B,HBACK,2,0,0,0
9230884,1,F,C,C,STNWG,1,0,0,0
164929,3,M,A,D,PANVN,4,0,0,0
580464,4,F,F,D,STNWG,1,0,0,0
4472546,3,F,A,D,STNWG,3,0,0,0
1251567,6,M,B,D,SEDAN,3,0,0,0
6594586,6,M,A,D,HDTOP,3,0,0,0
5767351,1,M,C,B,HBACK,3,0,0,0
8748399,4,F,C,D,HBACK,3,0,0,0
1452706,4,F,E,B,SEDAN,2,0,0,0
8567763,1,F,B,B,HBACK,3,0,0,0
9980376,2,F,B,B,HBACK,1,0,0,0
898397,6,M,B,D,SEDAN,4,0,0,0
99149,4,F,C,D,STNWG,3,0,0,0
2044826,5,F,A,D,HBACK,1,0,0,0
8006619,4,M,B,B,HBACK,2,0,0,0
8683100,5,F,B,B,SEDAN,1,0,0,0
1681123,4,F,E,D,SEDAN,2,0,0,0
3149632,6,M,C,D,SEDAN,3,0,0,0
7323102,4,M,B,D,PANVN,4,0,0,0
4190322,4,M,A,D,STNWG,1,0,0,0
816749,2,F,B,D,HBACK,2,0,0,0
7475114,4,F,F,D,HDTOP,2,0,0,0
5195988,1,F,D,D,SEDAN,1,1,1,436.4699998
1521407,1,M,A,D,SEDAN,2,0,0,0
4309255,1,F,A,D,SEDAN,4,0,0,0
3402186,2,M,B,B,HBACK,2,0,0,0
4547098,4,F,A,D,HBACK,4,0,0,0
1808120,2,M,A,D,STNWG,4,0,0,0
6094871,4,F,B,C,STNWG,3,0,0,0
5625633,4,F,C,B,HBACK,3,0,0,0
2838955,3,F,A,D,STNWG,4,0,0,0
5930026,3,F,A,D,STNWG,2,0,0,0
6937053,2,M,A,D,STNWG,3,0,0,0
9180325,4,F,C,B,HBACK,4,0,0,0
1713841,4,F,B,D,SEDAN,1,0,0,0
4255081,6,F,D,B,HBACK,1,0,0,0
7666427,4,F,A,D,UTE,4,0,0,0
6669317,5,M,C,D,SEDAN,1,1,1,308.8199997
2437786,6,F,C,D,HBACK,4,0,0,0
7531573,4,M,C,B,SEDAN,3,0,0,0
5365572,3,M,B,D,STNWG,3,0,0,0
8630522,4,F,A,D,STNWG,2,0,0,0
1949157,4,M,F,D,STNWG,4,0,0,0
3560248,4,F,D,C,HBACK,4,0,0,0
9884970,1,M,A,D,STNWG,2,0,0,0
1887750,4,F,B,D,SEDAN,4,0,0,0
2353236,5,M,A,C,HBACK,3,1,1,2266.119995
2130480,2,F,E,D,STNWG,4,0,0,0
9456997,2,F,A,D,HBACK,1,0,0,0
2062639,1,F,A,D,HBACK,4,0,0,0
1216922,4,F,D,B,HBACK,4,0,0,0
4406624,4,F,D,B,HBACK,2,0,0,0
7467362,2,M,B,B,HBACK,4,0,0,0
3387951,6,F,A,D,HBACK,4,0,0,0
5428592,3,M,B,B,HBACK,3,0,0,0
166349,3,M,C,D,UTE,3,0,0,0
901217,2,F,C,D,SEDAN,3,0,0,0
4264210,5,F,D,B,SEDAN,3,0,0,0
2484757,3,F,B,B,SEDAN,3,0,0,0
2424460,3,F,B,D,STNWG,3,0,0,0
1503515,5,M,D,C,SEDAN,4,0,0,0
7870115,4,F,A,B,HBACK,2,0,0,0
3804654,2,F,E,B,HBACK,2,0,0,0
523346,2,F,B,D,HBACK,3,0,0,0
2560940,3,F,A,D,COUPE,4,0,0,0
2263053,1,M,C,B,SEDAN,2,0,0,0
3778531,6,M,C,B,HBACK,1,0,0,0
4941019,3,F,A,D,SEDAN,2,0,0,0
414359,2,F,C,D,HBACK,2,0,0,0
4543730,6,F,B,B,HBACK,4,0,0,0
4050184,5,M,B,D,HBACK,1,0,0,0
1011566,6,F,A,D,SEDAN,3,1,1,575.9499998
4355687,6,M,C,D,SEDAN,3,0,0,0
5736599,4,M,C,D,HBACK,4,0,0,0
683509,4,M,B,D,HBACK,1,0,0,0
9734943,3,M,B,D,UTE,2,0,0,0
6528977,5,M,C,D,STNWG,2,0,0,0
425453,4,F,C,D,STNWG,3,0,0,0
7912624,6,M,A,D,BUS,4,0,0,0
4954148,1,F,A,D,HBACK,2,0,0,0
9111713,3,F,C,C,STNWG,1,0,0,0
9474097,5,M,B,D,SEDAN,2,0,0,0
714594,6,M,C,C,UTE,2,0,0,0
3401702,4,F,C,D,SEDAN,3,0,0,0
7319747,3,M,A,C,HBACK,2,0,0,0
7013207,4,F,F,D,STNWG,4,0,0,0
385080,1,M,A,D,TRUCK,4,0,0,0
1526242,2,M,D,D,TRUCK,3,1,1,1998
3691701,6,F,A,D,SEDAN,4,0,0,0
801203,6,M,D,D,STNWG,4,0,0,0
432263,4,F,A,C,HBACK,4,0,0,0
7175756,3,M,A,D,COUPE,4,0,0,0
1334205,5,M,C,C,STNWG,2,0,0,0
776117,3,F,C,D,SEDAN,1,0,0,0
384244,5,M,A,D,HDTOP,3,0,0,0
3627269,2,M,D,D,TRUCK,3,0,0,0
1069604,5,M,B,D,SEDAN,3,1,1,1031.839998
6099260,4,F,D,D,SEDAN,3,0,0,0
9422296,3,F,C,D,STNWG,1,0,0,0
2532982,4,M,F,D,STNWG,3,0,0,0
8185932,3,M,F,D,UTE,3,0,0,0
5123021,3,M,E,D,STNWG,2,0,0,0
2822441,4,F,C,B,HBACK,2,0,0,0
3632356,3,F,B,D,SEDAN,3,0,0,0
2513650,6,F,C,D,SEDAN,3,0,0,0
6217297,6,M,A,C,SEDAN,1,0,0,0
3821408,6,M,C,B,HBACK,3,0,0,0
9494166,1,F,C,C,HBACK,2,0,0,0
4510901,3,F,C,B,SEDAN,3,0,0,0
2215552,1,F,C,D,HBACK,2,0,0,0
3814994,2,M,A,D,HBACK,4,1,1,200
8767125,2,F,C,D,HBACK,3,0,0,0
3190861,2,M,C,D,STNWG,4,0,0,0
8425859,4,M,A,D,PANVN,2,0,0,0
9763484,3,F,C,D,STNWG,2,0,0,0
683806,6,M,A,B,HBACK,4,0,0,0
2603697,2,F,C,D,STNWG,3,0,0,0
9449864,2,M,B,C,SEDAN,4,0,0,0
3970789,5,F,B,B,HBACK,1,0,0,0
5261673,5,F,C,D,SEDAN,3,1,1,200
2719098,5,M,D,C,TRUCK,1,0,0,0
40898,6,F,A,D,HBACK,3,0,0,0
7471086,6,F,A,B,HBACK,3,0,0,0
9977959,4,F,C,D,SEDAN,4,0,0,0
8820021,6,F,C,D,HDTOP,3,0,0,0
9272685,5,F,A,B,SEDAN,3,0,0,0
4122170,1,F,A,D,HBACK,3,0,0,0
5454504,5,F,C,D,HBACK,3,0,0,0
3719130,2,F,D,D,SEDAN,2,1,2,1414.109999
8423514,4,F,B,D,UTE,4,0,0,0
6627732,4,F,C,B,HBACK,4,0,0,0
3680919,2,F,E,C,STNWG,3,0,0,0
9399981,4,F,B,C,SEDAN,2,0,0,0
3625545,5,F,C,C,HBACK,2,0,0,0
5323228,4,F,F,B,HBACK,3,0,0,0
2786787,4,F,C,C,HBACK,4,0,0,0
496681,4,M,C,D,HBACK,2,0,0,0
3917447,2,F,C,B,SEDAN,3,0,0,0
9972281,6,F,E,B,SEDAN,1,0,0,0
6655742,1,M,C,D,UTE,4,0,0,0
7290085,2,M,B,B,HBACK,2,0,0,0
5589305,3,F,D,D,STNWG,1,0,0,0
2877857,5,M,A,D,PANVN,4,0,0,0
3390537,4,F,B,D,SEDAN,4,0,0,0
4546810,3,F,F,D,SEDAN,3,0,0,0
7599417,2,F,C,D,HBACK,2,0,0,0
8879123,1,F,C,D,HBACK,3,0,0,0
5270373,2,M,A,D,HBACK,4,1,1,890.4499989
4941996,5,M,A,D,PANVN,4,0,0,0
544278,3,M,B,C,STNWG,2,1,1,1233.469997
7544868,3,F,A,D,MIBUS,4,0,0,0
6231279,5,F,B,B,HBACK,3,0,0,0
7107764,4,M,A,C,UTE,1,0,0,0
5231920,3,M,E,C,STNWG,3,1,1,2774.879997
5408386,3,M,A,D,SEDAN,3,0,0,0
2789435,2,F,A,D,STNWG,4,0,0,0
1682111,2,F,E,D,SEDAN,3,0,0,0
2852689,4,M,C,D,HBACK,4,0,0,0
2872339,3,F,C,C,STNWG,1,0,0,0
1518192,4,F,D,D,SEDAN,1,0,0,0
825180,1,M,A,D,SEDAN,4,0,0,0
772447,4,M,C,B,HBACK,1,0,0,0
8005190,4,M,B,B,SEDAN,3,0,0,0
3735040,2,F,F,B,HBACK,2,0,0,0
4290343,5,M,A,D,STNWG,2,0,0,0
3265451,5,F,A,D,SEDAN,2,0,0,0
1478460,4,F,D,B,HBACK,4,0,0,0
4250397,6,M,B,D,HDTOP,2,0,0,0
9256293,2,M,C,C,STNWG,2,0,0,0
5021261,3,F,D,D,SEDAN,1,0,0,0
106346,2,F,C,D,TRUCK,4,0,0,0
275806,5,F,D,D,STNWG,1,0,0,0
8950149,4,F,C,D,HBACK,3,0,0,0
3494951,3,M,D,D,UTE,1,0,0,0
8039095,4,M,B,D,STNWG,2,0,0,0
8426257,4,M,B,B,HBACK,2,0,0,0
2960284,3,M,F,D,STNWG,2,0,0,0
2558227,6,M,A,D,SEDAN,2,0,0,0
6800476,3,M,B,C,STNWG,4,0,0,0
5205663,2,F,C,D,MIBUS,4,0,0,0
7900517,2,M,B,D,SEDAN,3,0,0,0
8758733,6,M,B,D,SEDAN,2,0,0,0
8759119,6,F,A,B,HBACK,4,0,0,0
7506001,3,M,A,C,UTE,3,0,0,0
7405998,3,F,A,D,SEDAN,4,1,1,1967.839996
918396,5,M,C,C,UTE,2,0,0,0
8057310,4,F,C,D,SEDAN,2,0,0,0
3880496,3,F,B,D,STNWG,3,0,0,0
8952569,1,F,C,D,SEDAN,3,0,0,0
8070216,5,F,B,B,HBACK,1,0,0,0
2521405,2,F,A,B,HBACK,4,0,0,0
1444384,4,M,D,D,UTE,4,0,0,0
909725,3,M,A,D,HBACK,2,0,0,0
2047197,3,M,D,D,TRUCK,2,0,0,0
3155693,5,F,C,D,SEDAN,3,0,0,0
7789443,4,F,E,D,STNWG,3,0,0,0
1563433,3,F,D,D,STNWG,4,0,0,0
3077600,5,F,A,B,SEDAN,2,0,0,0
4565075,2,F,E,C,STNWG,2,0,0,0
3820274,5,F,A,B,HBACK,3,0,0,0
3688127,5,F,C,D,SEDAN,4,0,0,0
9149458,4,M,C,B,HBACK,1,0,0,0
6927608,1,F,B,B,HBACK,2,0,0,0
237946,2,M,C,B,HBACK,2,0,0,0
541117,6,F,C,D,SEDAN,4,0,0,0
1682399,5,M,A,D,UTE,3,0,0,0
5169571,2,F,E,D,STNWG,3,0,0,0
9291404,6,F,B,D,SEDAN,2,0,0,0
1959131,3,M,C,D,SEDAN,2,0,0,0
8871991,2,F,C,B,HBACK,2,0,0,0
9086256,4,M,D,D,UTE,3,0,0,0
4548751,3,M,F,D,MIBUS,3,0,0,0
680515,5,F,C,D,SEDAN,1,1,1,600.5899992
9433037,1,F,A,C,HBACK,4,0,0,0
489059,5,F,A,D,SEDAN,3,0,0,0
1014856,3,M,D,C,STNWG,1,0,0,0
4058775,1,F,C,B,SEDAN,3,0,0,0
7428900,5,F,D,B,HBACK,1,1,1,556.7199993
3231864,5,F,D,C,HBACK,4,0,0,0
2919205,4,F,B,D,HBACK,1,0,0,0
1905950,3,F,D,B,HBACK,1,0,0,0
411550,3,M,C,B,HBACK,4,0,0,0
1867196,4,F,D,B,HBACK,1,0,0,0
9563009,4,M,B,D,SEDAN,1,0,0,0
3810893,1,M,B,C,UTE,1,0,0,0
3204884,4,M,C,D,SEDAN,4,0,0,0
4914039,3,F,C,B,HBACK,1,0,0,0
5138810,2,M,C,C,STNWG,2,0,0,0
8352366,4,F,D,C,STNWG,3,0,0,0
1933051,5,F,B,D,HBACK,2,0,0,0
8273865,4,M,C,B,HBACK,2,0,0,0
41295,5,F,E,C,SEDAN,2,0,0,0
5613606,4,F,D,C,STNWG,3,0,0,0
9162338,5,F,B,D,SEDAN,3,0,0,0
3505553,4,M,A,B,HBACK,2,0,0,0
7690763,4,F,F,D,STNWG,3,0,0,0
8502683,1,M,D,D,STNWG,4,0,0,0
4937134,3,F,F,B,SEDAN,1,0,0,0
254409,5,M,A,C,STNWG,1,1,1,353.77
6123338,2,F,A,D,HBACK,2,0,0,0
2353492,2,M,A,D,SEDAN,1,0,0,0
783614,3,M,C,D,STNWG,3,1,1,370
9452545,4,F,C,B,SEDAN,3,0,0,0
9314391,5,M,D,D,SEDAN,1,0,0,0
4129913,3,M,F,C,STNWG,4,0,0,0
1476183,1,F,B,D,HBACK,4,0,0,0
9646844,5,M,D,C,TRUCK,1,0,0,0
3709917,4,M,A,D,STNWG,1,0,0,0
3595313,1,F,D,D,STNWG,3,0,0,0
1986726,1,F,A,B,HBACK,1,0,0,0
4089137,1,M,C,C,STNWG,3,0,0,0
2722004,3,F,A,D,HBACK,2,0,0,0
2720499,6,F,C,D,HBACK,3,0,0,0
8292985,4,M,C,D,UTE,4,0,0,0
1529888,4,M,E,B,STNWG,1,0,0,0
6177487,6,M,C,D,STNWG,2,0,0,0
3196455,6,M,B,D,UTE,3,0,0,0
1325878,4,F,B,C,SEDAN,3,0,0,0
8450174,5,F,A,D,SEDAN,3,0,0,0
5649519,2,M,B,D,UTE,3,0,0,0
1756578,2,F,B,B,HBACK,1,0,0,0
8871407,4,F,D,D,STNWG,3,0,0,0
8374594,6,F,B,B,HBACK,1,0,0,0
2134522,3,M,D,D,SEDAN,4,0,0,0
3695571,4,F,F,C,STNWG,4,0,0,0
429227,3,M,F,C,SEDAN,2,0,0,0
4942508,3,F,C,B,HBACK,1,0,0,0
1837277,3,M,C,D,SEDAN,2,1,1,298.3499999
6480837,4,F,A,D,SEDAN,3,0,0,0
823632,5,F,A,D,SEDAN,4,0,0,0
6066432,1,F,A,D,HBACK,1,0,0,0
4890371,1,F,A,D,SEDAN,2,0,0,0
7351678,1,M,A,C,UTE,1,0,0,0
164440,5,M,C,A,SEDAN,3,0,0,0
9522252,4,M,D,D,UTE,4,0,0,0
1128343,3,M,E,B,HBACK,1,0,0,0
3600274,5,F,A,C,HBACK,4,0,0,0
1136173,2,F,B,D,STNWG,2,0,0,0
7470233,3,F,A,D,SEDAN,1,0,0,0
2824388,5,M,C,D,STNWG,1,0,0,0
4945333,3,F,C,D,MIBUS,4,0,0,0
1129423,3,M,B,D,SEDAN,1,0,0,0
106968,5,M,A,D,HBACK,1,0,0,0
851763,2,F,B,B,HBACK,3,0,0,0
7358670,1,F,D,B,SEDAN,3,1,1,12240.64996
270960,3,M,B,D,UTE,3,0,0,0
4329161,5,F,C,D,SEDAN,3,0,0,0
5178776,4,F,A,D,SEDAN,4,0,0,0
4614757,4,M,B,C,STNWG,3,0,0,0
3089334,4,F,C,D,SEDAN,4,0,0,0
5391662,5,M,A,D,UTE,4,0,0,0
4306005,2,M,D,D,UTE,2,0,0,0
3555039,5,M,B,C,UTE,1,0,0,0
4206799,1,M,E,D,STNWG,4,1,1,7661.819992
9422492,4,F,C,B,HBACK,2,0,0,0
4186450,3,M,E,D,STNWG,3,0,0,0
937709,3,F,E,C,UTE,3,1,1,835.7699986
2295461,4,F,A,D,STNWG,2,0,0,0
8306264,3,F,A,D,SEDAN,3,0,0,0
6935930,4,F,D,D,SEDAN,4,0,0,0
7381109,3,F,F,C,STNWG,1,0,0,0
6159897,2,F,E,B,SEDAN,3,0,0,0
9182532,4,F,C,D,SEDAN,4,0,0,0
6106717,5,F,C,D,HBACK,2,0,0,0
7424110,6,F,C,B,STNWG,2,0,0,0
2849748,2,F,A,D,SEDAN,4,0,0,0
2687133,1,F,B,B,SEDAN,2,0,0,0
7399809,6,M,D,D,STNWG,2,0,0,0
6626741,5,M,C,D,SEDAN,3,0,0,0
2698249,2,F,B,B,HBACK,1,0,0,0
1957965,5,F,A,D,HBACK,3,0,0,0
6376146,4,M,F,C,STNWG,2,0,0,0
2054540,6,M,C,D,SEDAN,4,0,0,0
8743464,3,M,C,D,MIBUS,4,0,0,0
3339538,4,M,B,D,SEDAN,3,0,0,0
6542209,4,F,A,D,STNWG,3,0,0,0
8686181,4,M,C,A,SEDAN,2,0,0,0
2701316,2,M,C,B,COUPE,3,1,1,2678.649994
5697515,5,F,B,D,SEDAN,2,0,0,0
4064465,4,F,A,D,SEDAN,1,0,0,0
3479745,1,M,A,D,HDTOP,4,0,0,0
5843065,4,F,C,D,MIBUS,4,0,0,0
1669421,6,M,E,D,SEDAN,2,0,0,0
1311752,3,M,C,C,TRUCK,4,0,0,0
3925440,1,F,A,D,UTE,1,0,0,0
845247,2,F,B,C,SEDAN,3,0,0,0
5333371,5,M,C,D,SEDAN,1,0,0,0
613564,5,F,B,D,HBACK,2,0,0,0
4922259,2,M,C,B,HBACK,1,0,0,0
3573455,5,M,E,C,STNWG,4,0,0,0
3881001,4,M,D,C,STNWG,4,0,0,0
2428536,3,M,C,D,UTE,2,0,0,0
8462434,1,M,C,D,HDTOP,3,0,0,0
7673260,6,F,B,C,SEDAN,1,0,0,0
108356,2,M,E,C,TRUCK,1,0,0,0
6044627,4,F,C,B,HBACK,2,0,0,0
7134208,4,F,B,C,HBACK,4,0,0,0
912613,5,M,A,C,STNWG,4,0,0,0
8391785,4,M,A,C,SEDAN,3,0,0,0
874346,2,M,C,D,UTE,4,0,0,0
5482114,4,M,C,B,HBACK,2,0,0,0
9474003,2,F,C,C,STNWG,2,0,0,0
2518125,5,M,C,B,SEDAN,3,0,0,0
9468875,3,M,C,D,STNWG,3,0,0,0
6306288,2,F,F,D,STNWG,2,0,0,0
2498350,4,M,E,D,STNWG,3,0,0,0
5463794,2,M,B,D,STNWG,3,0,0,0
807203,6,F,A,B,HBACK,2,0,0,0
1847275,4,F,D,B,SEDAN,2,0,0,0
1762652,3,M,A,C,STNWG,1,1,1,200
2306430,3,F,C,B,HBACK,3,0,0,0
8075492,4,F,E,C,STNWG,1,0,0,0
8960977,2,M,C,D,STNWG,4,0,0,0
4946003,2,F,C,D,HBACK,3,0,0,0
9437225,4,F,C,D,HBACK,3,1,1,979.7199993
1685795,5,M,A,A,SEDAN,4,0,0,0
3661208,4,M,C,D,STNWG,4,0,0,0
615456,2,M,E,D,STNWG,3,0,0,0
1970995,1,M,C,D,HBACK,2,0,0,0
8531220,1,F,C,B,HBACK,1,0,0,0
4879525,4,M,E,D,SEDAN,1,0,0,0
9407964,3,F,E,C,SEDAN,3,0,0,0
2788259,4,M,B,B,STNWG,1,0,0,0
4823011,2,M,C,D,STNWG,3,0,0,0
4674892,6,F,A,D,SEDAN,2,0,0,0
1992275,2,F,A,B,SEDAN,3,0,0,0
6191844,2,M,E,C,STNWG,4,0,0,0
2541122,1,M,F,D,STNWG,4,0,0,0
7521171,2,F,C,D,SEDAN,1,1,1,975.6499996
9490038,2,M,A,D,STNWG,4,0,0,0
9110373,1,F,D,D,STNWG,1,0,0,0
7385293,3,M,A,D,UTE,2,0,0,0
7229661,2,M,B,D,HBACK,1,0,0,0
817386,4,F,A,C,HBACK,4,0,0,0
7413895,2,F,E,D,TRUCK,3,0,0,0
3863012,2,M,C,B,HBACK,2,1,1,200
5967637,6,M,E,B,SEDAN,2,0,0,0
2364765,3,M,A,D,SEDAN,3,0,0,0
7632720,3,M,A,D,STNWG,2,0,0,0
5160024,3,M,C,D,SEDAN,3,0,0,0
799866,1,M,A,D,PANVN,4,0,0,0
3626952,6,M,B,C,MIBUS,4,0,0,0
3838640,2,M,D,D,UTE,3,0,0,0
6982253,6,F,D,D,HBACK,2,0,0,0
1254140,4,F,B,D,HBACK,4,0,0,0
6859968,4,F,A,D,HBACK,2,1,2,400.0027291
1418296,4,M,C,D,STNWG,3,0,0,0
6860738,3,F,B,D,SEDAN,2,0,0,0
4051051,2,F,C,C,SEDAN,2,0,0,0
4288802,4,M,E,C,STNWG,4,0,0,0
6525526,5,F,B,B,SEDAN,1,0,0,0
9353692,4,F,A,D,SEDAN,2,1,1,764.6499996
8068009,3,F,A,B,HBACK,3,0,0,0
5300520,3,F,A,D,SEDAN,3,0,0,0
8393488,4,F,A,C,HBACK,4,0,0,0
7973791,4,M,C,D,MIBUS,3,0,0,0
3933713,3,F,B,D,HDTOP,2,0,0,0
9438151,5,M,B,B,STNWG,3,0,0,0
7467323,5,F,A,B,HBACK,2,0,0,0
8742921,2,M,A,D,STNWG,1,0,0,0
8089756,4,M,C,B,HBACK,4,0,0,0
2664431,4,F,B,D,SEDAN,2,0,0,0
1224912,2,F,C,C,UTE,1,0,0,0
227373,5,F,E,D,TRUCK,3,0,0,0
9497762,3,F,C,B,STNWG,3,0,0,0
8742877,6,M,A,D,UTE,4,0,0,0
905719,3,F,B,D,SEDAN,3,0,0,0
2899611,1,F,A,B,HBACK,1,0,0,0
6454844,5,M,B,C,SEDAN,1,1,1,200
818060,2,F,C,D,STNWG,3,0,0,0
8340245,5,F,C,D,UTE,3,0,0,0
1344006,4,M,C,B,STNWG,2,0,0,0
1518817,1,M,A,D,STNWG,4,0,0,0
469136,2,F,B,D,SEDAN,4,0,0,0
4631376,2,M,A,B,HBACK,1,0,0,0
1769729,3,M,F,C,STNWG,3,0,0,0
7471036,4,M,A,D,SEDAN,1,0,0,0
6024683,4,M,A,D,STNWG,3,0,0,0
1370005,4,F,F,C,STNWG,3,0,0,0
1337574,4,F,F,B,HBACK,2,0,0,0
8380048,3,M,A,D,STNWG,1,0,0,0
4697678,4,F,A,D,SEDAN,2,0,0,0
9085153,6,M,C,D,SEDAN,2,0,0,0
2936009,3,F,C,D,SEDAN,2,0,0,0
9921775,1,F,D,C,SEDAN,2,0,0,0
898807,4,M,B,D,SEDAN,4,0,0,0
2593658,4,F,F,D,UTE,4,0,0,0
2154903,2,M,D,C,STNWG,3,0,0,0
9817516,4,F,A,D,SEDAN,4,0,0,0
6936288,4,M,C,B,STNWG,3,0,0,0
3048420,2,F,A,B,HBACK,1,0,0,0
2229274,5,F,C,D,SEDAN,2,0,0,0
9059406,2,F,B,B,HBACK,1,0,0,0
7645531,4,M,E,D,HDTOP,3,0,0,0
3943800,6,F,D,D,UTE,4,0,0,0
5891075,4,M,E,D,SEDAN,4,0,0,0
162951,5,M,B,D,UTE,4,0,0,0
2060680,3,F,C,D,HBACK,4,0,0,0
7658419,3,M,C,C,STNWG,2,0,0,0
4521405,3,M,B,D,UTE,4,0,0,0
5222805,2,F,A,B,SEDAN,3,1,1,200
7101812,2,F,C,D,HBACK,1,0,0,0
99228,4,M,A,D,SEDAN,1,0,0,0
5990981,3,M,B,B,STNWG,2,0,0,0
9088051,4,M,C,B,HBACK,3,0,0,0
8747455,4,M,F,D,PANVN,3,0,0,0
506093,5,M,C,C,STNWG,2,0,0,0
404756,1,M,B,D,TRUCK,3,0,0,0
7228485,5,M,A,D,HBACK,2,0,0,0
3445801,5,F,C,D,CONVT,3,0,0,0
8428644,1,F,C,C,SEDAN,2,0,0,0
8755311,2,F,A,D,SEDAN,2,0,0,0
6455735,5,M,E,D,UTE,4,0,0,0
1863275,4,F,D,D,STNWG,1,0,0,0
9443602,1,M,B,B,STNWG,2,0,0,0
8143884,3,F,A,B,SEDAN,3,0,0,0
2244451,2,M,A,D,SEDAN,4,0,0,0
9745055,1,M,D,D,TRUCK,1,0,0,0
7982560,6,M,F,D,SEDAN,4,0,0,0
8801119,2,M,B,B,HBACK,4,0,0,0
8449700,3,M,C,C,TRUCK,3,0,0,0
7474715,5,F,B,B,SEDAN,3,0,0,0
7370323,2,M,A,D,STNWG,3,1,1,353.77
8501249,5,F,E,C,HBACK,4,0,0,0
2285720,2,F,C,D,HBACK,4,0,0,0
6855106,2,F,A,D,SEDAN,2,0,0,0
9240119,4,F,D,B,HBACK,1,0,0,0
6240057,2,F,F,C,STNWG,3,0,0,0
8700926,3,M,D,C,STNWG,3,0,0,0
4530268,1,F,D,D,HBACK,3,0,0,0
2124541,3,M,C,D,HBACK,3,1,1,5976.099991
9207147,4,F,C,B,HBACK,2,1,1,502.3799992
8089145,4,F,D,B,HBACK,1,0,0,0
8229879,2,M,A,B,SEDAN,3,0,0,0
106952,4,M,C,D,STNWG,4,0,0,0
3926998,3,M,C,B,HBACK,1,0,0,0
1902103,4,F,D,C,SEDAN,3,1,1,399.54
4303676,3,M,C,B,STNWG,1,0,0,0
479588,2,M,F,D,UTE,2,0,0,0
4859046,2,F,C,D,COUPE,3,0,0,0
4299107,2,F,A,D,HBACK,3,0,0,0
3925491,2,F,A,D,HBACK,3,0,0,0
5336539,2,F,A,B,HBACK,3,0,0,0
9867056,1,M,E,D,PANVN,4,0,0,0
8826097,2,F,C,D,STNWG,1,0,0,0
4973473,3,F,C,B,HBACK,1,0,0,0
9902336,1,M,B,D,HBACK,2,0,0,0
2996487,4,F,A,D,SEDAN,1,0,0,0
9160928,5,F,C,B,HBACK,4,0,0,0
1566983,3,M,B,C,STNWG,3,0,0,0
8445851,6,F,E,B,SEDAN,2,0,0,0
2148604,2,F,E,B,HBACK,2,0,0,0
2687228,4,M,D,D,STNWG,2,0,0,0
9377953,4,F,C,D,HBACK,4,0,0,0
8662331,6,F,B,D,SEDAN,4,0,0,0
4955479,4,F,B,D,UTE,3,0,0,0
6528871,3,F,E,D,STNWG,1,0,0,0
3708629,1,F,C,B,HBACK,2,0,0,0
71430,3,F,E,D,STNWG,2,0,0,0
1372263,1,M,A,C,STNWG,4,0,0,0
1208790,1,F,E,C,SEDAN,2,0,0,0
8746368,3,M,A,D,SEDAN,1,0,0,0
5861854,4,M,A,D,STNWG,4,0,0,0
8024007,2,M,B,C,STNWG,2,0,0,0
3464797,3,M,A,D,TRUCK,1,0,0,0
5943628,3,F,A,D,HBACK,2,0,0,0
8893376,2,M,A,D,SEDAN,3,0,0,0
3496747,4,M,A,D,SEDAN,2,0,0,0
5395566,6,F,D,D,UTE,3,0,0,0
6353815,2,M,D,D,STNWG,2,0,0,0
8514680,1,M,E,D,UTE,3,0,0,0
3207520,5,M,B,D,STNWG,4,0,0,0
2180699,5,F,B,D,HBACK,4,0,0,0
4443403,2,F,C,D,HBACK,1,0,0,0
8099565,3,M,C,D,UTE,4,0,0,0
5048726,3,F,C,D,HBACK,2,0,0,0
9435736,4,M,A,D,STNWG,4,0,0,0
6402060,4,F,F,B,HBACK,4,0,0,0
7005594,2,F,D,D,STNWG,3,0,0,0
4918185,6,F,D,D,SEDAN,2,0,0,0
490357,2,M,D,D,STNWG,3,0,0,0
3625029,5,F,C,D,SEDAN,1,0,0,0
6534901,6,M,E,B,COUPE,3,0,0,0
9730854,3,F,A,C,SEDAN,3,0,0,0
4715232,3,F,C,B,HBACK,4,0,0,0
1506568,6,M,C,D,SEDAN,2,0,0,0
4651267,2,F,B,B,HBACK,2,0,0,0
7373870,3,F,B,D,HBACK,4,0,0,0
402080,6,M,D,C,STNWG,2,0,0,0
3737558,4,M,C,D,SEDAN,4,0,0,0
8505608,6,F,A,B,SEDAN,3,0,0,0
9023928,6,F,C,D,HBACK,3,0,0,0
6922642,4,M,D,D,STNWG,4,0,0,0
8578678,3,F,A,D,SEDAN,2,1,1,570.7199993
4070732,2,M,C,D,STNWG,4,0,0,0
6071455,2,M,A,C,SEDAN,3,0,0,0
6795001,4,F,E,C,HBACK,4,0,0,0
2438775,6,M,C,C,STNWG,4,0,0,0
6941441,2,M,A,D,UTE,4,0,0,0
5936013,5,M,C,D,STNWG,1,0,0,0
8324996,2,F,A,C,STNWG,2,0,0,0
4743707,5,F,B,B,STNWG,3,0,0,0
103696,4,F,F,C,TRUCK,2,0,0,0
6542457,6,F,D,D,STNWG,2,0,0,0
668762,5,F,E,D,UTE,4,0,0,0
1326364,3,F,C,B,SEDAN,4,0,0,0
9802970,4,F,A,D,STNWG,4,0,0,0
2252647,1,F,D,C,STNWG,1,0,0,0
2051828,6,M,C,B,HBACK,2,0,0,0
2825775,2,F,F,C,STNWG,2,0,0,0
6874507,3,F,C,D,STNWG,3,0,0,0
5692571,4,M,C,D,STNWG,2,0,0,0
5242271,3,M,A,D,STNWG,3,0,0,0
5889111,4,M,B,D,HBACK,3,0,0,0
4772815,6,M,D,D,SEDAN,1,0,0,0
1328149,2,F,B,D,STNWG,4,0,0,0
2355285,3,F,A,D,STNWG,4,0,0,0
1076191,4,F,C,B,COUPE,3,0,0,0
6874893,4,M,A,B,STNWG,3,0,0,0
6505637,2,M,A,C,SEDAN,3,1,1,4770.819992
9979747,4,F,A,D,SEDAN,4,0,0,0
1394385,5,M,B,D,TRUCK,3,0,0,0
964190,4,F,E,B,HBACK,4,1,1,3607.779991
9339874,4,M,C,B,HBACK,3,0,0,0
3906883,4,F,C,C,SEDAN,2,0,0,0
223605,3,M,E,D,STNWG,1,0,0,0
2633666,4,F,F,B,COUPE,3,0,0,0
3302554,4,F,C,A,HBACK,3,0,0,0
3493388,6,F,A,D,HBACK,4,0,0,0
8280229,3,M,A,D,STNWG,4,0,0,0
4683433,3,F,E,B,SEDAN,3,0,0,0
3507360,2,M,C,C,STNWG,3,0,0,0
5476252,2,F,B,D,SEDAN,2,0,0,0
8667398,2,M,C,B,HBACK,3,0,0,0
8294997,4,F,B,C,SEDAN,1,0,0,0
1867424,4,F,C,C,SEDAN,1,0,0,0
3301422,6,M,C,D,HBACK,3,0,0,0
7013212,3,F,B,D,SEDAN,4,0,0,0
1513738,2,M,B,D,UTE,4,0,0,0
8346396,4,F,C,D,SEDAN,2,0,0,0
777577,2,F,B,B,SEDAN,3,0,0,0
8303372,5,M,A,D,STNWG,3,0,0,0
3152848,3,F,A,D,STNWG,4,0,0,0
2422280,4,F,B,D,SEDAN,2,0,0,0
5394685,3,F,C,D,STNWG,2,0,0,0
7992772,1,M,C,D,UTE,3,0,0,0
1444794,4,F,C,B,HBACK,1,0,0,0
43257,3,M,C,D,STNWG,2,0,0,0
8988782,3,M,A,D,STNWG,3,0,0,0
8264132,4,F,B,B,HBACK,1,0,0,0
8428395,2,F,C,C,HBACK,4,0,0,0
2179474,2,F,C,C,STNWG,2,0,0,0
8013527,5,F,A,D,HDTOP,3,0,0,0
7063151,4,F,C,D,STNWG,2,0,0,0
3498237,5,M,D,D,STNWG,1,0,0,0
1595249,2,F,B,C,HBACK,4,0,0,0
1158031,4,F,A,D,STNWG,3,0,0,0
1239285,2,F,A,B,HBACK,1,0,0,0
1552465,3,F,E,B,HBACK,2,0,0,0
5586404,3,F,F,D,STNWG,4,0,0,0
3985495,3,M,C,D,HDTOP,3,0,0,0
897381,6,F,A,B,STNWG,3,0,0,0
5882063,3,M,C,D,HDTOP,1,0,0,0
1676570,4,M,C,C,STNWG,2,0,0,0
4508227,3,M,C,D,STNWG,1,0,0,0
9091231,2,F,C,D,SEDAN,4,0,0,0
1450450,4,F,B,D,SEDAN,3,0,0,0
4093379,3,M,A,C,STNWG,4,0,0,0
8106838,6,F,A,D,SEDAN,4,0,0,0
5275132,3,M,D,D,STNWG,3,0,0,0
1671618,4,F,C,D,STNWG,2,0,0,0
1828262,5,M,D,D,UTE,4,0,0,0
781575,2,F,C,D,HBACK,4,0,0,0
7521928,6,M,C,D,SEDAN,3,0,0,0
3214495,2,F,D,B,HBACK,2,0,0,0
4451773,3,F,A,A,STNWG,2,1,1,200
4686214,4,M,D,D,STNWG,4,0,0,0
2330639,2,M,E,D,SEDAN,4,0,0,0
1817078,3,F,B,D,STNWG,3,0,0,0
7785406,4,F,D,C,HBACK,4,1,3,10598.42997
1956637,4,M,D,D,UTE,2,0,0,0
2094642,2,F,F,C,STNWG,1,0,0,0
5406949,3,F,A,D,SEDAN,4,0,0,0
1672634,5,F,A,B,HBACK,3,0,0,0
3902860,3,F,B,D,SEDAN,2,0,0,0
9525983,4,F,A,D,SEDAN,2,0,0,0
1501480,2,F,B,B,SEDAN,1,0,0,0
6108939,3,F,D,C,STNWG,3,0,0,0
3437750,2,M,B,D,MIBUS,4,0,0,0
6066753,4,F,E,D,SEDAN,2,0,0,0
7301622,5,F,C,C,SEDAN,4,0,0,0
3731636,2,F,B,D,HBACK,3,0,0,0
3583586,4,F,C,A,SEDAN,3,0,0,0
1147061,3,F,D,C,SEDAN,2,0,0,0
910903,1,F,A,C,SEDAN,2,0,0,0
3556336,3,M,C,A,SEDAN,3,0,0,0
3481568,3,F,B,B,STNWG,2,0,0,0
5619563,3,M,C,D,STNWG,3,0,0,0
1049272,2,M,C,C,UTE,3,0,0,0
4068839,2,M,B,D,UTE,4,0,0,0
1016026,6,F,A,D,SEDAN,3,0,0,0
7450127,2,M,D,B,HBACK,2,1,1,1625.059998
2047383,6,M,C,C,STNWG,3,0,0,0
4759529,2,F,A,C,STNWG,1,0,0,0
14856,5,F,B,B,HBACK,2,0,0,0
2540082,3,F,C,D,STNWG,4,0,0,0
4053517,4,M,C,D,HBACK,4,0,0,0
2596169,2,F,C,C,TRUCK,2,0,0,0
8464999,2,F,F,B,HBACK,3,0,0,0
2901844,2,F,C,D,SEDAN,3,0,0,0
5988244,6,M,D,D,STNWG,4,0,0,0
1349499,2,F,C,D,SEDAN,2,1,1,497.5299997
3857023,4,M,C,B,HBACK,3,1,1,200
6796778,6,M,B,D,PANVN,4,0,0,0
5335558,3,M,F,C,HDTOP,4,0,0,0
9416306,4,M,C,D,STNWG,1,0,0,0
3156106,5,F,A,B,HBACK,4,0,0,0
537567,2,F,E,D,STNWG,4,0,0,0
2816790,1,M,A,D,UTE,3,0,0,0
9607904,2,F,E,D,SEDAN,2,1,1,380.6299996
7532555,4,F,B,D,HBACK,1,0,0,0
7087092,3,F,B,B,HBACK,1,0,0,0
9442786,6,F,A,D,HBACK,3,0,0,0
1005227,2,M,C,D,SEDAN,2,0,0,0
1153762,1,F,C,D,SEDAN,4,0,0,0
3177855,4,M,A,B,SEDAN,4,0,0,0
4943844,1,M,A,D,UTE,3,0,0,0
379635,2,F,A,C,STNWG,4,0,0,0
7177454,5,M,B,C,HBACK,4,0,0,0
1701116,3,M,D,C,HDTOP,4,0,0,0
8285990,1,M,D,D,UTE,2,0,0,0
4088964,2,F,B,D,SEDAN,4,0,0,0
1160097,3,M,A,D,STNWG,2,0,0,0
332909,2,M,B,D,TRUCK,4,0,0,0
8335390,3,F,C,D,SEDAN,2,0,0,0
2050411,5,M,E,B,HBACK,1,0,0,0
4954257,3,F,D,D,STNWG,4,0,0,0
4747857,4,F,A,A,STNWG,3,0,0,0
7694104,4,M,B,D,SEDAN,1,0,0,0
5840712,3,F,B,D,TRUCK,1,0,0,0
9743461,1,F,D,B,HBACK,3,0,0,0
2874705,4,M,B,C,UTE,4,0,0,0
2386034,1,M,B,C,UTE,1,0,0,0
6131295,3,M,D,D,STNWG,4,0,0,0
3781109,4,F,A,C,SEDAN,3,0,0,0
8756641,4,M,C,C,UTE,3,0,0,0
9696966,3,F,A,D,STNWG,1,0,0,0
1773923,6,F,A,D,HBACK,4,1,1,200
9399705,3,M,C,C,STNWG,2,0,0,0
8916748,3,M,C,D,STNWG,1,0,0,0
2256461,3,F,B,C,HBACK,3,0,0,0
856854,4,M,B,D,SEDAN,4,0,0,0
8543702,1,M,D,C,UTE,1,0,0,0
74661,3,M,B,C,STNWG,4,0,0,0
3820823,3,M,A,D,STNWG,3,1,1,200.0299988
111107,6,M,B,D,HBACK,4,0,0,0
2974982,3,M,C,C,STNWG,4,0,0,0
3562806,5,F,B,D,STNWG,3,0,0,0
7544556,4,F,A,B,HBACK,3,0,0,0
1959943,4,F,A,D,HBACK,2,0,0,0
6511439,2,F,A,C,SEDAN,4,0,0,0
7915023,4,F,B,B,HBACK,4,1,1,1457.959999
1679347,6,M,E,C,STNWG,1,0,0,0
7400655,6,F,C,C,SEDAN,3,0,0,0
4196884,4,F,D,B,SEDAN,3,0,0,0
6837176,3,F,D,C,SEDAN,3,0,0,0
1771192,5,M,E,D,SEDAN,1,0,0,0
9268138,2,M,C,D,HBACK,1,0,0,0
7318411,5,F,B,B,SEDAN,3,0,0,0
4088933,4,F,C,D,SEDAN,2,0,0,0
6174456,4,M,D,D,SEDAN,4,0,0,0
7007036,5,M,C,D,SEDAN,2,0,0,0
6431338,5,F,B,B,SEDAN,3,0,0,0
2732877,6,F,C,B,HBACK,2,0,0,0
3215563,3,M,D,D,HDTOP,3,0,0,0
4191707,4,M,A,B,SEDAN,3,1,1,200
6795931,5,M,C,D,SEDAN,4,0,0,0
3998333,1,F,B,D,HBACK,3,1,1,1407.276344
3828947,4,F,E,D,SEDAN,3,0,0,0
5866025,6,M,A,B,SEDAN,3,0,0,0
5796426,5,F,B,D,HBACK,4,0,0,0
4782556,3,F,B,D,MIBUS,4,0,0,0
8083742,2,F,A,C,STNWG,2,0,0,0
9514297,6,F,B,B,HBACK,2,0,0,0
4354706,5,F,A,B,COUPE,2,0,0,0
6511971,5,F,B,D,SEDAN,2,0,0,0
5216109,1,F,C,D,STNWG,4,0,0,0
2972042,2,F,B,B,HBACK,1,0,0,0
5990902,4,M,D,D,STNWG,4,0,0,0
7137797,4,F,C,C,SEDAN,2,0,0,0
1827461,5,M,E,B,SEDAN,3,0,0,0
8524483,3,F,D,C,SEDAN,2,0,0,0
1637827,4,M,A,B,SEDAN,2,0,0,0
2525030,2,F,C,D,HBACK,1,0,0,0
761099,2,M,E,C,SEDAN,3,0,0,0
789422,5,M,C,D,HBACK,4,1,1,1391.939999
6836613,3,M,D,D,STNWG,1,0,0,0
559671,2,F,D,D,HBACK,3,0,0,0
3926320,5,F,A,D,SEDAN,1,0,0,0
6443268,4,F,B,B,SEDAN,3,0,0,0
772083,4,M,D,C,UTE,4,0,0,0
6749010,3,F,C,B,SEDAN,4,0,0,0
2662216,5,M,B,D,SEDAN,4,0,0,0
7143027,3,F,A,B,HBACK,3,0,0,0
244699,5,F,A,D,STNWG,1,0,0,0
7757017,4,F,C,B,SEDAN,3,1,1,667.8899994
6669230,5,F,C,D,HBACK,3,0,0,0
6540732,2,M,C,B,HBACK,4,1,1,331.5999999
9014225,6,M,C,C,STNWG,3,1,1,1195.929998
3947145,2,F,C,B,HBACK,3,0,0,0
5409480,2,F,B,D,MCARA,3,0,0,0
6737707,3,M,E,D,STNWG,3,0,0,0
9748755,3,F,B,B,HBACK,2,0,0,0
9298049,3,F,C,B,SEDAN,3,0,0,0
8696611,3,M,A,D,STNWG,2,0,0,0
7315042,2,F,A,D,HBACK,3,0,0,0
4523249,3,F,C,B,HBACK,2,0,0,0
4621897,3,F,D,D,PANVN,4,0,0,0
8318226,5,F,D,D,STNWG,3,0,0,0
7549544,4,F,A,D,SEDAN,1,0,0,0
9430309,1,M,B,B,SEDAN,4,0,0,0
8893141,3,F,D,D,SEDAN,3,0,0,0
6377602,2,M,F,D,STNWG,2,0,0,0
3790910,2,M,C,D,STNWG,2,0,0,0
687947,5,M,C,B,SEDAN,3,0,0,0
113774,3,M,B,B,HBACK,1,0,0,0
6796805,5,M,D,D,SEDAN,1,0,0,0
9149923,2,M,D,D,HDTOP,4,1,1,200
4740437,2,F,E,C,HBACK,3,0,0,0
9248022,3,F,D,D,STNWG,2,0,0,0
237630,3,F,B,C,STNWG,1,0,0,0
3090500,2,F,A,C,STNWG,4,0,0,0
4641376,1,F,C,B,HBACK,2,0,0,0
3823891,3,F,C,B,HBACK,4,1,1,14816.64996
5077528,3,F,C,C,STNWG,4,0,0,0
7679487,2,M,B,C,STNWG,3,0,0,0
5083164,6,F,C,B,HBACK,1,0,0,0
4549182,3,M,A,D,SEDAN,1,0,0,0
9076917,3,F,D,D,SEDAN,4,0,0,0
8159381,5,F,C,D,HBACK,4,0,0,0
5883990,6,F,D,D,SEDAN,2,0,0,0
1198833,3,F,A,C,STNWG,2,0,0,0
8222565,4,F,D,D,STNWG,2,0,0,0
1767735,5,M,E,D,UTE,1,0,0,0
9431020,3,F,B,B,STNWG,1,0,0,0
6223648,6,F,C,D,SEDAN,3,0,0,0
1574309,5,F,B,C,SEDAN,4,0,0,0
6203337,5,M,E,C,STNWG,4,0,0,0
8452282,5,M,C,A,PANVN,2,0,0,0
4192272,5,F,B,D,STNWG,4,0,0,0
9564662,2,F,C,B,HBACK,3,0,0,0
2566334,3,F,A,D,STNWG,3,0,0,0
899919,3,F,B,C,UTE,3,0,0,0
3958902,2,M,F,D,STNWG,1,1,1,2427.169998
5490435,1,F,D,C,SEDAN,1,0,0,0
4035841,2,F,E,B,SEDAN,4,0,0,0
7644833,5,F,A,D,SEDAN,4,0,0,0
9028043,3,F,C,B,HBACK,1,0,0,0
108532,1,F,C,B,STNWG,1,0,0,0
6503410,6,M,D,D,HBACK,4,0,0,0
3841523,3,F,A,C,SEDAN,2,0,0,0
3560153,4,M,C,D,SEDAN,3,0,0,0
6054852,5,M,C,D,STNWG,3,0,0,0
5338315,3,F,A,D,SEDAN,3,0,0,0
1803570,3,F,A,A,SEDAN,3,0,0,0
4490836,4,F,C,B,HBACK,3,0,0,0
2466438,6,M,A,D,STNWG,2,0,0,0
891586,2,F,B,A,STNWG,2,0,0,0
8602704,3,F,A,D,MIBUS,4,0,0,0
777824,2,F,C,D,HBACK,3,0,0,0
5146425,3,M,B,D,SEDAN,3,0,0,0
7552564,4,F,C,B,STNWG,3,0,0,0
6307635,1,M,C,D,UTE,4,0,0,0
7974547,5,F,A,C,STNWG,3,0,0,0
7453986,2,M,A,B,STNWG,1,0,0,0
7297418,3,F,E,B,HBACK,3,0,0,0
763479,2,F,D,C,STNWG,2,0,0,0
6742540,2,M,E,D,STNWG,4,0,0,0
3684826,2,M,A,D,HBACK,3,0,0,0
2055095,2,M,E,D,STNWG,4,0,0,0
1251504,6,M,A,D,SEDAN,1,0,0,0
2466586,3,F,C,C,STNWG,4,0,0,0
6324444,2,M,C,D,COUPE,3,0,0,0
2439362,3,F,B,D,SEDAN,4,0,0,0
2811877,4,M,E,B,HBACK,3,0,0,0
6962573,1,M,C,C,UTE,2,0,0,0
6916313,3,M,C,C,SEDAN,4,0,0,0
8007899,3,M,F,D,STNWG,3,0,0,0
9600456,5,M,B,B,HBACK,2,0,0,0
9028446,3,M,F,D,HDTOP,3,0,0,0
2885688,3,M,C,D,MIBUS,4,0,0,0
467730,2,F,D,D,TRUCK,3,0,0,0
1275204,4,F,F,D,STNWG,4,0,0,0
8262792,3,F,B,B,SEDAN,2,0,0,0
7293052,3,F,C,D,COUPE,4,0,0,0
9639255,4,F,C,D,HBACK,4,0,0,0
6800718,3,F,B,D,STNWG,1,0,0,0
7210312,3,M,A,B,SEDAN,4,0,0,0
4080877,5,M,C,C,TRUCK,2,0,0,0
192562,6,F,D,B,STNWG,1,0,0,0
5110396,4,M,B,C,HBACK,4,0,0,0
4959447,3,M,C,D,TRUCK,4,0,0,0
7700713,2,M,E,D,UTE,4,0,0,0
2478722,6,F,A,D,SEDAN,2,1,1,2878.519997
3481216,2,F,B,D,SEDAN,2,0,0,0
4698196,3,F,A,D,SEDAN,1,0,0,0
7553724,4,F,A,D,SEDAN,2,0,0,0
1634008,4,F,C,C,STNWG,3,0,0,0
1494759,4,M,C,D,SEDAN,3,0,0,0
1490725,3,F,C,C,STNWG,2,0,0,0
9813210,3,M,A,C,HBACK,4,0,0,0
8748207,2,M,C,D,HBACK,4,0,0,0
5344746,4,F,B,B,HBACK,2,0,0,0
1330911,2,F,D,B,SEDAN,1,0,0,0
6975862,2,F,C,B,SEDAN,3,0,0,0
8212086,1,F,C,D,HBACK,2,0,0,0
1269199,5,F,C,B,HBACK,2,0,0,0
4646708,2,F,A,D,COUPE,4,0,0,0
486108,5,F,C,C,SEDAN,4,0,0,0
6863158,1,M,C,B,HBACK,3,0,0,0
4600650,5,F,A,D,SEDAN,1,0,0,0
998011,5,F,A,C,HBACK,3,0,0,0
7206326,4,M,B,B,SEDAN,3,0,0,0
305374,3,M,A,D,UTE,2,0,0,0
3558333,4,F,E,D,HBACK,4,0,0,0
6544443,5,F,B,A,SEDAN,2,0,0,0
9414469,3,M,F,C,STNWG,1,0,0,0
196210,2,M,D,C,TRUCK,2,0,0,0
1361749,3,F,E,D,SEDAN,3,0,0,0
6800016,2,F,C,D,STNWG,4,0,0,0
8400837,2,F,F,D,STNWG,3,0,0,0
6860044,3,F,E,C,STNWG,3,0,0,0
3855462,2,F,D,D,STNWG,3,0,0,0
1682997,3,F,A,D,HBACK,4,0,0,0
1155999,2,F,D,D,HBACK,1,0,0,0
2622402,2,M,C,D,UTE,3,0,0,0
675230,5,F,D,B,HBACK,1,0,0,0
269138,5,F,A,B,HBACK,3,0,0,0
8762131,3,M,B,D,SEDAN,2,0,0,0
1286767,1,F,B,B,SEDAN,4,0,0,0
9881101,1,M,C,C,UTE,4,0,0,0
1165729,4,F,C,D,SEDAN,2,0,0,0
1676649,3,F,B,B,HBACK,2,0,0,0
4026668,3,F,D,D,STNWG,2,0,0,0
4905461,4,F,C,B,SEDAN,2,0,0,0
9190273,5,F,C,D,STNWG,4,0,0,0
7770558,5,F,D,B,HBACK,1,0,0,0
4613254,4,F,A,A,SEDAN,2,0,0,0
3232470,1,M,C,D,SEDAN,2,0,0,0
7784116,3,F,B,B,HBACK,4,1,1,353.77
3298488,5,F,D,D,HDTOP,2,1,1,410.8399997
9312173,6,M,C,D,STNWG,2,0,0,0
4070058,4,F,B,B,HBACK,1,0,0,0
7014145,1,F,A,B,HBACK,3,0,0,0
4828732,5,F,C,D,HBACK,2,0,0,0
2924467,2,M,B,B,SEDAN,3,0,0,0
3779894,3,M,A,B,HBACK,4,0,0,0
6635794,3,M,B,D,SEDAN,3,0,0,0
2603390,3,M,A,D,SEDAN,3,0,0,0
691290,4,F,C,D,MIBUS,4,0,0,0
1239874,1,F,C,B,HBACK,3,0,0,0
1203942,4,F,B,C,SEDAN,3,0,0,0
487979,5,F,C,B,STNWG,1,1,2,959.4199991
1353495,5,M,D,A,SEDAN,1,0,0,0
1290966,4,F,D,C,COUPE,4,0,0,0
106429,2,M,D,D,UTE,4,0,0,0
5742688,2,F,B,D,HBACK,2,0,0,0
6912693,3,M,A,D,SEDAN,2,0,0,0
6581058,3,M,A,B,HBACK,3,0,0,0
9167008,3,M,F,D,STNWG,2,0,0,0
2727685,3,F,C,D,HBACK,4,0,0,0
8070445,4,F,B,D,SEDAN,2,0,0,0
1713659,5,F,C,D,SEDAN,1,0,0,0
1254714,4,F,C,C,SEDAN,4,0,0,0
6285792,2,M,B,D,UTE,4,0,0,0
5458075,4,M,B,B,HBACK,2,0,0,0
5526835,3,F,A,B,SEDAN,3,0,0,0
6506072,3,F,D,D,SEDAN,4,0,0,0
544112,5,M,B,D,HBACK,4,0,0,0
4164185,6,M,C,B,HBACK,1,0,0,0
7770278,5,F,B,D,SEDAN,4,0,0,0
2554388,5,M,B,C,STNWG,4,0,0,0
9976891,3,F,D,D,STNWG,4,0,0,0
9033536,2,F,C,B,STNWG,1,1,1,200
5779916,3,F,D,A,STNWG,2,0,0,0
3295942,4,F,A,B,HBACK,1,0,0,0
2911518,3,M,A,D,STNWG,2,0,0,0
4687684,5,M,B,D,UTE,4,0,0,0
6517960,4,F,F,D,UTE,3,0,0,0
4832450,1,F,B,D,STNWG,4,0,0,0
1889195,5,M,A,D,STNWG,4,0,0,0
9458235,5,F,C,B,HBACK,1,0,0,0
3377028,2,M,A,D,STNWG,2,0,0,0
2055523,4,F,D,D,STNWG,4,0,0,0
3897149,3,F,C,D,SEDAN,1,0,0,0
1730190,3,F,E,B,SEDAN,1,0,0,0
2182225,5,M,C,D,SEDAN,2,0,0,0
4551580,4,M,E,C,STNWG,1,0,0,0
8557035,5,F,A,C,SEDAN,4,0,0,0
2549471,3,F,D,C,STNWG,4,0,0,0
2454812,2,F,C,B,HBACK,1,0,0,0
7914101,4,M,B,D,UTE,4,0,0,0
6781108,3,F,A,D,HBACK,2,0,0,0
7674146,4,M,C,B,HBACK,3,0,0,0
3882458,4,M,D,C,TRUCK,1,0,0,0
6991908,2,F,B,D,SEDAN,4,0,0,0
8882875,4,M,D,D,HBACK,3,0,0,0
9425314,4,F,B,D,SEDAN,3,0,0,0
9392264,1,F,B,B,HBACK,4,0,0,0
5345601,4,M,B,B,HBACK,2,0,0,0
7116131,3,F,A,B,SEDAN,2,0,0,0
7084710,1,F,B,B,HBACK,2,0,0,0
4265865,5,F,C,D,STNWG,2,0,0,0
6739247,2,M,D,D,HDTOP,3,0,0,0
1310266,6,M,B,D,HBACK,4,0,0,0
4956093,6,M,B,C,STNWG,2,0,0,0
9738914,5,M,C,D,SEDAN,4,0,0,0
1382509,5,F,B,C,SEDAN,3,0,0,0
2786866,2,F,A,D,STNWG,3,0,0,0
7556492,5,F,A,D,SEDAN,3,0,0,0
8847290,1,F,E,C,SEDAN,4,0,0,0
7879853,3,F,C,B,STNWG,2,1,1,200
6605589,3,F,C,B,SEDAN,3,0,0,0
4309078,2,F,F,D,HDTOP,2,0,0,0
244695,1,F,C,D,SEDAN,4,0,0,0
8756239,5,M,E,D,STNWG,1,0,0,0
7062349,3,F,F,D,STNWG,4,0,0,0
9977276,2,M,E,C,STNWG,2,0,0,0
7211427,3,M,C,D,SEDAN,1,1,1,4238.719994
6586255,2,F,B,D,SEDAN,3,0,0,0
6227944,4,M,B,D,SEDAN,2,0,0,0
7700327,2,F,E,D,STNWG,3,0,0,0
4835952,4,M,C,C,STNWG,2,0,0,0
3117970,2,F,D,D,UTE,4,0,0,0
1511804,3,M,A,B,HBACK,1,0,0,0
1202750,2,M,C,D,SEDAN,1,0,0,0
467847,6,F,B,B,SEDAN,3,0,0,0
9919673,1,M,B,D,HBACK,3,1,1,200
8479686,4,M,C,D,STNWG,4,0,0,0
8778982,1,F,F,B,HBACK,3,0,0,0
5360237,4,F,E,D,SEDAN,1,0,0,0
292035,5,F,C,B,HBACK,1,0,0,0
6543628,3,F,F,D,TRUCK,4,0,0,0
9413917,3,F,D,C,STNWG,4,0,0,0
8079546,4,M,C,D,STNWG,3,0,0,0
6322197,2,M,D,D,TRUCK,4,1,1,389.9499998
4691204,5,F,F,D,UTE,4,0,0,0
5856340,2,F,C,D,HBACK,2,0,0,0
4548047,6,M,E,C,STNWG,3,0,0,0
9870137,3,M,B,D,HBACK,3,0,0,0
6402111,3,M,B,D,STNWG,1,0,0,0
2391827,3,F,B,B,SEDAN,3,0,0,0
5968423,3,F,B,C,STNWG,2,0,0,0
1000605,5,F,A,D,SEDAN,1,0,0,0
8744926,3,F,C,B,HBACK,3,0,0,0
6445110,1,F,C,D,SEDAN,3,0,0,0
8296258,3,F,A,D,COUPE,3,0,0,0
7137831,2,M,D,C,STNWG,2,0,0,0
6679251,2,M,C,B,HBACK,4,0,0,0
5986763,3,M,D,D,STNWG,4,0,0,0
2099628,6,M,C,D,STNWG,3,0,0,0
1773187,1,F,B,D,HBACK,4,0,0,0
4452627,6,F,D,C,SEDAN,2,0,0,0
4643527,4,M,E,D,SEDAN,2,0,0,0
5466717,4,F,C,D,HBACK,2,0,0,0
6623808,5,M,D,D,HBACK,4,0,0,0
7411515,4,F,C,D,STNWG,3,0,0,0
9469170,3,M,B,D,UTE,3,0,0,0
6938062,5,M,B,D,TRUCK,3,0,0,0
9972316,6,F,C,C,HBACK,4,0,0,0
5365739,2,M,A,D,PANVN,3,0,0,0
1614257,3,M,A,D,UTE,2,0,0,0
477173,1,M,F,D,SEDAN,4,0,0,0
1408198,4,F,A,D,SEDAN,1,0,0,0
492536,2,M,D,D,HDTOP,4,1,1,252.3899994
5644201,4,F,B,C,STNWG,3,0,0,0
8811296,4,F,C,D,SEDAN,4,0,0,0
7867478,4,M,C,D,STNWG,1,0,0,0
3732945,2,F,D,C,STNWG,1,0,0,0
884730,5,M,B,C,STNWG,2,0,0,0
7101241,5,F,D,D,SEDAN,4,0,0,0
7976655,2,F,B,B,STNWG,3,0,0,0
3480449,4,F,C,D,HBACK,4,0,0,0
1119951,6,F,B,D,SEDAN,2,0,0,0
2521614,2,F,B,D,HBACK,3,0,0,0
5891320,5,M,C,C,SEDAN,1,0,0,0
8235925,2,F,F,D,STNWG,1,1,1,5858.019989
2424778,3,F,D,D,SEDAN,4,1,1,2022.299999
3564298,5,F,C,D,SEDAN,4,0,0,0
770456,6,M,A,D,SEDAN,1,1,1,2988.159996
7125541,5,F,C,C,STNWG,1,0,0,0
7541633,6,M,D,D,STNWG,4,0,0,0
3994866,2,F,B,D,SEDAN,4,0,0,0
3155555,4,M,A,B,COUPE,3,0,0,0
2402608,1,M,A,B,HBACK,1,0,0,0
920178,3,F,B,B,SEDAN,3,0,0,0
1960540,4,F,A,C,STNWG,1,0,0,0
1042137,1,M,A,D,HBACK,4,0,0,0
8653370,4,M,A,B,SEDAN,2,0,0,0
6935397,6,F,C,D,HBACK,1,0,0,0
1096740,6,F,C,C,SEDAN,1,0,0,0
1141237,1,M,D,D,UTE,3,0,0,0
2667563,4,F,D,D,SEDAN,2,0,0,0
5325730,6,M,A,C,HBACK,4,0,0,0
4145377,4,F,F,B,STNWG,2,0,0,0
2063468,3,F,F,D,HBACK,1,0,0,0
6032840,4,F,C,D,SEDAN,3,0,0,0
7294194,5,F,C,D,SEDAN,3,0,0,0
3217541,5,F,D,B,HBACK,3,0,0,0
1261107,5,M,C,D,HDTOP,4,0,0,0
9990310,6,M,B,D,SEDAN,4,1,1,1789.139999
7274134,1,M,E,D,TRUCK,3,0,0,0
3481051,5,F,C,B,SEDAN,3,0,0,0
737662,3,M,C,D,SEDAN,2,0,0,0
6843928,6,F,D,D,SEDAN,3,0,0,0
3905316,3,M,A,B,HBACK,4,0,0,0
9725154,2,F,C,B,SEDAN,2,0,0,0
2617429,2,F,A,B,SEDAN,3,0,0,0
1387519,6,M,B,C,STNWG,3,1,1,353.7999997
685501,3,F,F,B,HBACK,3,0,0,0
5956529,2,F,E,C,UTE,4,0,0,0
1612861,2,M,C,D,TRUCK,2,0,0,0
9812018,2,F,B,C,STNWG,4,0,0,0
320183,4,F,D,D,STNWG,1,0,0,0
7976522,3,F,C,D,HBACK,4,1,1,10913.16995
5330290,4,M,D,B,SEDAN,1,0,0,0
3677874,4,F,A,B,HBACK,3,0,0,0
3868363,1,F,E,B,HBACK,4,0,0,0
877451,4,M,C,D,UTE,4,0,0,0
3176279,1,M,B,C,UTE,2,0,0,0
7869921,2,F,C,B,HBACK,1,1,1,473.1299963
1086484,1,M,A,C,STNWG,1,0,0,0
6926051,3,F,F,D,STNWG,4,0,0,0
4160488,5,M,E,D,STNWG,2,0,0,0
2439886,5,F,C,D,SEDAN,4,0,0,0
2120607,4,M,D,C,UTE,4,0,0,0
1404199,3,F,D,D,STNWG,4,1,1,863.5599995
8144341,4,F,A,D,HBACK,2,0,0,0
9444579,3,M,B,D,HBACK,4,0,0,0
2288716,4,F,C,D,HDTOP,2,0,0,0
1347127,1,F,A,B,HBACK,3,0,0,0
4801055,2,F,B,B,SEDAN,2,0,0,0
2745275,4,F,A,B,SEDAN,3,0,0,0
7857805,3,F,B,B,HBACK,3,0,0,0
2233497,2,M,B,D,SEDAN,1,0,0,0
528223,3,F,E,D,COUPE,4,0,0,0
7115551,3,F,F,C,STNWG,3,0,0,0
6798026,2,F,C,B,HBACK,3,0,0,0
3338756,1,M,A,D,STNWG,4,0,0,0
316712,1,M,D,D,HBACK,1,1,1,9278.859985
408089,4,M,C,C,COUPE,4,0,0,0
4665299,4,F,B,B,HBACK,3,0,0,0
6168221,1,M,A,D,STNWG,2,0,0,0
1030948,3,M,C,D,UTE,2,1,1,586.8299999
682522,6,F,A,D,SEDAN,4,0,0,0
1119681,4,F,B,D,HBACK,3,0,0,0
9441557,2,F,C,B,HBACK,4,0,0,0
9426070,4,F,C,B,HBACK,2,1,1,3694.279999
6216151,3,F,A,B,HBACK,2,0,0,0
3780098,2,M,C,D,HBACK,2,0,0,0
3478934,4,M,C,D,STNWG,1,0,0,0
3921662,5,M,B,B,SEDAN,1,0,0,0
8820191,1,F,A,C,UTE,1,0,0,0
3916041,3,F,B,B,SEDAN,3,0,0,0
228658,4,F,D,D,STNWG,2,0,0,0
1402375,3,M,B,D,HBACK,4,0,0,0
1016491,4,F,B,D,SEDAN,3,0,0,0
7611459,6,F,A,B,SEDAN,3,0,0,0
1624539,2,F,C,D,HBACK,1,0,0,0
8057066,4,M,C,D,SEDAN,4,0,0,0
8464099,3,M,E,D,STNWG,1,0,0,0
7254260,5,M,E,D,HDTOP,3,0,0,0
4547289,5,M,A,D,STNWG,2,0,0,0
6415923,5,M,A,C,HBACK,4,0,0,0
5217397,5,M,D,D,UTE,3,0,0,0
8765760,5,M,B,B,SEDAN,3,0,0,0
8259074,5,F,A,D,SEDAN,4,0,0,0
4375321,1,F,A,B,HBACK,3,0,0,0
7587279,4,F,C,B,HBACK,2,1,1,353.77
402526,1,F,B,B,HBACK,1,1,1,200
7015544,5,M,C,D,PANVN,1,0,0,0
1773544,4,M,A,B,HBACK,2,0,0,0
4702846,3,F,F,D,STNWG,4,0,0,0
7349429,6,F,C,D,HBACK,3,0,0,0
420631,4,M,B,D,HBACK,3,0,0,0
245609,5,M,C,D,STNWG,3,0,0,0
4901085,5,M,B,D,STNWG,2,0,0,0
8090708,5,F,E,B,SEDAN,4,0,0,0
4189168,6,M,C,B,HBACK,2,0,0,0
3319404,2,F,F,D,UTE,3,0,0,0
9412956,5,M,C,C,SEDAN,4,1,1,493.3799992
6772056,3,F,C,B,HBACK,2,0,0,0
303729,4,F,C,B,HBACK,1,0,0,0
261828,1,F,A,B,HBACK,4,0,0,0
3006497,3,M,D,D,STNWG,3,0,0,0
6540381,2,F,C,D,STNWG,4,0,0,0
5954722,2,F,A,B,HBACK,2,0,0,0
5402303,2,M,D,D,TRUCK,3,0,0,0
9170582,6,F,A,D,SEDAN,3,0,0,0
5593247,6,M,A,D,SEDAN,2,0,0,0
4065600,4,F,D,D,STNWG,3,0,0,0
9744850,3,F,C,C,STNWG,3,0,0,0
3389298,6,F,C,B,HBACK,3,0,0,0
640114,4,F,B,D,SEDAN,2,0,0,0
9447120,2,M,E,D,SEDAN,2,0,0,0
897582,5,M,A,B,SEDAN,2,0,0,0
266635,2,M,A,D,UTE,4,0,0,0
7320572,3,F,C,D,SEDAN,2,1,1,353.77
60222,1,M,C,B,HBACK,2,0,0,0
9440764,3,M,C,D,PANVN,4,0,0,0
7544347,4,F,A,A,SEDAN,3,0,0,0
4359602,1,F,B,D,STNWG,3,0,0,0
3677421,1,M,A,D,STNWG,4,0,0,0
946571,2,M,A,D,STNWG,4,0,0,0
7684236,4,M,C,D,SEDAN,1,0,0,0
4755471,3,F,C,D,SEDAN,4,0,0,0
3204553,5,F,E,C,SEDAN,3,0,0,0
1768783,2,F,A,D,HBACK,3,0,0,0
5694391,6,F,A,D,HBACK,4,0,0,0
4480129,3,F,C,D,SEDAN,4,0,0,0
3961245,3,F,B,D,SEDAN,4,0,0,0
8755834,5,F,A,D,STNWG,2,1,1,200
9763439,2,F,F,D,STNWG,2,0,0,0
156848,4,M,D,C,SEDAN,1,0,0,0
1670857,6,F,C,D,HBACK,2,1,1,1426
9483271,4,F,A,D,SEDAN,4,1,1,2331.539993
526949,5,F,D,B,HBACK,3,0,0,0
9243129,1,F,F,B,SEDAN,1,0,0,0
9727038,3,M,A,D,UTE,3,0,0,0
5405977,1,M,A,D,SEDAN,2,0,0,0
6033095,5,M,B,D,STNWG,4,0,0,0
2874847,4,M,A,D,STNWG,2,0,0,0
2011329,2,M,B,B,HBACK,2,0,0,0
2294787,3,F,E,D,HBACK,4,0,0,0
824873,2,M,F,D,STNWG,2,0,0,0
6229894,5,F,A,D,HBACK,4,0,0,0
491981,4,F,C,D,SEDAN,3,0,0,0
6803538,4,M,C,D,UTE,4,0,0,0
929810,2,F,C,B,HBACK,4,0,0,0
9866038,3,F,B,D,SEDAN,3,0,0,0
4741710,5,M,A,D,SEDAN,4,0,0,0
9453657,5,M,B,D,STNWG,2,0,0,0
6539504,5,F,B,B,SEDAN,2,0,0,0
2734925,6,M,C,B,SEDAN,4,0,0,0
1928944,4,F,B,B,HBACK,2,0,0,0
5373048,3,M,C,D,SEDAN,3,0,0,0
2008289,5,M,C,B,SEDAN,1,0,0,0
8405142,6,F,B,B,SEDAN,3,0,0,0
3410069,3,F,F,D,STNWG,4,0,0,0
1916952,2,F,C,D,UTE,3,0,0,0
2881053,4,M,B,D,SEDAN,1,0,0,0
7068720,2,F,B,D,STNWG,3,0,0,0
5139709,5,F,E,D,SEDAN,4,0,0,0
103553,6,M,A,B,SEDAN,3,0,0,0
3214259,3,F,E,C,UTE,2,1,1,465
216896,2,F,A,D,HBACK,4,0,0,0
1317849,1,F,D,C,SEDAN,3,0,0,0
8669536,5,M,C,D,SEDAN,3,0,0,0
6924103,2,M,A,D,STNWG,4,0,0,0
3968104,2,M,A,B,SEDAN,4,0,0,0
5056411,2,F,E,B,SEDAN,3,0,0,0
8380365,4,F,D,C,STNWG,3,0,0,0
8086746,6,M,A,D,STNWG,4,0,0,0
332939,2,F,B,C,STNWG,1,0,0,0
2118714,4,M,B,D,MIBUS,4,0,0,0
7429811,2,M,B,D,STNWG,3,1,1,200
826039,4,F,A,D,SEDAN,4,0,0,0
7508455,2,F,A,D,SEDAN,4,0,0,0
5879252,5,F,C,D,HBACK,3,0,0,0
9421507,5,F,B,D,SEDAN,4,0,0,0
9120770,3,F,D,B,SEDAN,4,0,0,0
4543371,4,F,C,D,STNWG,2,0,0,0
1574874,3,F,B,D,STNWG,2,0,0,0
2515807,3,F,E,D,SEDAN,1,0,0,0
1282295,5,F,A,B,HBACK,2,0,0,0
8203812,3,F,E,B,SEDAN,3,0,0,0
9150248,4,M,E,D,UTE,4,0,0,0
1675991,4,M,E,D,SEDAN,1,0,0,0
6225357,3,F,A,D,HDTOP,4,0,0,0
7436897,4,M,A,D,SEDAN,2,0,0,0
5808184,6,M,D,D,SEDAN,3,0,0,0
6023194,3,M,B,D,STNWG,3,0,0,0
6802002,5,M,D,C,SEDAN,3,0,0,0
901080,2,M,A,D,STNWG,4,0,0,0
9198966,4,M,A,B,HBACK,1,0,0,0
6740570,2,F,D,D,HBACK,3,0,0,0
4293549,4,F,E,B,HBACK,1,0,0,0
7712161,6,M,F,D,STNWG,3,0,0,0
1261316,1,M,A,D,STNWG,3,0,0,0
6971828,3,F,A,B,STNWG,3,0,0,0
6543714,4,M,C,C,STNWG,3,0,0,0
8122975,3,M,C,D,HBACK,1,0,0,0
4863517,4,F,B,D,HBACK,2,0,0,0
9431177,1,M,F,D,TRUCK,4,0,0,0
3296252,2,F,B,D,HBACK,3,1,1,3634.619995
689919,2,M,C,C,UTE,1,0,0,0
6740554,2,F,A,D,HBACK,3,0,0,0
3600187,6,F,D,D,HBACK,3,0,0,0
6433555,2,M,A,B,HBACK,4,0,0,0
7224799,4,M,B,D,STNWG,4,0,0,0
3921253,5,M,A,C,STNWG,4,0,0,0
2119334,3,F,C,D,HBACK,4,0,0,0
1311638,3,M,C,D,STNWG,3,0,0,0
4505757,2,F,F,B,STNWG,1,0,0,0
7551132,2,M,A,D,PANVN,3,0,0,0
251726,3,F,C,B,HBACK,4,0,0,0
6577676,2,M,A,C,STNWG,1,0,0,0
7177446,2,F,D,D,STNWG,2,0,0,0
6997126,3,F,C,D,HBACK,2,1,1,381.9199982
5039508,2,F,D,B,HBACK,4,0,0,0
2757040,1,F,C,B,SEDAN,2,0,0,0
7786423,3,F,C,B,STNWG,1,0,0,0
4745717,6,F,D,B,SEDAN,3,0,0,0
7692302,2,F,A,C,UTE,3,0,0,0
123127,4,F,F,D,HBACK,2,0,0,0
1621615,2,F,B,B,HBACK,2,1,1,200
7858889,1,F,A,D,HBACK,1,0,0,0
1321287,4,F,A,D,HBACK,2,0,0,0
589493,2,M,A,B,HBACK,3,0,0,0
4706226,3,F,B,D,SEDAN,2,0,0,0
3519204,6,F,B,B,HBACK,1,0,0,0
4410515,3,F,A,C,STNWG,2,0,0,0
6003342,3,M,B,D,SEDAN,1,0,0,0
1601840,4,M,D,D,SEDAN,4,0,0,0
1408705,2,M,F,D,STNWG,3,0,0,0
3335491,4,M,C,B,SEDAN,4,0,0,0
9411126,3,M,F,D,HDTOP,2,0,0,0
3481122,3,F,F,D,STNWG,4,0,0,0
7471366,6,M,C,D,SEDAN,3,0,0,0
9548198,3,F,A,D,STNWG,1,1,1,200
696205,3,M,E,B,STNWG,1,0,0,0
9070772,4,M,B,A,SEDAN,4,0,0,0
9365474,3,F,D,C,SEDAN,1,0,0,0
768754,1,F,B,D,HBACK,4,0,0,0
5114188,5,M,A,B,HBACK,3,0,0,0
4708326,3,F,F,D,STNWG,3,0,0,0
4359418,2,F,E,D,UTE,3,0,0,0
9341954,1,M,B,A,HBACK,1,1,1,353.77
1760484,3,M,A,D,STNWG,3,0,0,0
4798475,5,M,A,D,HBACK,2,0,0,0
4063606,6,M,D,D,STNWG,1,0,0,0
8780131,1,M,A,D,UTE,2,0,0,0
2603866,4,M,D,A,SEDAN,4,0,0,0
9142034,2,F,C,D,STNWG,4,0,0,0
2117179,2,M,A,D,UTE,2,0,0,0
3881417,6,F,A,B,HBACK,1,0,0,0
4175223,5,F,C,C,SEDAN,4,0,0,0
3507281,2,F,A,B,HBACK,4,0,0,0
7555992,4,M,A,B,HBACK,1,0,0,0
5585889,3,F,A,C,SEDAN,3,0,0,0
8225809,5,F,A,D,HBACK,2,0,0,0
4266381,3,M,A,D,SEDAN,3,0,0,0
6874831,6,M,C,B,HBACK,1,0,0,0
7400174,6,M,E,B,SEDAN,3,1,1,200
9325250,5,F,A,B,HBACK,3,0,0,0
6734157,5,F,D,D,SEDAN,4,0,0,0
7121200,5,F,D,B,HBACK,4,0,0,0
272019,1,F,D,D,SEDAN,2,0,0,0
8397256,4,M,C,D,UTE,3,0,0,0
466934,3,M,B,D,SEDAN,1,0,0,0
1394437,1,M,F,D,STNWG,4,0,0,0
6044176,2,F,F,C,TRUCK,3,0,0,0
2061444,2,F,A,C,HBACK,4,0,0,0
2526551,3,F,C,D,HBACK,3,0,0,0
2481005,2,M,E,D,STNWG,4,0,0,0
5055417,3,F,A,D,STNWG,1,0,0,0
1927908,4,F,C,D,STNWG,4,0,0,0
4774067,1,M,C,C,STNWG,2,0,0,0
2760364,4,M,A,B,HBACK,1,0,0,0
4221882,3,F,C,D,HBACK,2,0,0,0
8323089,6,M,D,D,STNWG,4,1,1,897.25
6737743,4,M,B,D,SEDAN,3,0,0,0
5947926,2,M,C,C,STNWG,2,0,0,0
8078407,4,M,C,B,HBACK,3,0,0,0
7576043,3,M,D,D,SEDAN,2,0,0,0
2724640,4,M,C,D,STNWG,4,0,0,0
5175897,2,F,D,D,STNWG,2,0,0,0
5785399,4,F,A,B,SEDAN,3,0,0,0
6714854,3,F,B,D,SEDAN,4,1,1,353.77
4120828,5,F,E,D,UTE,2,0,0,0
8399371,2,M,D,D,TRUCK,4,0,0,0
8107540,3,F,B,B,SEDAN,2,0,0,0
7613803,2,F,F,D,TRUCK,2,0,0,0
470769,5,F,B,C,TRUCK,4,0,0,0
1802001,3,M,A,D,SEDAN,3,0,0,0
4354714,3,F,C,D,STNWG,4,0,0,0
9397359,2,M,E,D,STNWG,3,0,0,0
2101427,5,F,C,D,HDTOP,4,0,0,0
9602952,4,F,C,B,HBACK,1,0,0,0
1667090,6,F,B,D,SEDAN,2,0,0,0
1229545,3,M,A,D,STNWG,3,0,0,0
7669272,2,M,A,D,HBACK,2,1,1,200
1929503,6,F,B,D,SEDAN,3,0,0,0
9028034,2,M,A,C,STNWG,4,0,0,0
2201294,2,F,D,B,SEDAN,3,0,0,0
2541665,3,F,A,B,HBACK,1,0,0,0
7528831,1,F,A,D,SEDAN,3,0,0,0
8654261,4,M,E,D,UTE,3,0,0,0
5856424,1,F,D,D,SEDAN,3,0,0,0
8808892,4,M,E,A,SEDAN,4,0,0,0
1802730,5,F,C,C,SEDAN,4,0,0,0
1926773,3,F,B,B,STNWG,3,0,0,0
8543920,4,M,C,C,UTE,2,0,0,0
7822660,3,F,B,C,SEDAN,2,1,1,1230.539997
9016278,4,F,A,D,SEDAN,2,0,0,0
359940,2,F,A,D,HBACK,2,0,0,0
2992033,2,F,C,B,HBACK,2,0,0,0
714184,2,F,B,D,SEDAN,3,0,0,0
9699133,3,F,C,B,SEDAN,3,0,0,0
4353093,3,F,A,C,HBACK,3,1,1,4945.919998
7943931,2,M,C,B,HBACK,1,0,0,0
9792702,1,F,A,D,HBACK,2,0,0,0
2052860,2,M,E,D,SEDAN,1,0,0,0
6064495,2,F,A,D,STNWG,1,0,0,0
1445617,6,F,C,D,SEDAN,4,0,0,0
2295725,3,M,C,D,STNWG,4,0,0,0
8262993,3,M,B,D,UTE,3,0,0,0
1014383,5,F,C,D,SEDAN,4,0,0,0
3154330,3,F,C,D,STNWG,4,0,0,0
6102946,4,F,B,D,HBACK,2,0,0,0
687336,5,F,C,C,SEDAN,2,0,0,0
5005063,2,F,C,D,SEDAN,2,0,0,0
1336305,4,F,A,D,SEDAN,3,0,0,0
7107804,2,F,C,D,SEDAN,1,0,0,0
1068156,5,F,A,D,SEDAN,1,0,0,0
4539771,6,F,B,D,SEDAN,4,0,0,0
3400847,6,M,E,D,HBACK,4,0,0,0
6799867,4,M,C,B,STNWG,3,0,0,0
2260306,4,F,A,D,SEDAN,3,0,0,0
4255964,5,F,C,D,SEDAN,2,0,0,0
4892952,5,F,C,C,HBACK,4,0,0,0
236612,3,F,F,D,SEDAN,1,0,0,0
8238600,3,M,F,D,UTE,2,0,0,0
1780320,3,M,C,B,SEDAN,3,0,0,0
3472031,5,M,D,C,STNWG,1,0,0,0
2720747,5,M,B,D,STNWG,3,0,0,0
7179345,3,F,E,B,SEDAN,2,0,0,0
1203059,6,F,C,D,SEDAN,3,0,0,0
6206350,1,F,A,D,STNWG,4,0,0,0
2666162,2,M,C,C,STNWG,2,0,0,0
5299158,5,M,A,C,STNWG,1,0,0,0
6199469,1,F,C,D,HBACK,2,0,0,0
1850926,4,M,C,C,SEDAN,3,0,0,0
4390092,3,M,A,D,HBACK,2,0,0,0
380782,5,F,A,D,STNWG,1,0,0,0
7951109,3,M,D,D,SEDAN,4,0,0,0
8266599,6,M,C,D,TRUCK,4,0,0,0
3486420,2,M,D,D,TRUCK,1,1,1,503.6399994
1448647,2,F,A,C,STNWG,4,0,0,0
6772881,3,F,E,D,SEDAN,3,0,0,0
2179767,6,M,E,D,SEDAN,4,0,0,0
7310292,3,F,B,B,HBACK,4,0,0,0
3989590,4,M,A,B,HBACK,1,0,0,0
5988216,6,M,C,C,UTE,4,0,0,0
486380,5,F,B,B,HBACK,1,0,0,0
2355703,5,F,C,D,HBACK,3,0,0,0
2061452,6,M,D,D,SEDAN,4,0,0,0
5406775,4,M,A,D,MIBUS,4,0,0,0
1769441,4,F,A,D,SEDAN,4,0,0,0
5927587,6,F,B,D,STNWG,3,0,0,0
888226,6,M,A,B,SEDAN,2,0,0,0
3855850,5,F,C,C,STNWG,4,0,0,0
5877491,3,F,A,D,HBACK,4,0,0,0
6900522,3,F,E,D,STNWG,2,0,0,0
798336,3,M,C,D,STNWG,4,0,0,0
572303,3,F,D,C,STNWG,4,0,0,0
8012099,5,M,A,D,STNWG,4,0,0,0
2823735,1,F,B,D,HBACK,3,0,0,0
482984,5,M,E,B,SEDAN,2,0,0,0
2231532,3,F,C,D,STNWG,3,0,0,0
9858227,4,M,A,D,HBACK,3,0,0,0
9436532,5,M,A,D,SEDAN,3,0,0,0
1832258,4,F,D,D,SEDAN,1,0,0,0
3388538,4,M,B,C,STNWG,4,0,0,0
2075677,6,F,B,B,HBACK,3,0,0,0
4644459,4,F,E,C,HBACK,3,0,0,0
6324262,2,F,D,D,STNWG,4,0,0,0
6788199,1,F,D,C,SEDAN,4,0,0,0
8743358,5,M,B,D,SEDAN,4,0,0,0
2043364,6,M,C,B,HBACK,4,0,0,0
7016663,1,M,B,D,HBACK,4,0,0,0
6736093,2,F,B,D,SEDAN,2,0,0,0
9452723,4,M,B,C,SEDAN,2,0,0,0
2406423,3,F,B,C,STNWG,1,0,0,0
8619229,2,F,A,B,HBACK,2,0,0,0
9235016,1,M,C,A,STNWG,2,0,0,0
3959842,2,M,C,D,STNWG,2,0,0,0
914746,2,M,A,D,SEDAN,2,0,0,0
7134918,5,M,A,D,HBACK,4,0,0,0
2433218,2,M,D,C,TRUCK,4,0,0,0
962691,3,F,B,C,SEDAN,1,0,0,0
4684883,4,F,E,B,HBACK,3,0,0,0
3736128,3,F,C,C,STNWG,2,0,0,0
7029199,5,F,C,B,HBACK,1,0,0,0
2355431,1,M,E,D,UTE,4,0,0,0
9543080,4,M,A,D,HBACK,1,0,0,0
7791681,2,F,B,B,HBACK,3,0,0,0
6626004,4,F,A,B,HBACK,1,0,0,0
1427984,5,M,D,D,STNWG,3,0,0,0
3303502,4,M,A,B,HBACK,2,0,0,0
1800314,5,M,C,B,HBACK,2,0,0,0
3475257,6,M,A,D,UTE,3,0,0,0
4234148,3,F,A,D,SEDAN,2,0,0,0
2434158,3,M,B,B,HBACK,2,0,0,0
4055235,4,F,C,C,HBACK,3,0,0,0
6791171,5,M,B,B,HBACK,2,0,0,0
7415817,5,F,D,D,HBACK,3,1,1,331.1300011
9039659,2,M,E,C,STNWG,1,0,0,0
5958902,3,F,B,B,SEDAN,3,0,0,0
3207709,6,M,C,C,SEDAN,1,0,0,0
740458,1,F,D,C,STNWG,4,0,0,0
6313944,1,M,C,D,UTE,4,0,0,0
1574388,4,M,A,D,STNWG,4,0,0,0
7028501,1,F,A,B,HBACK,1,0,0,0
4742273,1,F,C,D,HBACK,3,0,0,0
4355906,4,F,A,C,HBACK,4,0,0,0
8812772,5,M,B,D,UTE,3,0,0,0
7545683,4,F,C,D,STNWG,2,0,0,0
4737082,6,F,A,D,SEDAN,4,1,1,4132.639984
1338290,2,F,B,C,UTE,4,0,0,0
2153696,6,F,C,D,SEDAN,2,0,0,0
3116913,3,F,D,D,STNWG,4,0,0,0
4884594,6,M,C,D,STNWG,2,0,0,0
9856498,6,F,A,C,SEDAN,3,0,0,0
6925705,2,F,B,D,COUPE,4,0,0,0
3672398,5,F,C,D,SEDAN,3,0,0,0
1041764,5,M,D,A,SEDAN,2,0,0,0
6922082,6,M,A,D,SEDAN,3,0,0,0
2286708,6,F,C,D,SEDAN,2,0,0,0
1309922,5,M,F,C,UTE,1,0,0,0
4430179,5,F,A,B,STNWG,1,0,0,0
7176288,6,F,B,C,HBACK,4,0,0,0
9666754,3,F,D,B,STNWG,3,1,1,10037.17996
3212778,3,F,B,B,SEDAN,4,0,0,0
3449589,2,F,A,B,HBACK,3,0,0,0
5884482,6,F,C,D,SEDAN,3,0,0,0
6599395,3,F,D,C,STNWG,4,0,0,0
8253402,1,F,B,B,HBACK,3,0,0,0
1730237,2,F,C,B,HBACK,2,0,0,0
8094797,4,M,E,C,STNWG,3,0,0,0
2055087,6,F,A,D,SEDAN,4,0,0,0
6876119,4,F,E,D,SEDAN,4,0,0,0
2478170,4,F,C,D,STNWG,1,0,0,0
9020916,2,M,B,D,STNWG,4,0,0,0
6984149,4,F,C,B,HBACK,2,0,0,0
1515420,5,M,C,D,STNWG,1,0,0,0
451837,4,F,B,D,SEDAN,2,0,0,0
3153727,6,M,A,D,HBACK,3,0,0,0
5093870,2,M,E,C,STNWG,3,0,0,0
6802111,6,M,A,D,STNWG,1,0,0,0
6977619,4,M,B,B,HBACK,2,0,0,0
5310983,3,M,D,D,STNWG,4,0,0,0
5431122,3,F,D,D,HBACK,1,0,0,0
6916748,4,F,F,C,STNWG,2,0,0,0
4697532,4,M,A,D,SEDAN,3,0,0,0
979800,1,M,C,B,HBACK,2,0,0,0
4067324,4,F,C,C,STNWG,3,0,0,0
2433755,1,M,E,D,UTE,3,0,0,0
899544,4,F,C,B,HBACK,2,0,0,0
2306582,6,F,D,D,HBACK,2,0,0,0
9731090,3,F,D,D,SEDAN,4,0,0,0
2851921,5,F,A,C,UTE,1,0,0,0
9210458,6,F,D,D,HBACK,1,0,0,0
8446314,3,F,D,C,STNWG,4,0,0,0
4872286,6,F,C,D,HBACK,4,0,0,0
8912537,6,M,C,B,HBACK,3,0,0,0
373497,2,F,A,D,STNWG,3,0,0,0
1925670,3,F,D,C,STNWG,2,0,0,0
3478413,6,F,C,D,HBACK,1,0,0,0
9734608,5,F,C,C,SEDAN,3,1,1,631.1599999
8301278,4,F,B,D,SEDAN,3,0,0,0
9612295,1,M,A,D,STNWG,1,1,1,22339.54999
2719859,4,M,C,B,SEDAN,2,0,0,0
4915744,4,M,B,B,HBACK,1,0,0,0
8924016,3,M,F,D,HBACK,1,1,1,10571.87997
2409339,3,M,A,D,STNWG,1,0,0,0
9856955,4,M,C,B,STNWG,3,0,0,0
4386402,4,F,B,B,SEDAN,1,0,0,0
1922486,4,M,A,B,HBACK,3,0,0,0
4520317,2,F,A,B,HBACK,3,0,0,0
4125847,1,F,D,B,HBACK,3,0,0,0
6543525,5,F,A,D,SEDAN,3,0,0,0
8529770,3,M,D,C,STNWG,4,0,0,0
999267,5,M,C,A,SEDAN,3,0,0,0
8777456,3,M,B,B,HBACK,3,0,0,0
3115766,3,F,C,D,STNWG,3,0,0,0
1011539,5,F,D,D,STNWG,4,0,0,0
7724387,2,F,A,B,HBACK,2,1,1,2358.759995
544313,3,M,C,D,SEDAN,1,0,0,0
1266258,4,F,B,D,SEDAN,1,0,0,0
7186138,6,F,A,C,SEDAN,1,0,0,0
2841510,4,M,D,D,UTE,4,0,0,0
974980,3,F,C,D,STNWG,4,0,0,0
7865717,6,F,C,D,SEDAN,2,0,0,0
1256354,4,M,B,D,SEDAN,4,0,0,0
9325084,4,F,A,C,SEDAN,3,0,0,0
6959254,1,F,B,C,HBACK,3,1,1,9090.759979
913184,6,F,A,D,SEDAN,3,0,0,0
7640862,1,F,A,D,HBACK,2,0,0,0
3780290,4,M,C,D,SEDAN,2,0,0,0
8401053,2,M,E,D,UTE,3,0,0,0
8963314,2,F,C,D,HBACK,2,0,0,0
4405699,1,F,B,B,HBACK,1,0,0,0
7750949,2,M,F,D,STNWG,4,0,0,0
4918667,5,F,A,B,HBACK,3,0,0,0
583507,4,F,C,B,SEDAN,2,1,1,810.6499996
6020847,2,F,F,B,HBACK,3,0,0,0
7301440,3,F,E,B,SEDAN,4,0,0,0
774175,3,M,D,C,STNWG,4,0,0,0
3396975,6,F,E,D,HBACK,2,0,0,0
2480020,6,F,E,D,HBACK,2,0,0,0
8117206,1,F,C,B,HBACK,3,1,1,3819.143631
3300854,1,M,B,D,SEDAN,1,1,1,458.75
4056971,3,M,C,D,STNWG,1,0,0,0
6530474,5,F,F,D,HDTOP,2,0,0,0
5450915,6,F,B,B,HBACK,1,0,0,0
2409847,4,F,A,B,SEDAN,2,1,1,200
4027258,3,F,C,C,STNWG,1,0,0,0
7232817,1,F,D,C,SEDAN,4,0,0,0
7531502,5,F,A,D,SEDAN,4,0,0,0
3478938,4,M,B,D,SEDAN,3,0,0,0
2803459,4,M,B,C,SEDAN,2,0,0,0
4263379,6,M,C,D,HBACK,4,0,0,0
6835191,5,M,D,C,SEDAN,4,0,0,0
8451522,1,F,B,B,HBACK,2,0,0,0
4616428,3,F,B,C,HBACK,4,0,0,0
620471,3,F,C,D,SEDAN,3,0,0,0
2528146,1,F,C,D,TRUCK,3,0,0,0
9157896,2,M,C,B,SEDAN,3,0,0,0
9302169,1,F,C,D,SEDAN,4,0,0,0
2725594,3,F,C,B,HBACK,2,0,0,0
2102684,2,M,A,C,STNWG,3,0,0,0
9145151,4,F,C,B,HBACK,1,0,0,0
4676011,4,M,C,B,SEDAN,1,0,0,0
8290157,1,M,D,B,STNWG,2,0,0,0
8200679,3,F,C,B,STNWG,2,0,0,0
7668508,3,M,B,B,HBACK,4,0,0,0
8457806,2,M,E,B,HBACK,1,0,0,0
2980001,1,F,A,C,SEDAN,1,0,0,0
168565,5,F,A,D,STNWG,1,0,0,0
7407254,6,M,E,D,STNWG,4,0,0,0
4657760,1,F,D,D,SEDAN,3,0,0,0
9430354,6,M,B,D,SEDAN,3,0,0,0
4378272,3,M,F,D,STNWG,3,0,0,0
1253080,6,M,D,C,STNWG,3,0,0,0
8432322,2,F,B,D,SEDAN,2,0,0,0
4455669,3,F,E,C,UTE,3,1,1,390
6095367,3,F,B,C,SEDAN,1,0,0,0
4988996,3,F,C,D,SEDAN,2,0,0,0
5075822,2,F,F,D,SEDAN,4,0,0,0
341215,4,F,C,D,HBACK,3,0,0,0
2949418,2,F,C,D,SEDAN,2,0,0,0
8292791,5,M,A,D,TRUCK,3,0,0,0
3671376,2,F,A,A,SEDAN,4,0,0,0
3203990,4,M,E,D,STNWG,2,0,0,0
2839219,4,M,B,D,SEDAN,4,0,0,0
3922644,5,F,A,C,STNWG,3,0,0,0
3482773,6,M,D,C,SEDAN,2,0,0,0
4348213,2,M,B,C,SEDAN,3,0,0,0
2479411,3,M,F,D,STNWG,3,0,0,0
6191757,2,F,B,D,HBACK,3,0,0,0
4392235,1,F,C,D,HBACK,3,0,0,0
839931,5,F,C,D,SEDAN,2,0,0,0
5644430,6,F,C,B,HBACK,2,0,0,0
3001151,5,F,B,C,STNWG,1,0,0,0
8475418,2,M,C,B,HBACK,1,0,0,0
8744828,3,M,B,B,SEDAN,1,0,0,0
3827812,5,M,A,D,UTE,3,0,0,0
3325182,2,M,E,D,MCARA,2,0,0,0
6285187,4,F,B,C,STNWG,1,0,0,0
8955441,3,F,A,B,HBACK,1,0,0,0
3303076,6,M,C,D,STNWG,1,0,0,0
7830094,6,M,A,C,STNWG,4,0,0,0
6227553,6,F,B,D,HBACK,1,0,0,0
6569337,1,F,C,D,HBACK,3,0,0,0
6606979,3,F,B,B,HBACK,2,0,0,0
1139743,3,F,B,A,COUPE,2,0,0,0
2637021,5,M,A,D,PANVN,2,0,0,0
423602,3,M,C,D,UTE,4,0,0,0
4339816,4,F,C,D,SEDAN,1,0,0,0
1926205,4,M,C,D,SEDAN,4,0,0,0
8393744,3,M,A,D,SEDAN,3,1,1,200
4331045,5,M,C,D,STNWG,3,0,0,0
3695281,4,M,D,B,HBACK,2,0,0,0
952495,3,F,A,C,SEDAN,4,0,0,0
9486045,1,M,A,D,HBACK,2,0,0,0
105799,2,M,B,D,STNWG,4,0,0,0
4732725,4,F,C,C,SEDAN,4,0,0,0
5890847,2,M,F,D,STNWG,4,0,0,0
2573310,2,F,A,D,CONVT,3,0,0,0
1921714,6,M,B,C,SEDAN,3,0,0,0
6432531,4,M,E,D,STNWG,3,0,0,0
8728656,3,F,B,D,SEDAN,4,0,0,0
6805220,3,F,B,B,COUPE,4,0,0,0
1584303,3,M,B,D,STNWG,2,0,0,0
7183823,5,M,A,D,STNWG,3,0,0,0
5087107,4,M,D,C,TRUCK,1,0,0,0
689905,2,F,B,B,SEDAN,2,0,0,0
9823322,4,M,C,B,HBACK,2,0,0,0
8321898,5,F,A,B,STNWG,1,0,0,0
8937049,3,M,C,D,SEDAN,2,0,0,0
8090763,1,F,C,D,STNWG,4,0,0,0
9565363,4,M,D,D,TRUCK,2,0,0,0
6232833,4,F,F,D,SEDAN,2,0,0,0
5845027,3,M,B,D,SEDAN,3,0,0,0
4596683,4,F,A,D,HBACK,2,0,0,0
6541642,5,M,D,B,SEDAN,2,0,0,0
6525616,1,M,C,D,TRUCK,4,0,0,0
3914754,4,M,C,D,SEDAN,3,0,0,0
229191,1,F,D,B,HBACK,1,0,0,0
4061577,2,M,B,D,HDTOP,4,0,0,0
8201798,6,M,A,D,STNWG,4,0,0,0
6698244,4,F,D,D,HDTOP,3,0,0,0
4954517,1,F,A,D,STNWG,2,0,0,0
9934166,4,M,A,B,HBACK,4,0,0,0
2481218,3,F,A,D,HBACK,3,0,0,0
9416776,3,M,B,D,SEDAN,4,0,0,0
2773907,4,F,C,D,HBACK,3,0,0,0
1206802,4,F,D,D,STNWG,1,0,0,0
4737508,5,F,A,D,SEDAN,3,0,0,0
3396301,4,F,C,D,STNWG,3,0,0,0
8144112,6,M,A,D,SEDAN,3,0,0,0
1559747,3,F,E,D,SEDAN,2,0,0,0
8349206,2,M,D,B,SEDAN,3,0,0,0
987364,1,F,A,D,SEDAN,2,0,0,0
1000972,1,F,C,D,HBACK,2,0,0,0
1237391,4,M,B,C,SEDAN,2,0,0,0
1607494,1,M,C,D,HBACK,4,0,0,0
4687318,4,F,C,C,SEDAN,3,0,0,0
1353525,4,F,C,D,SEDAN,3,0,0,0
4296367,5,F,A,D,STNWG,4,0,0,0
8297168,5,F,E,C,SEDAN,1,0,0,0
1964914,2,M,C,B,HBACK,2,0,0,0
4673580,4,M,A,D,STNWG,4,0,0,0
2212407,5,F,B,D,SEDAN,4,1,1,200
3390697,5,F,A,B,HBACK,3,0,0,0
1054925,5,F,B,B,HBACK,1,0,0,0
2050805,4,F,C,D,SEDAN,3,0,0,0
9585004,4,F,C,D,SEDAN,2,0,0,0
4577405,2,F,B,B,HBACK,3,0,0,0
26491,3,M,A,D,HBACK,2,0,0,0
3394489,3,M,C,D,HBACK,3,0,0,0
1378387,4,F,C,D,HBACK,2,0,0,0
6583623,4,F,A,B,SEDAN,2,1,1,200
3699698,2,F,D,D,STNWG,2,0,0,0
5001469,2,M,D,D,UTE,3,0,0,0
5083142,3,F,A,D,UTE,3,1,1,353.77
1262587,1,F,D,B,HBACK,2,0,0,0
9225309,2,M,C,C,STNWG,4,1,1,2668.25
5454339,4,F,C,B,HBACK,4,0,0,0
3275842,2,F,A,D,SEDAN,2,1,1,1522.689999
3625764,5,F,A,D,HBACK,4,0,0,0
8098739,3,M,A,D,HBACK,4,0,0,0
8931746,3,M,D,D,SEDAN,4,0,0,0
3247132,2,F,A,B,SEDAN,2,0,0,0
1443770,5,F,D,B,SEDAN,3,0,0,0
6225091,5,M,B,D,SEDAN,3,0,0,0
8218932,3,F,C,B,HBACK,3,0,0,0
9663317,3,M,D,C,UTE,4,0,0,0
2817898,4,M,C,D,UTE,1,0,0,0
342658,4,M,B,C,SEDAN,4,0,0,0
3684737,2,F,C,D,STNWG,3,0,0,0
3172775,2,F,D,D,HBACK,2,0,0,0
1582757,1,F,C,D,HBACK,3,0,0,0
7971640,5,F,E,C,HBACK,4,0,0,0
7787478,3,F,A,D,STNWG,2,0,0,0
5464192,3,M,C,D,UTE,3,0,0,0
9717281,2,F,A,B,HBACK,2,0,0,0
6022860,4,F,B,C,SEDAN,3,0,0,0
6233781,3,F,E,B,SEDAN,3,0,0,0
9624511,3,F,B,D,STNWG,3,0,0,0
1573872,6,F,B,D,SEDAN,4,0,0,0
8995335,1,M,A,D,HBACK,2,1,1,3271.389999
683483,4,F,A,D,STNWG,3,0,0,0
4841537,1,M,B,C,SEDAN,2,0,0,0
2415545,3,F,B,C,HBACK,2,0,0,0
5054216,6,F,A,D,STNWG,1,0,0,0
3892645,4,M,A,D,SEDAN,2,0,0,0
3081423,4,M,A,B,SEDAN,3,0,0,0
430853,2,M,E,D,SEDAN,3,0,0,0
8203464,2,M,D,B,HBACK,3,0,0,0
4018547,3,M,A,D,SEDAN,2,0,0,0
9238264,5,M,C,D,HBACK,2,0,0,0
1927151,3,M,A,D,SEDAN,3,0,0,0
8912246,2,M,D,D,HDTOP,3,0,0,0
3215845,4,F,D,B,HBACK,2,0,0,0
3255477,1,F,A,B,SEDAN,3,1,1,1409.98
6132485,3,F,C,D,STNWG,3,0,0,0
7974433,3,F,A,C,STNWG,3,0,0,0
2135152,2,M,E,C,STNWG,4,0,0,0
414897,3,F,C,D,SEDAN,1,0,0,0
2552158,5,F,B,D,SEDAN,4,0,0,0
5807195,4,M,B,B,HBACK,3,0,0,0
1406868,3,M,E,D,STNWG,3,0,0,0
6527105,5,F,E,B,HBACK,1,0,0,0
7023946,2,M,B,D,UTE,4,0,0,0
2621470,4,M,A,D,STNWG,2,0,0,0
2591993,6,F,C,B,SEDAN,3,0,0,0
6539189,4,M,C,C,UTE,4,0,0,0
3930097,4,F,C,D,HBACK,4,0,0,0
1828860,5,F,A,C,HBACK,4,0,0,0
2121760,4,F,C,D,SEDAN,4,1,1,215.9
375107,3,F,B,D,STNWG,3,0,0,0
8465968,3,M,D,C,STNWG,3,0,0,0
9159133,2,M,B,D,SEDAN,2,0,0,0
4728870,5,F,B,D,SEDAN,3,0,0,0
2262667,2,M,E,D,HDTOP,1,0,0,0
692507,1,M,D,D,UTE,3,0,0,0
1437878,5,M,B,D,UTE,3,0,0,0
6049135,3,F,B,D,HBACK,1,0,0,0
795552,4,F,A,D,SEDAN,3,0,0,0
2065676,4,F,A,D,SEDAN,2,0,0,0
1218960,1,M,D,D,UTE,2,0,0,0
7166903,2,M,D,D,STNWG,3,0,0,0
971749,3,M,B,D,SEDAN,2,0,0,0
5679319,2,F,C,D,HBACK,3,0,0,0
6338581,4,F,A,D,SEDAN,3,0,0,0
8764022,5,M,C,D,STNWG,3,0,0,0
9418566,3,M,C,D,STNWG,4,0,0,0
7406052,3,F,A,B,HBACK,3,0,0,0
6373394,1,F,E,C,UTE,4,0,0,0
8850763,2,F,F,D,STNWG,2,1,1,200
9098254,1,M,D,C,STNWG,2,1,1,390
4365924,4,M,A,B,HBACK,2,0,0,0
6626995,1,M,D,C,UTE,4,0,0,0
3080711,4,F,D,D,UTE,3,0,0,0
3277580,5,M,D,D,MCARA,4,0,0,0
3485769,2,M,B,D,SEDAN,4,0,0,0
2527238,6,F,D,B,HBACK,3,0,0,0
7102402,6,M,D,D,STNWG,3,0,0,0
350560,3,M,A,D,SEDAN,3,0,0,0
9175455,2,F,C,B,HBACK,2,0,0,0
6133360,3,M,C,D,UTE,3,0,0,0
6793285,4,F,A,D,SEDAN,2,0,0,0
8098611,2,F,A,D,MIBUS,3,0,0,0
7849793,3,M,C,D,STNWG,2,0,0,0
3395655,5,F,A,D,HBACK,3,0,0,0
1351002,4,M,E,D,UTE,3,0,0,0
4917522,1,M,C,D,SEDAN,3,0,0,0
5779479,4,F,C,D,HBACK,1,0,0,0
1920705,3,F,E,B,HBACK,2,1,1,1392.789997
4152235,2,F,F,C,STNWG,3,0,0,0
4555231,2,F,A,D,SEDAN,2,0,0,0
8851875,5,F,D,B,HBACK,2,0,0,0
2623211,3,M,C,D,STNWG,2,0,0,0
1803900,5,F,C,D,SEDAN,4,0,0,0
9736621,2,M,F,D,STNWG,4,0,0,0
4053625,4,F,A,D,HDTOP,1,0,0,0
3923388,2,M,C,D,SEDAN,3,0,0,0
4682208,5,M,B,D,SEDAN,2,0,0,0
4668336,3,M,C,B,HBACK,1,0,0,0
768182,4,F,C,C,STNWG,4,0,0,0
9547573,5,F,C,D,SEDAN,3,0,0,0
9938095,2,F,C,D,SEDAN,2,0,0,0
165787,4,M,C,D,UTE,4,0,0,0
168845,4,M,D,D,STNWG,3,0,0,0
4733091,5,F,B,C,SEDAN,3,0,0,0
4325044,5,F,A,D,HBACK,1,0,0,0
927270,4,F,A,D,HBACK,4,0,0,0
471831,3,M,C,D,STNWG,1,0,0,0
1258139,6,M,D,C,STNWG,3,1,1,919.789999
3500178,3,F,A,D,STNWG,1,0,0,0
7410921,2,F,A,D,HBACK,2,0,0,0
3299709,6,F,A,A,SEDAN,3,0,0,0
9286499,2,F,C,D,SEDAN,1,0,0,0
6803967,3,M,D,D,UTE,3,0,0,0
5154081,4,F,B,D,SEDAN,2,0,0,0
2729261,6,F,C,B,HBACK,2,0,0,0
4899330,2,M,D,D,STNWG,2,0,0,0
8167481,1,F,A,B,STNWG,3,0,0,0
8749161,1,F,C,B,HBACK,3,0,0,0
6068076,3,F,F,D,HDTOP,3,0,0,0
4305122,2,F,C,D,TRUCK,3,0,0,0
9993872,2,F,C,B,HBACK,2,0,0,0
5268698,5,M,B,D,STNWG,3,0,0,0
6806627,2,F,D,B,HBACK,2,0,0,0
558884,4,F,D,D,COUPE,4,0,0,0
6852939,2,F,C,C,STNWG,2,0,0,0
8916135,6,F,B,C,STNWG,2,0,0,0
9448792,4,M,A,D,SEDAN,1,0,0,0
8298336,2,F,D,D,HDTOP,3,0,0,0
969328,3,M,A,D,UTE,3,0,0,0
246664,3,M,C,D,SEDAN,4,0,0,0
898232,5,F,D,D,HBACK,2,0,0,0
4954411,6,M,A,D,SEDAN,4,0,0,0
5127962,2,F,A,D,SEDAN,4,0,0,0
6032272,6,M,C,B,HBACK,4,0,0,0
9847810,3,M,E,C,TRUCK,2,0,0,0
5354889,1,F,B,D,UTE,4,0,0,0
9726510,5,M,B,D,UTE,3,0,0,0
8756194,3,F,A,D,SEDAN,1,0,0,0
6856634,2,F,C,D,SEDAN,1,0,0,0
7035461,5,M,A,D,HBACK,4,0,0,0
3565877,5,M,C,B,HBACK,1,0,0,0
2593344,4,M,F,D,HDTOP,3,0,0,0
534200,4,F,B,B,HBACK,2,0,0,0
4073621,1,F,A,B,HBACK,1,0,0,0
7188474,4,M,D,D,STNWG,1,0,0,0
4936390,2,F,A,D,STNWG,2,0,0,0
3567166,3,F,C,B,HBACK,3,0,0,0
4106063,3,M,C,D,SEDAN,2,1,1,1240.739998
9730009,3,F,A,C,TRUCK,3,0,0,0
1967609,2,M,C,B,HBACK,3,0,0,0
7692555,4,M,C,A,CONVT,3,0,0,0
1508188,6,M,C,D,STNWG,3,0,0,0
8075815,6,F,A,D,HBACK,3,0,0,0
4191018,3,M,A,D,SEDAN,4,0,0,0
3292454,4,M,A,D,SEDAN,2,0,0,0
9083349,4,M,C,B,HBACK,2,0,0,0
7569171,2,F,F,B,HBACK,3,0,0,0
8093096,3,F,B,D,STNWG,3,0,0,0
8743522,3,F,C,B,HBACK,1,0,0,0
9939903,3,F,A,D,HBACK,2,0,0,0
424803,3,F,A,B,SEDAN,3,0,0,0
6629866,2,F,A,C,HBACK,3,0,0,0
1438970,3,F,C,D,SEDAN,2,0,0,0
2642113,4,F,A,D,SEDAN,4,0,0,0
845456,1,F,C,D,SEDAN,3,0,0,0
8157159,3,M,C,D,SEDAN,3,0,0,0
9723815,4,M,C,D,STNWG,4,0,0,0
7414282,5,M,E,D,UTE,2,0,0,0
1423776,3,F,C,D,SEDAN,4,0,0,0
4820257,2,F,B,B,STNWG,1,1,1,1564.519997
8142757,3,F,C,D,HBACK,1,0,0,0
4692848,5,F,C,B,SEDAN,3,0,0,0
8647260,2,M,B,D,UTE,3,0,0,0
1917749,3,M,A,B,HBACK,2,0,0,0
6375869,4,M,E,D,UTE,2,0,0,0
9584552,1,F,B,C,SEDAN,1,0,0,0
2252369,5,F,B,D,HBACK,1,0,0,0
2121754,4,M,C,D,HBACK,1,1,1,200
1475280,2,M,C,C,SEDAN,2,0,0,0
9460177,1,F,C,A,SEDAN,4,0,0,0
2852586,4,F,A,C,STNWG,3,0,0,0
7186102,5,F,A,C,SEDAN,2,0,0,0
6041436,3,F,A,C,STNWG,1,0,0,0
5635992,1,M,E,D,TRUCK,1,0,0,0
1782507,2,F,E,D,UTE,1,0,0,0
960665,2,F,E,D,TRUCK,4,1,1,408.9499998
9469600,4,M,B,D,STNWG,4,0,0,0
6283542,5,M,A,B,SEDAN,4,0,0,0
5462091,3,M,C,C,STNWG,3,0,0,0
126352,2,F,C,D,SEDAN,4,0,0,0
1953998,6,F,C,D,HBACK,3,0,0,0
6945271,2,F,A,C,STNWG,4,0,0,0
4796719,2,F,A,D,HBACK,2,0,0,0
3780554,4,F,C,D,SEDAN,4,0,0,0
4069906,3,F,A,D,HBACK,2,0,0,0
6806086,4,F,B,D,SEDAN,3,0,0,0
9105594,4,F,B,D,MIBUS,2,0,0,0
1198567,3,F,C,B,HBACK,3,0,0,0
1403711,1,M,C,D,SEDAN,4,0,0,0
4995863,6,F,C,B,HBACK,2,0,0,0
228701,3,M,A,D,STNWG,4,0,0,0
9817615,2,M,C,D,STNWG,3,0,0,0
3569785,4,M,D,C,STNWG,4,0,0,0
5699844,3,F,A,D,STNWG,1,0,0,0
4135132,4,M,D,D,STNWG,3,0,0,0
9967166,6,F,C,D,SEDAN,4,0,0,0
5995513,5,F,C,D,UTE,3,0,0,0
5950322,4,M,C,B,SEDAN,3,0,0,0
2322560,4,F,A,B,HBACK,1,0,0,0
6697879,4,M,D,D,STNWG,4,0,0,0
41504,6,M,D,D,STNWG,3,0,0,0
7675115,2,M,B,D,SEDAN,4,0,0,0
6742589,1,F,D,B,HBACK,3,0,0,0
3781535,3,F,C,D,SEDAN,3,0,0,0
1599006,4,M,C,D,SEDAN,3,0,0,0
6200606,3,M,A,D,PANVN,4,0,0,0
5503601,2,M,B,D,HDTOP,2,0,0,0
1262069,6,F,A,D,SEDAN,3,0,0,0
3595672,4,M,D,B,STNWG,1,0,0,0
6037575,4,M,A,B,HBACK,1,0,0,0
9236304,2,F,C,D,SEDAN,4,0,0,0
7282493,4,F,B,D,HBACK,2,0,0,0
519184,3,F,A,D,SEDAN,2,0,0,0
9404410,4,M,E,D,UTE,4,0,0,0
4804698,5,M,A,C,STNWG,2,0,0,0
9559702,4,M,C,D,STNWG,3,1,1,389.7799997
8516596,5,M,C,D,HDTOP,3,0,0,0
3576536,4,M,A,D,SEDAN,2,1,1,7131.289993
8273314,4,F,B,B,HBACK,2,0,0,0
7121364,4,F,F,C,STNWG,1,0,0,0
1929432,5,M,C,D,SEDAN,2,0,0,0
172366,1,M,C,A,SEDAN,1,0,0,0
7206390,2,M,D,D,STNWG,4,0,0,0
5699001,2,M,A,D,SEDAN,4,0,0,0
1775321,3,F,D,C,STNWG,4,0,0,0
5887547,4,M,B,D,STNWG,4,0,0,0
8960272,3,F,E,B,STNWG,3,0,0,0
3987942,4,F,D,B,SEDAN,2,0,0,0
8413006,1,M,A,B,SEDAN,4,1,1,4009.469986
4230818,3,M,F,C,STNWG,3,0,0,0
6839422,3,F,C,D,SEDAN,2,0,0,0
7159894,3,M,A,D,UTE,4,0,0,0
5001993,3,M,B,B,SEDAN,2,0,0,0
2419847,4,M,A,D,STNWG,1,0,0,0
5953585,3,M,E,D,UTE,1,0,0,0
8317662,3,M,B,D,PANVN,3,0,0,0
203807,2,F,D,D,SEDAN,3,0,0,0
7455666,5,F,A,B,HBACK,1,0,0,0
3624783,4,F,A,C,HBACK,4,0,0,0
1816337,3,F,C,D,SEDAN,4,0,0,0
5541636,2,F,A,D,SEDAN,3,0,0,0
3785622,3,F,B,D,STNWG,1,0,0,0
3208430,6,M,D,B,HBACK,1,0,0,0
3551329,1,F,C,D,STNWG,4,1,1,345
6503859,2,F,A,D,HBACK,2,0,0,0
3642839,1,M,D,C,UTE,3,1,1,2613.409996
4410542,4,F,A,D,HBACK,2,0,0,0
2651639,1,M,A,B,HBACK,1,1,1,435.9099999
178060,1,F,B,A,PANVN,2,0,0,0
1764007,3,F,C,D,HBACK,3,0,0,0
2851659,5,M,C,D,HBACK,4,0,0,0
8472476,5,F,C,D,HBACK,2,0,0,0
6031634,4,M,D,C,STNWG,1,0,0,0
9721376,4,M,C,B,HBACK,3,0,0,0
8607072,3,F,E,D,UTE,4,0,0,0
6862108,6,F,B,D,SEDAN,3,0,0,0
4306253,4,F,C,D,HBACK,2,0,0,0
1514395,5,F,C,D,SEDAN,3,0,0,0
2100123,5,F,C,D,STNWG,1,0,0,0
3289215,1,M,A,B,HBACK,3,0,0,0
2533897,3,F,C,B,HBACK,2,0,0,0
1717836,1,M,B,D,UTE,3,0,0,0
437031,2,M,D,C,TRUCK,3,1,1,1335.82
6236381,3,M,D,D,SEDAN,1,0,0,0
1084938,4,M,C,D,STNWG,2,0,0,0
3682045,3,M,D,D,STNWG,3,0,0,0
2266574,4,F,A,D,SEDAN,2,0,0,0
1927316,3,F,A,B,COUPE,3,1,1,1856.919998
9013086,6,F,E,D,SEDAN,2,0,0,0
5949524,2,F,B,C,SEDAN,1,0,0,0
8271344,4,F,C,D,HBACK,1,0,0,0
909413,2,M,B,D,SEDAN,2,0,0,0
9415276,5,F,D,D,HDTOP,1,0,0,0
1206343,2,F,F,C,STNWG,3,0,0,0
7235416,3,F,A,B,STNWG,2,0,0,0
1250462,3,M,F,D,UTE,2,0,0,0
7384888,3,M,C,D,HBACK,4,0,0,0
808792,4,M,C,B,HBACK,2,0,0,0
7513139,4,F,B,D,SEDAN,1,0,0,0
1052201,2,F,A,B,SEDAN,2,0,0,0
2547998,2,M,D,D,HBACK,2,0,0,0
773797,4,M,B,B,HBACK,3,0,0,0
4255633,3,M,C,C,SEDAN,4,0,0,0
2277874,4,F,B,B,SEDAN,3,0,0,0
2449450,4,F,A,C,HBACK,4,0,0,0
7375048,2,M,F,C,STNWG,2,1,1,545.4499998
8335331,4,F,D,B,SEDAN,3,0,0,0
1388357,4,F,A,B,STNWG,2,0,0,0
407218,6,F,B,D,SEDAN,3,0,0,0
5870476,4,F,C,D,HBACK,4,0,0,0
1763459,5,F,F,D,STNWG,1,0,0,0
2832971,3,F,B,B,SEDAN,3,0,0,0
498923,4,F,D,D,HBACK,3,0,0,0
99689,4,F,A,D,STNWG,4,0,0,0
6865792,4,M,B,D,HBACK,2,0,0,0
2526996,3,M,D,D,TRUCK,4,0,0,0
3343877,4,F,A,D,SEDAN,2,0,0,0
7771101,6,M,C,D,SEDAN,4,0,0,0
111762,4,M,C,D,HBACK,2,0,0,0
1821759,3,M,D,D,UTE,4,0,0,0
3007137,2,F,B,D,SEDAN,4,0,0,0
7422131,6,F,B,B,HBACK,1,0,0,0
9909858,3,F,A,D,SEDAN,2,0,0,0
6860785,4,M,A,B,HBACK,3,0,0,0
6023550,2,M,A,D,HBACK,4,0,0,0
5402934,3,F,A,D,HBACK,4,0,0,0
8517585,4,M,A,D,STNWG,3,0,0,0
1359074,3,M,C,B,STNWG,3,0,0,0
7121002,2,M,D,C,TRUCK,2,0,0,0
398512,2,M,D,D,STNWG,4,0,0,0
6859695,5,F,C,D,HBACK,3,0,0,0
9858487,3,M,D,C,SEDAN,3,0,0,0
6506459,1,F,C,D,HBACK,4,1,2,1771.709999
1264484,3,F,C,C,SEDAN,3,0,0,0
1174954,4,F,C,D,SEDAN,4,0,0,0
1047670,5,F,C,B,HBACK,1,0,0,0
4271256,1,F,A,D,HBACK,3,1,1,353.77
6232331,4,F,C,D,STNWG,4,0,0,0
6223928,4,F,B,C,HBACK,3,0,0,0
2171592,1,F,F,D,HDTOP,4,0,0,0
4972344,3,M,B,B,HBACK,2,0,0,0
1262645,4,F,A,D,SEDAN,1,0,0,0
7185355,4,F,C,B,HBACK,2,0,0,0
2529553,5,F,A,B,HBACK,3,0,0,0
9977068,2,M,C,B,SEDAN,4,0,0,0
2925551,6,F,A,D,SEDAN,4,0,0,0
2779380,2,F,D,D,STNWG,4,0,0,0
8765271,2,M,C,D,MIBUS,2,0,0,0
2525089,5,F,F,D,HBACK,3,0,0,0
5854312,2,F,E,C,UTE,1,0,0,0
3335350,1,F,B,D,STNWG,4,0,0,0
3691278,3,M,D,D,STNWG,4,0,0,0
2039856,4,F,D,C,SEDAN,4,0,0,0
7017782,2,M,A,C,HBACK,3,0,0,0
5991335,4,M,C,A,SEDAN,3,0,0,0
4047197,4,M,A,B,HBACK,1,0,0,0
8583396,5,F,B,D,SEDAN,3,0,0,0
3884772,2,F,A,D,STNWG,1,0,0,0
1616791,1,M,D,D,STNWG,4,0,0,0
3866015,3,F,B,B,HBACK,4,0,0,0
6628500,4,M,A,D,HBACK,3,0,0,0
6958081,3,M,C,D,SEDAN,4,0,0,0
2528357,5,F,E,B,COUPE,4,0,0,0
3741512,2,F,C,D,STNWG,4,1,1,962.4299984
5997619,1,F,A,D,STNWG,4,0,0,0
9900184,6,F,E,B,HBACK,3,0,0,0
5215850,5,M,A,D,STNWG,4,0,0,0
1670759,4,M,C,D,SEDAN,1,0,0,0
6624895,4,M,B,D,STNWG,3,0,0,0
2806257,1,M,E,D,TRUCK,2,0,0,0
4186253,3,F,C,D,HBACK,1,0,0,0
1537205,3,M,C,D,STNWG,4,1,1,219.9399999
2923940,2,M,F,C,STNWG,2,1,2,1895.679999
7470899,3,M,C,D,STNWG,3,0,0,0
621669,3,M,D,C,SEDAN,3,0,0,0
3624870,3,M,A,D,STNWG,2,0,0,0
6314704,3,F,C,D,STNWG,1,0,0,0
4364552,4,F,B,D,HBACK,3,0,0,0
8968168,3,M,D,D,STNWG,1,0,0,0
9982180,4,M,B,D,SEDAN,3,0,0,0
2276027,3,F,B,C,SEDAN,4,0,0,0
3931956,4,M,D,D,SEDAN,2,0,0,0
3220563,2,F,D,D,STNWG,4,1,1,2723.039993
3905336,5,F,A,D,HBACK,2,0,0,0
7673749,5,F,A,D,SEDAN,3,0,0,0
4635894,4,M,E,B,HBACK,1,0,0,0
1613598,1,F,D,B,HBACK,3,0,0,0
1070778,4,M,E,B,SEDAN,1,0,0,0
2204916,4,F,F,B,SEDAN,4,0,0,0
7032817,2,F,D,D,STNWG,3,0,0,0
899865,5,F,A,D,SEDAN,1,0,0,0
4755799,2,F,E,B,SEDAN,3,0,0,0
2668430,4,F,A,C,STNWG,2,0,0,0
9257980,3,F,B,B,HBACK,1,0,0,0
5469816,2,M,F,B,HBACK,1,0,0,0
7162043,2,F,B,B,SEDAN,1,0,0,0
167198,5,M,C,D,HBACK,2,0,0,0
5866415,1,M,C,C,STNWG,3,0,0,0
4022163,4,F,A,D,SEDAN,2,0,0,0
8672738,5,M,A,D,STNWG,1,0,0,0
3391707,4,M,C,D,SEDAN,3,0,0,0
173813,4,F,B,D,STNWG,3,0,0,0
3591339,4,F,B,C,SEDAN,1,0,0,0
4430948,2,F,A,C,STNWG,2,0,0,0
1151614,2,F,C,B,SEDAN,2,0,0,0
7256582,3,F,A,A,CONVT,1,0,0,0
5356761,3,F,A,D,STNWG,4,0,0,0
8287496,1,F,E,C,SEDAN,2,0,0,0
5927142,5,M,C,D,SEDAN,4,0,0,0
4917851,3,F,C,D,STNWG,1,0,0,0
1143631,4,M,A,C,UTE,3,0,0,0
65268,4,M,E,D,STNWG,3,0,0,0
2549654,4,F,A,D,SEDAN,4,0,0,0
6171592,6,M,A,D,SEDAN,4,0,0,0
4060770,6,F,C,D,SEDAN,2,0,0,0
4139490,3,M,B,B,HBACK,3,0,0,0
370368,5,M,B,C,HBACK,4,0,0,0
531237,2,F,B,B,HBACK,3,0,0,0
9813356,3,M,D,D,UTE,4,0,0,0
5634724,5,M,A,C,TRUCK,2,0,0,0
6620232,3,M,B,D,HBACK,2,0,0,0
6037524,4,M,E,C,STNWG,4,0,0,0
2089739,3,F,C,D,SEDAN,4,0,0,0
4163815,3,F,C,D,SEDAN,4,0,0,0
2791403,6,F,C,D,STNWG,3,0,0,0
3234527,4,F,A,B,HBACK,3,0,0,0
5110692,2,F,C,C,SEDAN,1,0,0,0
8322522,5,F,C,C,HBACK,4,0,0,0
3179829,4,M,A,B,SEDAN,3,0,0,0
4885484,5,F,A,C,HBACK,2,0,0,0
9146944,5,F,C,D,SEDAN,3,0,0,0
1312173,2,M,D,C,TRUCK,3,0,0,0
57155,6,F,E,B,HBACK,3,0,0,0
8096568,5,F,C,D,HBACK,2,0,0,0
3561410,4,F,C,B,HBACK,4,0,0,0
3436442,5,M,D,C,UTE,4,0,0,0
584181,4,M,C,B,SEDAN,3,0,0,0
6225923,4,M,D,D,STNWG,4,0,0,0
9404603,4,M,A,C,STNWG,3,0,0,0
9984343,3,F,B,C,SEDAN,1,0,0,0
7778151,3,M,C,D,SEDAN,2,0,0,0
8908741,4,M,C,D,SEDAN,2,0,0,0
7416858,4,M,A,D,SEDAN,4,0,0,0
1934773,3,M,A,C,SEDAN,4,0,0,0
9726494,2,F,B,D,SEDAN,4,0,0,0
3945805,3,F,D,D,HBACK,4,0,0,0
6596541,3,F,C,D,HBACK,3,0,0,0
5158813,3,F,A,B,STNWG,2,0,0,0
6228525,4,F,C,D,HDTOP,1,0,0,0
911033,6,F,C,B,HBACK,3,0,0,0
3855817,4,M,B,D,STNWG,3,0,0,0
7964075,3,F,A,B,HBACK,1,0,0,0
9408390,1,F,C,D,STNWG,1,0,0,0
537418,2,M,C,B,HBACK,2,0,0,0
9723367,3,F,C,D,SEDAN,3,0,0,0
8099497,1,M,C,D,STNWG,2,1,1,3199.469994
7143157,1,F,B,D,STNWG,3,0,0,0
5453342,4,F,F,C,TRUCK,3,0,0,0
9061795,3,M,D,C,STNWG,1,0,0,0
2361098,3,F,C,D,HDTOP,3,0,0,0
2607007,2,F,C,B,HBACK,4,0,0,0
7381887,5,F,C,B,HBACK,1,0,0,0
426485,5,F,B,C,STNWG,4,0,0,0
685181,2,M,B,C,TRUCK,3,0,0,0
3143440,3,F,F,C,STNWG,4,0,0,0
3114143,1,F,A,B,SEDAN,4,0,0,0
8820202,5,F,C,C,SEDAN,2,1,1,12448.75
9743270,6,F,B,D,SEDAN,4,0,0,0
1449004,2,F,A,D,TRUCK,1,0,0,0
977496,2,F,C,B,HBACK,2,0,0,0
3506923,4,F,B,B,HBACK,2,0,0,0
1716291,2,M,A,D,UTE,1,0,0,0
8296703,4,M,F,C,STNWG,4,0,0,0
9684384,1,M,C,D,STNWG,1,0,0,0
1924220,4,M,D,D,UTE,2,0,0,0
6432510,4,M,B,D,UTE,3,0,0,0
7460535,3,F,A,D,SEDAN,2,0,0,0
4267645,3,F,B,B,HBACK,2,0,0,0
8162282,3,M,B,D,TRUCK,4,0,0,0
7697223,5,F,B,B,HBACK,3,0,0,0
3882360,3,M,B,D,TRUCK,3,0,0,0
5232659,2,F,C,B,SEDAN,4,0,0,0
5532936,6,F,B,D,SEDAN,1,0,0,0
7785531,6,F,C,C,HBACK,3,0,0,0
9108787,4,F,C,B,SEDAN,2,0,0,0
264965,3,M,B,D,SEDAN,4,0,0,0
2452641,2,M,F,C,STNWG,2,0,0,0
6794670,5,M,D,D,STNWG,4,0,0,0
1828521,6,M,D,D,SEDAN,3,0,0,0
3554826,6,M,A,D,SEDAN,2,0,0,0
470014,3,F,E,B,HBACK,3,0,0,0
9418456,3,F,B,D,STNWG,2,1,1,17180.60999
2955064,3,M,D,D,STNWG,2,0,0,0
2725944,3,F,C,D,STNWG,4,0,0,0
3930155,3,M,B,C,UTE,1,0,0,0
2851972,4,F,C,D,STNWG,1,0,0,0
2056979,2,M,B,B,HBACK,3,0,0,0
3145313,4,F,B,D,HBACK,4,0,0,0
6797707,5,M,D,C,STNWG,3,0,0,0
9736842,6,F,A,B,SEDAN,4,0,0,0
1373890,5,F,A,D,MIBUS,4,0,0,0
8297424,6,M,C,C,HBACK,4,0,0,0
1449644,4,F,B,D,HDTOP,3,0,0,0
789726,5,F,D,D,SEDAN,1,0,0,0
3780374,4,M,A,B,HBACK,1,0,0,0
4484788,2,M,C,D,SEDAN,2,0,0,0
9484680,4,F,E,D,HBACK,3,0,0,0
4738071,2,F,D,B,SEDAN,3,0,0,0
8205060,3,F,D,C,STNWG,4,0,0,0
3906743,6,M,F,D,STNWG,2,0,0,0
8752697,3,M,A,D,HBACK,4,0,0,0
9695043,5,F,A,B,HBACK,1,0,0,0
4191506,3,F,B,D,SEDAN,3,0,0,0
5452779,4,F,B,C,STNWG,3,0,0,0
3821006,2,M,C,C,STNWG,4,1,1,1829.119999
2391685,2,M,D,D,STNWG,1,0,0,0
8381972,1,F,C,B,HBACK,2,0,0,0
773624,5,F,B,D,SEDAN,4,0,0,0
1638369,3,M,B,D,MIBUS,4,0,0,0
468726,2,F,B,B,HBACK,2,0,0,0
87784,6,F,A,D,HBACK,2,0,0,0
1334371,2,F,D,B,STNWG,1,0,0,0
4199391,3,F,B,D,SEDAN,3,0,0,0
8462237,2,M,C,B,HBACK,1,0,0,0
6039058,3,F,F,D,UTE,1,0,0,0
376113,3,F,C,B,HBACK,1,0,0,0
781368,4,F,A,C,SEDAN,4,0,0,0
7551583,2,M,C,D,HBACK,4,0,0,0
693794,4,M,C,B,HBACK,2,0,0,0
1781249,3,F,D,C,HBACK,4,0,0,0
8439122,3,F,B,D,SEDAN,4,0,0,0
2256431,2,M,C,C,UTE,1,0,0,0
5001792,2,M,D,C,HBACK,4,0,0,0
8074178,1,F,C,B,HBACK,4,0,0,0
3581119,5,F,A,B,HBACK,1,0,0,0
3003034,3,M,A,D,SEDAN,2,0,0,0
5684786,4,M,C,D,HBACK,1,0,0,0
3707370,3,F,C,D,HBACK,4,0,0,0
9412208,6,F,C,B,SEDAN,4,0,0,0
7547007,5,M,E,B,HBACK,4,0,0,0
4781,4,F,C,B,HBACK,2,0,0,0
7353869,2,F,E,C,STNWG,4,0,0,0
5307955,3,M,C,B,HBACK,3,0,0,0
6469217,3,M,A,D,SEDAN,2,1,1,443.0499997
4249467,2,M,C,D,STNWG,2,0,0,0
7849415,1,M,F,D,UTE,2,0,0,0
9957838,5,M,B,B,SEDAN,4,0,0,0
9342583,4,F,D,C,HBACK,4,0,0,0
7868415,2,F,A,D,HDTOP,2,0,0,0
5811237,6,F,C,D,STNWG,4,0,0,0
9734478,6,M,B,D,SEDAN,3,0,0,0
1711274,4,M,C,A,SEDAN,3,0,0,0
5040965,2,M,F,B,HBACK,2,0,0,0
8771433,6,M,A,C,STNWG,4,0,0,0
1014340,2,M,C,B,STNWG,2,0,0,0
2994905,4,M,B,D,SEDAN,2,1,1,1684.57
6347026,1,M,B,C,HDTOP,4,0,0,0
282412,6,M,B,B,SEDAN,2,0,0,0
2720057,3,M,B,B,SEDAN,4,0,0,0
8200051,3,M,B,C,STNWG,3,0,0,0
9015797,4,M,B,D,UTE,4,0,0,0
2583303,4,F,B,D,HBACK,3,0,0,0
7088742,5,M,E,D,TRUCK,2,0,0,0
5491486,1,F,A,C,STNWG,4,0,0,0
1056078,6,M,E,A,STNWG,3,0,0,0
2595622,3,F,D,B,HBACK,1,0,0,0
3864171,5,M,B,D,UTE,4,0,0,0
5517432,3,F,D,D,SEDAN,4,0,0,0
7545202,5,F,D,B,STNWG,1,0,0,0
1448217,3,F,A,C,SEDAN,3,0,0,0
4740851,5,M,A,D,TRUCK,4,0,0,0
3864101,4,M,C,D,UTE,1,0,0,0
3821428,3,F,A,D,HBACK,3,0,0,0
2751115,4,F,A,D,SEDAN,3,0,0,0
6255530,2,F,C,C,SEDAN,4,0,0,0
243282,3,F,B,B,STNWG,2,1,1,4460.769989
4835294,2,F,B,B,HBACK,2,0,0,0
908182,2,M,A,D,SEDAN,2,0,0,0
6860257,3,M,C,D,SEDAN,2,0,0,0
7469414,3,M,C,D,SEDAN,2,0,0,0
6680187,4,F,C,B,SEDAN,3,0,0,0
7768232,3,M,B,D,STNWG,4,0,0,0
4731105,5,F,C,B,HBACK,2,0,0,0
6751924,3,M,A,C,UTE,3,0,0,0
484790,5,F,B,D,HBACK,3,0,0,0
7279000,2,F,B,B,HBACK,3,1,1,4554.689987
8770312,5,F,F,B,SEDAN,2,0,0,0
4230511,3,F,C,B,SEDAN,3,0,0,0
2516483,3,M,A,D,SEDAN,3,0,0,0
2859813,1,M,D,C,UTE,4,0,0,0
6270755,5,M,B,D,HBACK,3,0,0,0
4108606,6,F,E,B,HBACK,2,0,0,0
4192460,2,F,D,D,SEDAN,2,0,0,0
1938354,2,M,C,C,SEDAN,1,0,0,0
9842700,3,F,D,D,HBACK,2,0,0,0
265746,4,F,B,B,SEDAN,1,0,0,0
4139591,2,F,D,D,STNWG,2,0,0,0
7551950,5,F,C,C,SEDAN,3,0,0,0
7729470,2,F,B,D,SEDAN,3,1,1,1271.019997
1324683,5,F,A,D,SEDAN,4,0,0,0
1677744,5,F,A,D,SEDAN,3,0,0,0
1703326,2,M,E,D,STNWG,3,0,0,0
6770641,2,F,C,C,HDTOP,4,0,0,0
6166254,3,F,D,C,SEDAN,2,0,0,0
2922218,6,F,D,C,SEDAN,4,0,0,0
9574455,3,F,C,C,SEDAN,1,0,0,0
408538,6,F,C,D,HBACK,4,0,0,0
778218,4,F,D,C,SEDAN,4,0,0,0
2345534,5,M,E,D,SEDAN,4,0,0,0
3163739,1,F,D,D,STNWG,4,0,0,0
3575184,6,M,A,B,HBACK,1,0,0,0
4335880,4,F,B,B,SEDAN,3,0,0,0
4079081,5,F,C,D,SEDAN,3,0,0,0
198866,5,M,B,A,SEDAN,2,0,0,0
2018953,3,M,A,D,SEDAN,1,0,0,0
630870,3,M,A,B,HBACK,3,0,0,0
4968367,4,M,A,D,SEDAN,4,0,0,0
6836870,1,F,F,C,SEDAN,3,0,0,0
7977295,3,M,F,D,STNWG,3,0,0,0
9627405,3,M,B,D,HBACK,2,0,0,0
6132162,4,M,F,D,TRUCK,4,0,0,0
7405379,4,F,A,B,HBACK,1,0,0,0
1335561,5,F,C,D,STNWG,2,0,0,0
6545655,5,F,F,D,SEDAN,4,0,0,0
6847732,6,M,A,D,HBACK,4,0,0,0
2434681,2,M,B,D,STNWG,4,0,0,0
4231475,2,F,E,B,HBACK,1,0,0,0
5519191,3,F,C,B,SEDAN,4,0,0,0
6039537,5,F,D,B,SEDAN,4,0,0,0
6233727,4,M,B,D,HBACK,2,0,0,0
9724264,4,F,A,B,HBACK,1,0,0,0
1716407,1,M,C,C,SEDAN,2,0,0,0
8740190,3,M,B,D,BUS,4,0,0,0
3086598,1,F,E,B,HBACK,2,0,0,0
3210323,3,M,A,D,STNWG,2,0,0,0
5223014,2,F,A,D,SEDAN,4,0,0,0
4270027,2,F,F,C,STNWG,2,0,0,0
8459085,3,M,A,D,UTE,3,0,0,0
3909124,4,M,A,D,STNWG,3,0,0,0
6540704,5,M,D,C,STNWG,1,0,0,0
2849017,2,M,C,B,HBACK,4,0,0,0
8692222,5,F,A,D,HBACK,3,0,0,0
8898179,2,M,F,D,HDTOP,3,0,0,0
3479464,3,F,B,D,HBACK,4,0,0,0
692279,4,M,C,D,SEDAN,3,0,0,0
5693315,6,M,B,D,UTE,3,0,0,0
1616902,5,M,B,D,UTE,4,0,0,0
5134877,6,M,C,B,HBACK,2,0,0,0
1623493,4,F,B,B,HBACK,1,0,0,0
6202446,2,M,A,D,STNWG,4,0,0,0
8760910,3,M,C,D,SEDAN,3,0,0,0
4732537,3,F,B,D,HBACK,2,0,0,0
8844340,3,M,D,C,STNWG,2,0,0,0
9176986,2,M,D,B,HBACK,2,1,1,353.77
7644186,3,F,C,D,UTE,2,0,0,0
2292038,5,F,B,B,SEDAN,2,0,0,0
7146743,4,M,B,B,HBACK,2,0,0,0
2052844,4,F,B,C,SEDAN,3,0,0,0
5317464,3,F,A,D,HBACK,3,0,0,0
8924175,4,F,B,B,HBACK,2,0,0,0
8010831,3,M,C,C,SEDAN,3,0,0,0
3275123,5,F,D,D,SEDAN,1,0,0,0
7327641,4,M,A,D,TRUCK,3,0,0,0
8410032,2,M,C,C,STNWG,2,0,0,0
7446075,3,F,A,D,HBACK,3,0,0,0
8893269,4,F,D,D,SEDAN,3,0,0,0
8790156,3,F,E,B,HBACK,1,0,0,0
382325,4,M,C,B,HBACK,1,0,0,0
1160334,3,F,C,D,SEDAN,3,0,0,0
9341090,2,F,A,C,STNWG,4,0,0,0
6179965,2,M,A,D,SEDAN,2,0,0,0
5942500,5,M,C,D,STNWG,3,0,0,0
8197225,3,F,C,B,STNWG,1,0,0,0
3060302,2,F,C,D,SEDAN,2,0,0,0
3185956,3,F,C,B,HBACK,2,0,0,0
5220181,4,F,E,B,HBACK,3,0,0,0
4470886,2,M,C,D,PANVN,4,0,0,0
6148667,1,M,A,C,SEDAN,3,0,0,0
7045601,4,F,F,C,UTE,4,0,0,0
592919,4,M,F,D,TRUCK,4,0,0,0
8864255,3,F,D,C,STNWG,4,0,0,0
1025890,2,M,D,B,SEDAN,1,0,0,0
9346615,4,F,A,D,SEDAN,1,0,0,0
7048678,3,F,A,C,SEDAN,2,0,0,0
7792382,4,M,F,D,SEDAN,3,0,0,0
1309137,4,F,C,D,SEDAN,3,0,0,0
4054542,2,F,A,C,HBACK,4,0,0,0
1399670,3,F,C,D,SEDAN,1,0,0,0
202326,2,F,A,B,HBACK,1,0,0,0
6770791,6,F,E,D,STNWG,1,0,0,0
9028514,4,F,C,B,HBACK,4,0,0,0
8902679,3,F,A,D,STNWG,2,0,0,0
2862436,3,F,A,D,SEDAN,3,1,1,1726.559998
6134181,5,F,A,D,SEDAN,1,0,0,0
9380409,3,F,C,B,STNWG,3,0,0,0
1892468,4,M,C,D,SEDAN,2,0,0,0
6998440,3,F,D,B,HBACK,4,0,0,0
5319556,4,F,C,D,HBACK,1,0,0,0
830042,3,F,D,D,SEDAN,3,0,0,0
6433117,4,M,A,B,SEDAN,2,0,0,0
9957780,5,F,D,C,STNWG,1,0,0,0
8854030,2,F,F,C,TRUCK,3,0,0,0
1994746,2,M,B,D,TRUCK,4,1,1,345
9349360,5,M,A,D,SEDAN,3,0,0,0
8988575,3,M,C,C,SEDAN,1,0,0,0
7632834,3,M,A,D,STNWG,4,0,0,0
3202784,6,F,C,B,HBACK,3,0,0,0
3893678,1,M,B,D,SEDAN,3,0,0,0
5003972,5,M,C,D,PANVN,1,0,0,0
9922200,4,F,B,C,STNWG,4,0,0,0
7844202,4,F,E,D,SEDAN,4,0,0,0
167190,3,M,A,D,SEDAN,2,0,0,0
5130091,4,M,B,B,SEDAN,3,0,0,0
8874942,5,F,C,D,STNWG,3,1,1,3015.75
1409026,6,F,A,D,STNWG,3,0,0,0
4531032,4,M,C,B,HBACK,1,0,0,0
8286712,3,F,C,D,SEDAN,3,0,0,0
7679277,4,M,A,C,STNWG,4,0,0,0
450499,3,M,D,D,STNWG,4,0,0,0
9642551,4,M,E,D,PANVN,4,0,0,0
7764021,3,F,E,B,SEDAN,3,0,0,0
3404469,6,F,C,B,HBACK,1,0,0,0
9544378,5,M,C,D,STNWG,4,0,0,0
8033435,2,F,D,D,SEDAN,3,1,1,390
5326561,5,F,D,D,SEDAN,1,0,0,0
3269636,4,M,B,D,SEDAN,2,0,0,0
351050,3,F,A,D,HBACK,3,0,0,0
3558967,4,M,F,B,STNWG,1,0,0,0
2497900,1,F,D,B,HBACK,1,0,0,0
6969914,4,M,C,C,STNWG,1,0,0,0
2737056,5,M,A,C,SEDAN,2,1,1,390
4265514,3,F,C,C,STNWG,2,0,0,0
5678463,4,F,C,B,HBACK,3,1,1,16222.94995
4352169,5,M,C,B,HBACK,3,0,0,0
6501945,3,F,B,A,HBACK,1,0,0,0
5350212,1,F,A,B,SEDAN,2,0,0,0
585032,5,M,C,D,SEDAN,4,0,0,0
4594919,3,M,D,D,SEDAN,4,0,0,0
3875975,2,M,E,D,HDTOP,4,0,0,0
9548955,4,M,E,D,UTE,4,0,0,0
8749729,4,M,C,D,SEDAN,4,0,0,0
6398083,6,M,A,A,HBACK,3,0,0,0
9143567,5,M,A,D,SEDAN,3,0,0,0
5986404,5,M,B,D,UTE,3,1,1,1498.589996
3299957,5,M,D,D,HBACK,2,0,0,0
4204974,4,M,C,B,HBACK,1,0,0,0
631031,2,F,C,C,STNWG,2,0,0,0
1071647,3,F,A,D,HBACK,2,0,0,0
6237672,4,F,A,B,HBACK,3,0,0,0
3047892,1,M,A,B,SEDAN,3,1,1,1318.629997
7377206,5,F,F,C,STNWG,3,0,0,0
2625245,4,M,A,D,COUPE,3,1,1,214.42
343824,5,F,C,B,HBACK,3,0,0,0
8794001,3,F,B,D,SEDAN,1,0,0,0
8070934,4,M,E,D,STNWG,2,0,0,0
9405170,6,F,C,D,HBACK,2,0,0,0
7400052,5,M,A,D,STNWG,4,0,0,0
4064824,4,F,C,B,HBACK,3,0,0,0
3002995,6,M,E,C,STNWG,4,0,0,0
7973487,4,M,A,D,TRUCK,3,0,0,0
3603657,1,F,B,D,HBACK,1,1,1,1904.389999
8463078,3,F,D,C,TRUCK,4,0,0,0
7712613,2,M,B,D,SEDAN,3,0,0,0
3108481,4,F,D,B,HBACK,3,1,1,705.9099999
7296611,5,F,C,D,HBACK,2,0,0,0
8746352,3,F,D,D,STNWG,2,0,0,0
5329492,6,F,D,D,SEDAN,4,0,0,0
9082411,6,M,B,C,STNWG,1,0,0,0
8462921,1,M,A,D,SEDAN,3,0,0,0
6067608,2,F,A,B,SEDAN,4,0,0,0
6039115,3,F,E,B,SEDAN,3,0,0,0
1442768,4,F,A,C,SEDAN,2,0,0,0
9090054,3,M,C,B,HBACK,3,0,0,0
9544413,3,M,C,D,STNWG,4,0,0,0
6244295,6,M,A,B,SEDAN,1,0,0,0
6607681,2,M,A,D,STNWG,3,0,0,0
2496386,1,M,C,D,UTE,4,0,0,0
308830,3,M,B,D,SEDAN,3,0,0,0
992876,3,M,E,D,HBACK,4,0,0,0
1121121,4,M,A,B,HBACK,2,0,0,0
7683665,1,M,A,C,SEDAN,2,0,0,0
4551162,2,M,F,C,STNWG,3,0,0,0
5859154,2,F,C,D,STNWG,4,0,0,0
5426761,3,F,D,C,STNWG,3,0,0,0
8836985,2,M,C,D,SEDAN,2,0,0,0
9301448,6,M,E,B,SEDAN,1,0,0,0
4062637,4,F,A,C,HBACK,4,0,0,0
7674588,4,F,B,D,SEDAN,4,0,0,0
2049211,6,M,C,D,SEDAN,4,0,0,0
2852125,4,F,C,D,SEDAN,2,0,0,0
6793681,4,F,C,D,STNWG,1,0,0,0
9082970,4,F,F,C,STNWG,2,0,0,0
6527996,6,F,E,B,HBACK,4,0,0,0
2021534,5,F,E,B,SEDAN,1,0,0,0
770334,4,F,B,D,MIBUS,2,0,0,0
4353965,5,F,C,D,SEDAN,1,0,0,0
4267596,3,F,E,D,STNWG,4,0,0,0
3108933,4,F,B,C,UTE,4,0,0,0
9351138,3,F,D,D,TRUCK,4,0,0,0
8363727,2,M,D,D,STNWG,3,0,0,0
8742290,4,M,A,A,SEDAN,4,0,0,0
1827855,5,F,B,C,STNWG,4,0,0,0
5179256,5,M,F,D,SEDAN,4,0,0,0
3830900,2,F,E,C,STNWG,2,0,0,0
4332275,2,F,D,B,SEDAN,3,0,0,0
6279741,4,M,A,D,HBACK,2,0,0,0
3662749,2,M,D,C,HBACK,4,0,0,0
2809620,4,M,C,D,STNWG,4,0,0,0
8278146,4,M,B,D,HBACK,3,0,0,0
4420101,6,M,A,D,SEDAN,2,0,0,0
7750560,1,F,D,C,HBACK,4,0,0,0
1369071,5,F,B,D,SEDAN,1,0,0,0
4859169,4,F,C,D,STNWG,3,0,0,0
346994,3,F,C,C,STNWG,2,0,0,0
8087400,3,F,C,D,SEDAN,3,0,0,0
7098665,5,F,B,B,HBACK,2,0,0,0
6035562,3,M,A,D,STNWG,4,0,0,0
9956384,2,M,A,D,HBACK,1,0,0,0
1095171,3,F,A,B,HBACK,1,0,0,0
8986963,2,F,A,A,SEDAN,1,0,0,0
6031827,5,M,F,D,STNWG,2,0,0,0
7658183,5,M,C,D,STNWG,2,0,0,0
2802329,2,F,C,D,STNWG,3,0,0,0
8239186,4,F,D,D,SEDAN,4,0,0,0
7812164,3,F,A,D,SEDAN,1,0,0,0
6130586,3,M,A,D,PANVN,4,0,0,0
102273,3,M,A,D,STNWG,1,0,0,0
4145760,4,M,B,D,PANVN,4,0,0,0
4347686,1,M,B,D,STNWG,2,0,0,0
8800808,2,M,B,C,SEDAN,4,0,0,0
45598,4,F,A,D,STNWG,2,0,0,0
256319,5,F,C,D,HBACK,2,0,0,0
4291793,2,F,B,D,SEDAN,4,0,0,0
3870415,4,M,A,D,UTE,2,0,0,0
1215913,4,F,B,D,STNWG,4,0,0,0
3272471,5,M,C,D,SEDAN,2,0,0,0
4428828,6,M,A,D,SEDAN,4,0,0,0
1901978,3,F,C,C,STNWG,4,0,0,0
3096799,3,F,B,C,STNWG,2,1,1,345
6529308,4,F,C,C,HBACK,3,0,0,0
9006621,1,F,C,B,HBACK,3,0,0,0
3375695,1,M,B,D,STNWG,2,0,0,0
4683090,4,M,B,B,SEDAN,3,0,0,0
2898292,4,F,C,B,COUPE,1,0,0,0
6775611,4,F,B,D,STNWG,4,0,0,0
2783801,5,F,C,C,STNWG,4,0,0,0
9317801,4,F,B,D,SEDAN,1,0,0,0
962276,2,F,B,B,SEDAN,3,1,1,367.0299997
2552875,5,M,B,D,SEDAN,4,0,0,0
8322839,3,M,B,C,TRUCK,1,0,0,0
1933800,6,F,A,D,SEDAN,2,0,0,0
7971699,5,M,A,C,STNWG,4,0,0,0
5221075,3,F,E,C,SEDAN,2,0,0,0
3628212,5,M,C,D,STNWG,2,0,0,0
4357213,4,M,D,D,UTE,3,0,0,0
6841670,3,M,C,C,SEDAN,2,0,0,0
7120663,4,M,F,C,STNWG,3,0,0,0
2591985,6,F,C,D,HBACK,4,0,0,0
6955650,3,F,B,D,SEDAN,3,0,0,0
3157600,2,F,C,D,STNWG,4,0,0,0
3537647,5,F,C,B,SEDAN,4,0,0,0
858857,4,M,F,C,UTE,1,0,0,0
4361975,1,F,C,D,SEDAN,1,0,0,0
4387655,4,F,B,B,COUPE,1,0,0,0
2670374,4,M,B,D,SEDAN,2,0,0,0
7862291,5,M,A,D,HBACK,2,0,0,0
9725237,4,F,D,D,STNWG,2,0,0,0
3561142,6,F,C,D,HBACK,4,0,0,0
1259128,4,F,A,C,STNWG,4,0,0,0
2317289,6,F,C,B,STNWG,1,0,0,0
9635169,6,M,B,D,HBACK,2,0,0,0
5087108,2,F,A,D,HBACK,2,1,1,200
9806692,3,F,A,B,HBACK,2,0,0,0
712439,4,M,B,B,HBACK,4,0,0,0
1464301,5,F,C,D,STNWG,4,0,0,0
7072077,2,F,C,C,STNWG,1,0,0,0
5402387,1,M,C,D,HBACK,3,0,0,0
4403941,1,M,D,D,HBACK,1,0,0,0
3409012,3,M,F,D,HDTOP,4,0,0,0
3772528,5,F,B,D,SEDAN,2,0,0,0
3932263,4,M,C,D,SEDAN,4,0,0,0
8197423,1,F,D,D,STNWG,4,1,1,915.7399979
6223920,3,F,A,B,SEDAN,3,0,0,0
4293136,3,F,E,D,SEDAN,3,0,0,0
6297565,2,F,B,C,SEDAN,4,0,0,0
6425836,3,F,A,A,HBACK,3,0,0,0
9403023,3,M,D,D,HDTOP,3,0,0,0
6866657,5,M,D,D,UTE,1,1,1,328.7099991
1186274,4,M,C,B,HBACK,3,0,0,0
6064188,4,F,A,C,SEDAN,2,0,0,0
4553148,1,F,A,B,HBACK,3,0,0,0
8816199,4,M,D,B,HBACK,4,0,0,0
3586360,4,F,E,D,SEDAN,2,0,0,0
8092157,3,F,B,D,STNWG,2,0,0,0
3273704,6,F,E,D,SEDAN,3,0,0,0
9245811,4,F,C,D,HBACK,1,0,0,0
1527858,1,F,B,B,HBACK,3,0,0,0
7108356,5,M,C,C,STNWG,2,1,1,836.3999996
1078626,5,F,D,B,SEDAN,3,0,0,0
3158226,2,F,A,D,HBACK,2,0,0,0
541788,1,F,B,D,HBACK,3,0,0,0
4802212,2,F,C,D,SEDAN,2,0,0,0
1258356,2,F,D,D,UTE,1,0,0,0
1070796,6,M,C,B,SEDAN,4,0,0,0
522310,1,M,C,C,SEDAN,2,0,0,0
310074,2,F,D,C,SEDAN,2,0,0,0
4354099,4,M,B,D,SEDAN,3,0,0,0
7850077,5,F,C,B,HBACK,2,0,0,0
4352563,3,M,D,C,STNWG,3,0,0,0
3657193,4,M,C,D,UTE,4,0,0,0
4926141,1,F,F,B,HBACK,2,0,0,0
9491646,4,F,C,C,STNWG,4,0,0,0
8091464,3,F,B,B,SEDAN,2,0,0,0
3518452,4,M,E,C,STNWG,4,0,0,0
6022088,3,F,C,B,HBACK,1,0,0,0
3904426,6,M,D,B,HBACK,4,0,0,0
1259285,2,M,E,D,STNWG,2,0,0,0
3478713,3,M,E,C,STNWG,2,0,0,0
2599965,3,M,B,D,PANVN,2,0,0,0
946556,6,F,A,D,HBACK,2,0,0,0
6038757,4,M,C,B,HBACK,3,0,0,0
688802,4,F,C,B,HBACK,4,0,0,0
341411,2,M,F,C,STNWG,4,0,0,0
6889921,4,M,A,C,STNWG,3,0,0,0
6921227,6,M,C,D,SEDAN,4,0,0,0
8256758,2,M,A,D,TRUCK,3,0,0,0
2974257,5,F,B,C,HBACK,4,0,0,0
5656949,4,F,C,C,SEDAN,1,0,0,0
9481725,5,M,A,D,SEDAN,2,0,0,0
797470,2,M,C,D,SEDAN,3,0,0,0
1957481,3,F,F,D,HDTOP,3,0,0,0
9256742,4,F,C,A,HBACK,1,0,0,0
2673245,4,F,A,D,STNWG,1,0,0,0
1566070,2,M,C,D,STNWG,1,0,0,0
7974690,2,F,B,D,HBACK,3,0,0,0
6050790,3,F,A,D,SEDAN,1,0,0,0
4254206,6,M,C,C,HBACK,4,0,0,0
9132440,4,F,C,D,HDTOP,3,0,0,0
5247591,5,M,A,B,SEDAN,3,0,0,0
9251623,5,F,C,D,SEDAN,3,0,0,0
9642263,4,F,D,B,HBACK,3,0,0,0
7181959,2,F,F,C,STNWG,1,1,1,36502.13977
5088314,1,M,B,B,HBACK,3,0,0,0
5728851,3,M,C,D,STNWG,3,0,0,0
8538529,1,F,D,B,HBACK,1,0,0,0
7710416,2,F,F,B,STNWG,2,0,0,0
3315445,2,F,E,B,HBACK,2,0,0,0
5880245,4,F,C,D,SEDAN,4,0,0,0
8664635,2,M,B,D,HBACK,4,1,2,7218.101801
285175,2,F,C,D,HBACK,2,1,1,342.6400032
1767436,4,F,A,D,HBACK,4,0,0,0
3472565,1,F,C,D,SEDAN,2,1,1,1986.079998
536961,5,F,E,D,UTE,4,0,0,0
6907387,2,F,C,B,HBACK,1,0,0,0
4693348,4,F,B,D,SEDAN,2,0,0,0
4390170,4,F,B,B,HBACK,2,0,0,0
8202359,1,F,A,C,HBACK,4,0,0,0
6432153,3,M,F,D,STNWG,1,0,0,0
8767903,5,M,B,C,UTE,4,0,0,0
1201846,3,M,D,D,STNWG,4,0,0,0
503211,4,F,C,B,HBACK,3,0,0,0
2856305,3,F,B,C,STNWG,2,1,1,384.5
9940947,5,F,A,D,SEDAN,2,0,0,0
8317348,1,F,B,B,HBACK,3,0,0,0
4543028,2,F,B,D,HBACK,4,0,0,0
8235226,5,M,B,D,SEDAN,1,0,0,0
8463527,4,F,D,D,HBACK,4,0,0,0
2675125,1,F,B,B,HBACK,3,0,0,0
5404352,4,M,B,D,SEDAN,1,0,0,0
1373737,3,M,C,D,HBACK,2,1,1,809.5699997
3943519,5,F,A,D,HBACK,3,0,0,0
4682156,4,F,D,C,SEDAN,1,0,0,0
3854095,4,M,B,D,UTE,4,0,0,0
1449711,6,F,C,C,HBACK,4,0,0,0
9893605,4,M,A,B,HBACK,3,0,0,0
522989,4,M,D,B,HBACK,1,0,0,0
8494999,4,F,F,D,STNWG,2,0,0,0
9221662,3,F,C,D,SEDAN,3,0,0,0
4983764,2,M,B,D,SEDAN,3,0,0,0
2740140,4,F,B,B,SEDAN,4,0,0,0
5988236,6,M,D,B,HBACK,3,0,0,0
1006374,4,F,B,D,SEDAN,4,0,0,0
2488773,3,F,B,B,HBACK,2,1,1,11800.18997
4053320,1,M,D,C,UTE,1,0,0,0
494538,6,M,C,D,SEDAN,3,0,0,0
9875840,5,F,C,D,SEDAN,2,0,0,0
7530470,6,F,B,D,SEDAN,4,0,0,0
8918869,2,M,F,D,UTE,4,0,0,0
8202089,3,F,D,D,SEDAN,4,0,0,0
4573615,3,F,C,B,SEDAN,3,0,0,0
5866459,6,F,C,B,SEDAN,3,0,0,0
9663617,3,M,C,B,HBACK,1,0,0,0
7402318,5,F,D,B,HBACK,3,0,0,0
6527638,4,M,A,D,STNWG,3,0,0,0
4258040,6,F,A,D,SEDAN,3,0,0,0
1738022,4,F,D,B,SEDAN,3,0,0,0
1820026,2,M,B,B,HBACK,4,0,0,0
8025672,4,F,D,D,SEDAN,1,1,2,3708.5
7427328,4,F,B,D,SEDAN,2,0,0,0
7858505,4,M,C,D,SEDAN,4,0,0,0
2616443,3,F,C,D,STNWG,3,0,0,0
2855143,3,M,F,D,STNWG,4,0,0,0
7193046,3,M,B,D,SEDAN,1,0,0,0
5992859,3,M,B,C,STNWG,1,0,0,0
3881939,4,F,B,D,SEDAN,3,0,0,0
716328,3,F,A,C,STNWG,2,1,1,3852.559998
1252379,4,F,A,C,SEDAN,4,0,0,0
8252124,3,F,B,D,STNWG,3,0,0,0
3891257,3,F,A,D,HBACK,4,0,0,0
2665751,6,M,C,D,SEDAN,4,0,0,0
8752847,3,F,F,C,SEDAN,3,0,0,0
1819572,3,F,C,B,HBACK,2,0,0,0
497545,4,F,A,C,SEDAN,3,0,0,0
2114023,4,M,B,D,SEDAN,2,1,1,794.1999989
5021671,5,M,C,D,SEDAN,2,0,0,0
8236594,4,F,B,B,HBACK,2,0,0,0
8446055,3,M,C,C,STNWG,1,0,0,0
3395541,2,M,B,D,HBACK,2,0,0,0
6542698,2,F,C,D,STNWG,2,0,0,0
2737746,3,M,C,B,HBACK,1,0,0,0
7226394,4,F,A,B,HBACK,3,0,0,0
9437202,4,M,E,C,STNWG,2,0,0,0
84172,1,M,B,D,HBACK,1,0,0,0
928646,1,F,C,D,STNWG,2,0,0,0
2216312,2,M,C,C,TRUCK,1,0,0,0
7423581,3,F,F,C,STNWG,1,1,1,1131.82
9841628,4,F,B,D,UTE,2,1,1,353.77
9443042,5,M,A,D,HBACK,4,0,0,0
2039699,4,M,C,A,COUPE,1,0,0,0
815605,2,F,B,D,HBACK,1,0,0,0
5202334,2,F,B,B,HBACK,1,0,0,0
8587270,2,M,C,D,STNWG,3,0,0,0
295384,4,M,B,D,HDTOP,4,0,0,0
2777855,5,F,C,D,HBACK,3,0,0,0
1675168,4,F,B,D,HBACK,2,0,0,0
4577658,1,M,A,D,HBACK,1,0,0,0
7455017,3,M,D,B,HBACK,2,0,0,0
8473811,4,M,A,B,HBACK,1,0,0,0
439171,4,M,B,D,STNWG,3,0,0,0
3301155,3,F,F,D,STNWG,4,0,0,0
3748279,4,M,C,D,STNWG,2,0,0,0
6532454,5,M,A,D,HDTOP,3,0,0,0
3930583,1,F,C,B,HBACK,2,0,0,0
1386285,2,M,C,D,UTE,4,0,0,0
8760267,5,F,C,D,SEDAN,1,0,0,0
7762733,3,F,F,B,HBACK,2,0,0,0
3518984,5,M,E,D,STNWG,1,0,0,0
155442,4,M,C,D,STNWG,2,0,0,0
829331,6,M,C,D,STNWG,4,1,1,13753.14999
5989730,2,F,B,C,SEDAN,3,0,0,0
9064643,4,M,C,D,SEDAN,1,0,0,0
1602563,5,F,C,B,STNWG,2,0,0,0
4704193,2,F,B,D,SEDAN,3,0,0,0
9981215,4,M,C,D,STNWG,1,0,0,0
9726171,6,M,E,C,UTE,1,0,0,0
1072557,5,F,A,D,SEDAN,4,0,0,0
1372249,4,F,C,D,HBACK,3,0,0,0
3204431,5,M,A,D,STNWG,2,0,0,0
8003486,2,M,C,B,HBACK,3,0,0,0
4674632,6,F,A,D,SEDAN,4,0,0,0
6354305,4,M,B,D,HBACK,4,1,1,793.9499989
4954667,3,F,C,D,SEDAN,4,0,0,0
6937014,2,F,E,B,HBACK,3,0,0,0
4266468,4,F,C,B,HBACK,2,0,0,0
8819369,3,F,D,B,SEDAN,2,0,0,0
1573454,3,F,D,D,STNWG,3,0,0,0
1246356,3,F,C,D,SEDAN,4,0,0,0
901076,5,M,C,C,SEDAN,1,0,0,0
4439590,2,F,B,B,HBACK,2,0,0,0
6542063,6,F,A,D,HBACK,4,0,0,0
4737812,2,F,C,D,UTE,4,0,0,0
3191579,5,M,B,D,HBACK,1,0,0,0
4957597,4,F,C,B,HBACK,1,0,0,0
2319186,2,F,A,A,SEDAN,3,0,0,0
2131745,4,F,B,D,HBACK,3,0,0,0
8310857,2,M,F,D,TRUCK,2,0,0,0
7410613,3,M,E,D,UTE,4,0,0,0
285918,2,F,A,B,STNWG,2,0,0,0
6064286,3,F,C,D,SEDAN,1,1,1,200
8584201,4,F,B,D,HBACK,3,0,0,0
949393,4,F,A,D,SEDAN,3,0,0,0
5399422,5,F,C,D,SEDAN,1,0,0,0
1273727,6,F,B,D,SEDAN,3,0,0,0
8307872,3,M,A,C,STNWG,1,0,0,0
1682888,4,F,C,D,PANVN,3,0,0,0
9415009,6,F,A,D,SEDAN,2,1,1,2039.089996
1954368,5,M,C,C,STNWG,4,0,0,0
1437259,6,F,D,C,HBACK,1,0,0,0
4757433,5,M,A,C,UTE,4,0,0,0
1448497,5,F,C,D,STNWG,4,0,0,0
3031334,5,F,D,B,HBACK,4,0,0,0
5393107,3,M,C,C,SEDAN,2,0,0,0
4673117,6,M,A,D,UTE,4,0,0,0
1634886,1,M,A,D,PANVN,3,0,0,0
5506970,3,M,B,D,UTE,3,0,0,0
9404133,3,M,C,D,SEDAN,3,0,0,0
581163,3,F,B,B,SEDAN,3,0,0,0
4820684,3,M,A,D,STNWG,2,0,0,0
2062555,4,F,D,C,SEDAN,3,0,0,0
9216513,4,F,A,D,SEDAN,4,0,0,0
3006013,5,M,B,D,HDTOP,4,0,0,0
9721325,5,F,B,D,SEDAN,3,0,0,0
6656852,2,M,F,C,STNWG,2,0,0,0
4437447,3,M,A,D,STNWG,3,0,0,0
3779693,5,M,C,D,SEDAN,1,0,0,0
6524600,5,F,B,D,HDTOP,2,0,0,0
7549280,4,F,C,D,SEDAN,3,1,1,312.3699999
4569761,5,F,A,B,SEDAN,2,1,1,2475.769997
1207207,5,M,B,D,SEDAN,4,0,0,0
7587471,3,M,B,D,STNWG,3,1,1,5579.62999
9569685,6,F,C,D,STNWG,1,0,0,0
167005,4,M,A,D,HBACK,2,0,0,0
8216901,4,M,A,D,HBACK,4,0,0,0
4106962,3,M,F,D,STNWG,3,0,0,0
8534067,3,F,D,B,SEDAN,2,0,0,0
5427149,2,M,D,D,STNWG,3,0,0,0
2896687,1,F,C,C,SEDAN,3,1,1,200
4447372,2,F,F,D,STNWG,4,0,0,0
9332118,1,M,A,C,TRUCK,1,0,0,0
1391869,4,F,C,D,SEDAN,2,1,1,1354.799999
2838819,1,M,E,D,UTE,4,0,0,0
4138035,3,M,F,D,UTE,4,0,0,0
6619730,4,F,C,C,STNWG,2,0,0,0
540653,5,F,A,D,HBACK,4,0,0,0
594879,3,M,B,D,STNWG,3,0,0,0
3192666,5,F,C,C,STNWG,2,0,0,0
2727138,4,M,D,D,MCARA,4,0,0,0
5221920,3,F,A,D,SEDAN,2,0,0,0
5741841,3,M,C,D,PANVN,2,0,0,0
174069,3,F,C,D,STNWG,2,0,0,0
4585926,4,F,B,D,STNWG,3,0,0,0
361017,4,F,D,D,STNWG,3,0,0,0
8870856,3,M,C,D,HBACK,4,0,0,0
5983457,6,F,A,B,SEDAN,1,0,0,0
4942575,4,M,A,D,STNWG,2,0,0,0
8094830,3,M,A,B,SEDAN,3,0,0,0
3206799,4,F,E,C,SEDAN,2,1,1,1011.339998
7948773,3,M,D,A,SEDAN,4,0,0,0
3034432,3,F,B,D,SEDAN,3,0,0,0
3540783,6,F,A,D,HBACK,2,0,0,0
8372798,3,F,C,B,SEDAN,3,0,0,0
6229807,5,F,C,C,HBACK,4,0,0,0
7768177,3,F,C,D,STNWG,4,1,1,359.5
987117,1,M,A,B,STNWG,1,0,0,0
6791486,2,F,A,D,HBACK,3,0,0,0
2120099,3,F,A,D,SEDAN,3,0,0,0
1736526,3,F,E,D,STNWG,3,0,0,0
5001165,3,F,C,D,SEDAN,3,0,0,0
1218576,4,F,A,B,SEDAN,2,0,0,0
984930,2,F,E,D,STNWG,1,0,0,0
929193,3,F,B,C,STNWG,2,0,0,0
8100367,3,M,A,D,STNWG,2,0,0,0
2344307,4,F,A,C,SEDAN,1,0,0,0
7526218,2,F,C,D,HBACK,2,0,0,0
3023031,4,F,E,C,UTE,4,0,0,0
4050543,5,M,A,D,SEDAN,3,0,0,0
7161283,5,M,B,D,TRUCK,3,0,0,0
9860551,4,M,C,D,STNWG,3,0,0,0
1003056,5,F,A,D,SEDAN,2,0,0,0
3598513,1,M,C,D,STNWG,4,0,0,0
4021775,2,M,C,D,PANVN,3,0,0,0
3757746,3,M,B,D,SEDAN,2,0,0,0
5686582,4,M,A,D,HBACK,4,0,0,0
306604,4,M,C,D,SEDAN,2,0,0,0
41086,6,F,A,D,HBACK,4,0,0,0
6849264,4,M,A,D,HDTOP,4,0,0,0
9201786,3,M,F,C,STNWG,3,0,0,0
9483831,4,M,A,D,STNWG,1,0,0,0
5451163,6,M,C,D,SEDAN,4,0,0,0
5223428,5,F,D,D,SEDAN,4,0,0,0
5321652,4,F,E,D,SEDAN,3,0,0,0
3562375,2,F,A,B,HBACK,2,1,1,367.7299995
9859772,3,F,C,B,SEDAN,4,0,0,0
9340438,4,F,E,D,TRUCK,4,0,0,0
1090425,3,F,C,D,HBACK,2,0,0,0
3986757,5,M,A,D,SEDAN,2,0,0,0
4707440,4,F,D,D,MIBUS,4,0,0,0
7259383,5,M,C,D,SEDAN,1,0,0,0
4087235,5,F,C,D,HDTOP,2,0,0,0
6431148,5,M,C,C,SEDAN,3,0,0,0
6733535,5,M,B,D,STNWG,4,0,0,0
1203236,6,M,D,D,HDTOP,3,0,0,0
5400057,4,F,C,D,SEDAN,3,1,1,200
1104846,3,F,B,D,SEDAN,2,0,0,0
4531414,5,M,D,C,SEDAN,4,1,1,200
7948997,2,M,C,C,HBACK,4,0,0,0
5032491,4,M,B,D,SEDAN,1,0,0,0
100469,5,F,E,B,SEDAN,4,0,0,0
2054567,5,F,E,B,SEDAN,2,1,1,484
9740075,3,M,B,D,STNWG,4,0,0,0
5214029,4,M,F,D,HBACK,4,0,0,0
9817219,2,F,E,D,UTE,2,0,0,0
404124,3,F,E,B,SEDAN,1,0,0,0
1019197,6,M,B,D,STNWG,1,0,0,0
7326293,4,M,F,D,UTE,2,1,1,408.9499998
10186,1,M,C,B,HBACK,2,0,0,0
2428781,5,F,C,B,HBACK,1,0,0,0
6112647,5,F,C,B,STNWG,2,0,0,0
8065058,2,F,C,D,STNWG,3,0,0,0
87662,5,F,B,D,TRUCK,4,0,0,0
1991811,6,M,D,D,SEDAN,2,0,0,0
5167806,4,M,C,D,STNWG,4,0,0,0
688463,2,F,C,D,STNWG,2,0,0,0
785889,2,M,E,D,UTE,4,0,0,0
2454519,3,F,B,D,SEDAN,2,0,0,0
8757306,5,M,D,D,UTE,3,0,0,0
5451912,3,F,A,D,UTE,4,0,0,0
8656755,6,M,C,D,SEDAN,2,0,0,0
9434705,4,M,B,D,SEDAN,1,0,0,0
6301773,1,M,A,C,TRUCK,1,0,0,0
272492,3,M,C,D,STNWG,3,0,0,0
6583068,6,M,C,B,SEDAN,3,1,1,353.77
9189282,2,F,A,B,HBACK,3,0,0,0
6891926,1,M,C,D,HBACK,4,0,0,0
8534445,1,M,A,B,HBACK,2,1,1,200
8309104,2,M,F,D,STNWG,4,0,0,0
673307,1,F,E,D,SEDAN,2,0,0,0
9017645,3,F,C,C,STNWG,1,0,0,0
4376382,2,F,C,B,COUPE,3,0,0,0
1333311,6,M,D,C,SEDAN,4,0,0,0
6793855,6,F,D,B,SEDAN,4,0,0,0
8816177,6,M,B,C,SEDAN,4,0,0,0
729910,4,F,A,D,COUPE,4,0,0,0
8548809,4,M,A,D,SEDAN,3,0,0,0
1585214,4,M,C,D,UTE,4,0,0,0
9482797,5,F,A,D,SEDAN,2,0,0,0
4642613,3,M,A,D,HBACK,2,0,0,0
927103,3,F,B,B,HBACK,2,0,0,0
2301760,4,M,A,D,SEDAN,1,0,0,0
156487,3,M,E,D,UTE,3,0,0,0
2438034,6,F,A,B,HBACK,1,0,0,0
402064,5,M,A,D,STNWG,4,0,0,0
2072881,4,F,B,D,HBACK,2,0,0,0
7943785,3,F,F,D,STNWG,1,0,0,0
797503,3,F,B,B,STNWG,2,0,0,0
5322670,4,M,D,C,TRUCK,2,0,0,0
3591268,1,F,D,B,HBACK,2,0,0,0
3152165,2,M,D,D,STNWG,4,1,1,353.7999997
3818443,6,F,D,D,SEDAN,1,1,1,2492.999725
6651010,3,M,C,C,SEDAN,4,0,0,0
6234273,5,F,D,B,HBACK,1,0,0,0
9417069,1,F,B,B,HBACK,3,0,0,0
5489219,2,F,C,B,SEDAN,2,0,0,0
1298681,2,F,C,D,HBACK,2,0,0,0
305397,5,F,B,B,SEDAN,3,0,0,0
7230551,4,M,B,D,UTE,4,0,0,0
8474759,2,F,E,C,STNWG,1,0,0,0
456331,3,F,A,C,STNWG,1,0,0,0
100309,3,F,A,B,HBACK,3,0,0,0
704045,2,F,F,D,STNWG,4,0,0,0
6365209,1,F,C,B,HBACK,2,0,0,0
4293519,4,F,B,C,STNWG,4,0,0,0
5282064,4,M,D,B,SEDAN,3,0,0,0
4440722,3,F,C,D,HBACK,2,0,0,0
4858870,6,M,B,B,HBACK,3,0,0,0
7553029,3,M,C,B,HBACK,3,0,0,0
111481,3,M,A,B,HBACK,3,0,0,0
5466965,6,M,D,C,SEDAN,3,0,0,0
5345262,4,M,C,B,HBACK,2,0,0,0
6052200,6,M,A,C,STNWG,2,0,0,0
7417638,5,M,A,B,HBACK,1,0,0,0
3746448,2,F,D,D,HBACK,3,0,0,0
8304149,3,M,B,D,UTE,2,0,0,0
4362050,3,F,C,D,SEDAN,3,1,1,480.79
7244142,2,M,C,B,HBACK,2,0,0,0
2431951,4,M,C,B,HBACK,1,0,0,0
7473460,2,F,C,D,HBACK,2,0,0,0
8239648,2,M,E,D,UTE,3,0,0,0
4476361,1,F,D,D,HBACK,4,0,0,0
1438039,6,F,C,D,SEDAN,4,0,0,0
8336679,4,F,C,D,HBACK,2,0,0,0
408935,4,F,A,D,SEDAN,2,0,0,0
2518469,3,M,B,D,PANVN,3,0,0,0
875306,3,M,E,D,STNWG,3,0,0,0
2374216,3,F,C,D,SEDAN,2,0,0,0
2681746,4,M,F,C,SEDAN,4,0,0,0
4255790,2,M,B,B,SEDAN,4,0,0,0
9751523,5,M,C,D,STNWG,2,0,0,0
901005,1,M,E,C,UTE,1,0,0,0
184732,3,F,A,D,SEDAN,2,0,0,0
3923052,3,M,E,D,TRUCK,1,0,0,0
9481382,4,M,C,B,HBACK,1,0,0,0
8956962,1,F,F,D,SEDAN,1,0,0,0
5458989,6,M,D,D,HDTOP,3,0,0,0
4022791,4,M,B,C,HBACK,4,0,0,0
3565329,4,M,C,C,UTE,4,0,0,0
2245460,1,F,B,D,SEDAN,2,0,0,0
9869816,4,F,B,D,UTE,3,0,0,0
5321301,4,M,C,D,SEDAN,2,0,0,0
9727834,3,F,C,D,SEDAN,3,1,1,3636.32
8452755,3,F,A,B,SEDAN,4,0,0,0
391984,1,M,B,D,UTE,2,0,0,0
5603522,5,M,D,C,STNWG,3,0,0,0
6472738,4,F,C,D,MIBUS,4,0,0,0
1002860,2,M,A,B,HBACK,1,0,0,0
7870271,2,M,F,C,STNWG,1,0,0,0
1769515,4,F,C,B,HBACK,3,0,0,0
6087383,2,F,B,B,SEDAN,2,0,0,0
4822112,4,F,A,D,STNWG,4,0,0,0
1696837,4,F,C,D,STNWG,2,0,0,0
9374602,2,F,D,B,STNWG,1,0,0,0
1651860,1,F,C,B,HBACK,3,0,0,0
5498763,3,F,D,C,STNWG,1,0,0,0
1380286,3,F,B,D,STNWG,2,1,1,2144.779999
5263241,4,M,A,C,HBACK,4,0,0,0
8534284,6,M,B,D,UTE,2,0,0,0
2932144,6,F,A,C,TRUCK,2,0,0,0
5604737,5,M,E,B,SEDAN,1,0,0,0
2003360,1,F,B,B,SEDAN,3,0,0,0
5436707,4,F,C,D,SEDAN,2,0,0,0
5603048,3,M,B,B,HBACK,1,0,0,0
5423518,2,F,A,C,STNWG,1,0,0,0
7908254,3,M,A,D,HBACK,4,1,2,670.0499992
6263257,4,M,B,D,SEDAN,4,0,0,0
3419777,4,F,B,B,HBACK,1,0,0,0
4518343,1,F,E,D,CONVT,4,0,0,0
4266011,5,F,C,D,STNWG,4,0,0,0
4482394,5,F,A,C,SEDAN,2,0,0,0
9837702,2,M,E,D,SEDAN,3,0,0,0
4659707,2,F,C,D,SEDAN,1,0,0,0
5105629,5,F,E,B,HBACK,2,0,0,0
9278390,5,F,B,C,STNWG,2,0,0,0
5274581,5,F,C,D,HBACK,3,0,0,0
6133612,2,M,F,D,HBACK,3,0,0,0
8654245,6,M,B,D,SEDAN,3,0,0,0
8648329,2,F,A,D,HBACK,1,0,0,0
1095750,4,M,A,D,STNWG,1,0,0,0
621511,5,M,B,C,SEDAN,1,0,0,0
2132978,5,F,C,D,SEDAN,3,0,0,0
355023,3,F,A,D,HBACK,1,0,0,0
6519324,3,M,F,D,STNWG,4,0,0,0
3480200,3,F,F,D,STNWG,4,0,0,0
8248098,2,F,C,D,SEDAN,1,0,0,0
3274886,3,M,C,D,SEDAN,2,1,1,881.0899983
6431452,2,M,C,C,STNWG,4,0,0,0
3027313,3,F,B,B,HBACK,1,0,0,0
6845344,1,F,C,C,SEDAN,3,0,0,0
8332364,4,F,B,D,SEDAN,2,0,0,0
8510828,4,F,C,C,STNWG,1,0,0,0
4932619,4,F,B,B,SEDAN,2,0,0,0
6535253,6,M,D,C,STNWG,3,0,0,0
5365402,3,F,B,B,HBACK,2,0,0,0
6187143,3,F,A,D,HBACK,2,0,0,0
9812157,1,M,F,D,UTE,2,0,0,0
6653972,3,M,A,D,MIBUS,4,0,0,0
9592695,2,M,F,D,UTE,1,0,0,0
9470063,4,M,E,C,TRUCK,1,0,0,0
831570,4,M,B,D,SEDAN,4,0,0,0
6299242,4,M,D,D,UTE,4,0,0,0
9008277,3,M,B,C,SEDAN,1,0,0,0
3316923,2,M,C,B,HBACK,2,0,0,0
301734,6,M,C,B,HBACK,4,0,0,0
7246510,3,M,B,C,SEDAN,3,0,0,0
8295856,5,F,C,B,SEDAN,3,0,0,0
3850908,3,F,A,D,HBACK,2,1,1,484.6699991
148524,3,F,F,D,STNWG,2,0,0,0
1442911,2,F,C,D,SEDAN,3,0,0,0
3727670,3,M,D,C,SEDAN,1,0,0,0
6007144,2,F,E,C,SEDAN,1,0,0,0
8854345,2,F,B,D,SEDAN,4,0,0,0
9547025,5,M,A,D,STNWG,3,0,0,0
3002254,6,M,B,C,SEDAN,3,0,0,0
8958907,4,F,D,D,SEDAN,4,0,0,0
8757565,4,M,D,D,COUPE,4,0,0,0
955036,4,M,A,B,HBACK,3,0,0,0
778070,1,F,C,D,HBACK,4,1,1,2626.599999
8249333,3,F,C,B,HBACK,2,0,0,0
4683291,5,F,E,D,SEDAN,3,0,0,0
7680525,3,F,B,B,SEDAN,3,0,0,0
7136052,3,F,F,C,HBACK,4,0,0,0
5354203,1,F,F,B,SEDAN,2,0,0,0
2481237,5,F,A,B,STNWG,2,0,0,0
488498,1,F,A,B,SEDAN,3,0,0,0
7457282,2,F,C,D,SEDAN,2,0,0,0
7188080,3,M,B,D,SEDAN,4,0,0,0
9498294,4,F,C,D,SEDAN,1,0,0,0
307833,2,F,B,D,STNWG,4,0,0,0
7430003,6,M,A,B,SEDAN,3,0,0,0
2718381,3,F,C,B,HBACK,4,0,0,0
2944236,4,M,E,D,STNWG,4,0,0,0
3203011,2,F,B,D,STNWG,4,0,0,0
685985,5,F,A,D,SEDAN,4,0,0,0
6535174,6,M,C,D,HBACK,2,0,0,0
9981727,3,M,C,B,HBACK,2,0,0,0
1196211,1,F,C,C,STNWG,2,0,0,0
9442203,4,F,E,D,STNWG,4,0,0,0
8361851,4,F,B,D,HBACK,4,0,0,0
1936069,3,F,A,D,SEDAN,3,0,0,0
4572007,5,F,A,B,HBACK,3,0,0,0
9467202,4,M,C,D,SEDAN,2,0,0,0
1012023,5,M,C,C,UTE,1,0,0,0
6898027,5,F,B,D,SEDAN,4,1,1,291.9099991
5902970,1,M,C,D,SEDAN,4,0,0,0
9302652,4,F,C,D,SEDAN,2,0,0,0
7330457,4,F,D,D,UTE,4,0,0,0
5646522,1,F,E,B,HBACK,3,0,0,0
430329,6,M,E,D,SEDAN,4,0,0,0
1962971,1,M,A,D,STNWG,2,0,0,0
1356176,2,M,D,C,STNWG,2,0,0,0
1078792,3,M,F,D,UTE,1,0,0,0
3474844,5,M,C,B,HBACK,1,0,0,0
4566765,2,M,B,D,STNWG,4,0,0,0
4437850,3,F,A,D,UTE,4,0,0,0
202666,5,M,C,D,TRUCK,3,0,0,0
6131012,5,M,A,C,STNWG,3,0,0,0
4024335,6,F,B,D,SEDAN,3,0,0,0
2267789,4,F,C,B,HBACK,1,1,1,231.6299992
52679,3,M,A,C,STNWG,4,0,0,0
837341,5,F,A,D,SEDAN,3,0,0,0
2456487,1,F,D,B,HBACK,2,0,0,0
4446987,2,F,A,D,STNWG,2,0,0,0
6528784,4,M,A,D,SEDAN,1,0,0,0
4517467,5,M,C,B,STNWG,2,0,0,0
5180097,4,F,D,C,STNWG,2,0,0,0
1586176,1,M,B,D,HBACK,1,0,0,0
9984717,4,M,B,C,STNWG,1,0,0,0
5704556,2,F,D,D,UTE,4,0,0,0
6785028,5,F,C,B,HBACK,2,0,0,0
2924692,3,F,B,C,UTE,4,0,0,0
5861096,2,F,F,C,STNWG,3,0,0,0
4295633,4,M,C,D,SEDAN,1,1,1,7482.919998
1072157,4,M,B,D,STNWG,4,0,0,0
1960514,3,M,E,D,STNWG,3,0,0,0
5761456,5,F,C,D,STNWG,2,0,0,0
3006060,2,M,C,C,HBACK,3,0,0,0
2601641,6,M,A,D,HBACK,2,0,0,0
8872187,4,F,D,B,HBACK,2,0,0,0
9556877,6,F,C,B,HBACK,2,0,0,0
1923194,5,F,E,B,HBACK,2,0,0,0
1095593,2,F,C,C,STNWG,4,0,0,0
143072,2,F,C,C,UTE,1,1,1,623.4499998
3874017,3,M,C,D,STNWG,4,0,0,0
8700303,4,M,A,D,HBACK,1,0,0,0
8830788,4,F,D,D,HDTOP,3,0,0,0
959563,3,F,C,B,SEDAN,1,0,0,0
2692868,3,M,B,D,PANVN,3,0,0,0
5606033,6,F,A,D,SEDAN,4,0,0,0
543986,1,F,B,D,SEDAN,4,0,0,0
6489950,3,F,B,C,SEDAN,2,0,0,0
9723626,3,F,C,D,SEDAN,4,0,0,0
9322774,4,M,E,C,STNWG,3,0,0,0
9308004,1,M,E,D,COUPE,4,0,0,0
1337251,3,F,F,D,SEDAN,3,0,0,0
6039569,2,F,C,D,HBACK,4,0,0,0
9332772,3,M,A,D,STNWG,1,0,0,0
3405285,3,M,F,D,STNWG,1,0,0,0
5467020,4,M,C,C,STNWG,4,0,0,0
3392567,2,M,A,D,STNWG,3,0,0,0
8354625,1,M,C,D,SEDAN,2,0,0,0
2860971,2,M,C,D,UTE,4,0,0,0
7145021,2,F,C,B,HBACK,2,0,0,0
356039,4,M,A,C,STNWG,4,0,0,0
2052105,3,F,C,B,HBACK,3,0,0,0
8376895,3,M,A,D,HDTOP,3,0,0,0
5453228,6,M,A,A,SEDAN,3,0,0,0
3249455,6,M,A,D,TRUCK,3,0,0,0
1443395,5,M,A,B,SEDAN,4,0,0,0
2922600,6,F,B,B,SEDAN,2,0,0,0
796648,4,M,C,D,UTE,4,0,0,0
5178828,4,M,B,C,UTE,1,0,0,0
5839691,2,M,F,D,UTE,4,1,1,1912.489998
4461734,2,M,A,D,STNWG,1,0,0,0
4557524,3,F,A,C,SEDAN,4,0,0,0
9309438,4,M,E,B,HBACK,2,0,0,0
4692016,4,F,C,C,SEDAN,2,0,0,0
1907313,2,F,B,D,STNWG,4,0,0,0
1004471,2,F,B,B,SEDAN,4,0,0,0
5639380,1,F,E,C,HBACK,2,1,1,353.77
7141022,5,M,C,B,PANVN,4,0,0,0
658907,4,M,C,B,HBACK,1,0,0,0
3567332,3,F,D,D,STNWG,1,0,0,0
7532858,1,F,C,D,HBACK,4,0,0,0
7541491,6,M,A,D,SEDAN,3,0,0,0
5216373,3,F,D,D,STNWG,4,0,0,0
96986,5,M,A,C,STNWG,2,1,1,2349.349999
2541409,4,M,A,D,STNWG,4,0,0,0
6528591,5,M,D,C,UTE,4,0,0,0
7546535,4,F,B,B,HBACK,3,0,0,0
1260328,4,F,A,C,HBACK,4,0,0,0
8768431,3,M,C,D,SEDAN,2,0,0,0
8246170,3,M,C,B,HBACK,3,0,0,0
3593521,3,M,C,D,SEDAN,4,0,0,0
8891537,3,F,F,B,SEDAN,3,0,0,0
8518093,4,F,C,D,SEDAN,3,1,1,849.8399983
2053000,5,F,B,D,SEDAN,4,0,0,0
164901,5,F,A,D,SEDAN,3,0,0,0
8728225,2,F,A,B,STNWG,3,0,0,0
8073112,4,M,C,B,HBACK,1,0,0,0
401289,4,M,A,D,SEDAN,2,0,0,0
1604678,1,F,D,B,SEDAN,4,0,0,0
3461569,3,F,C,D,SEDAN,4,0,0,0
9889380,2,M,B,B,SEDAN,2,0,0,0
7781616,2,M,D,D,UTE,3,0,0,0
1827784,3,F,A,D,STNWG,3,0,0,0
5404194,3,F,A,D,MIBUS,3,1,1,1564.329998
7401171,4,F,E,A,SEDAN,3,1,2,9266.199982
902634,6,F,C,D,UTE,1,0,0,0
4954596,5,M,D,D,TRUCK,4,0,0,0
7321520,6,F,C,B,SEDAN,3,0,0,0
778706,1,M,A,D,HBACK,1,0,0,0
4813573,2,F,C,B,HBACK,2,0,0,0
1369106,6,F,B,B,HBACK,3,0,0,0
4328986,4,F,E,D,STNWG,2,0,0,0
7407729,6,F,B,B,HBACK,2,0,0,0
11897,3,F,F,B,HBACK,2,0,0,0
2400136,4,M,C,D,SEDAN,2,1,2,619.0899997
1799458,3,F,C,B,HBACK,3,0,0,0
7318838,2,M,C,D,STNWG,4,0,0,0
4037283,6,F,C,B,SEDAN,3,0,0,0
5863278,5,F,B,D,HBACK,2,1,1,6946.459992
3289067,2,M,F,D,UTE,3,0,0,0
367278,2,F,A,C,HBACK,4,0,0,0
9516630,2,F,F,B,HBACK,1,0,0,0
7618391,4,M,A,B,HBACK,1,0,0,0
5345270,3,M,F,C,STNWG,1,0,0,0
5547609,4,F,C,B,HBACK,4,0,0,0
295848,2,M,F,D,HDTOP,1,0,0,0
2102570,5,M,E,B,SEDAN,3,0,0,0
7812240,3,M,A,B,HBACK,3,0,0,0
6190382,4,F,A,C,SEDAN,3,0,0,0
5699651,3,F,A,D,STNWG,2,0,0,0
4159927,2,F,E,D,SEDAN,1,0,0,0
7761176,2,M,E,D,STNWG,3,0,0,0
6174107,4,M,A,A,SEDAN,2,0,0,0
7994245,5,M,E,D,STNWG,4,1,3,6510.209987
6063325,5,F,C,D,SEDAN,3,0,0,0
9421309,2,F,A,B,STNWG,3,0,0,0
2060302,3,F,A,D,HBACK,3,0,0,0
8954941,5,F,D,C,UTE,3,0,0,0
8315234,4,M,C,B,HBACK,2,0,0,0
5393833,6,M,C,B,STNWG,1,0,0,0
2910645,3,F,D,D,SEDAN,3,0,0,0
3887710,1,F,B,B,HBACK,2,1,2,783.4199996
8870608,5,M,B,B,SEDAN,4,0,0,0
6227802,4,F,B,D,STNWG,3,0,0,0
7326456,2,M,A,D,SEDAN,1,0,0,0
2785448,5,M,E,D,UTE,2,0,0,0
2495571,4,M,E,D,UTE,2,0,0,0
2058882,6,F,B,D,SEDAN,3,0,0,0
182496,4,F,B,A,SEDAN,3,0,0,0
103245,4,F,C,C,SEDAN,4,0,0,0
1959584,4,F,C,D,MIBUS,4,0,0,0
2631119,5,F,B,B,STNWG,2,0,0,0
7072708,3,M,C,D,STNWG,4,0,0,0
469273,2,M,F,D,STNWG,3,0,0,0
5606122,5,M,B,D,HBACK,4,0,0,0
7143382,5,M,A,D,SEDAN,3,0,0,0
4387967,3,F,B,B,SEDAN,3,0,0,0
6109570,3,M,C,D,PANVN,3,0,0,0
7596828,5,F,B,B,SEDAN,2,0,0,0
9617109,4,F,B,D,SEDAN,3,0,0,0
5820071,4,M,B,D,MIBUS,4,0,0,0
9231487,4,M,A,D,SEDAN,2,0,0,0
6063246,1,F,E,D,HBACK,3,0,0,0
9821439,3,M,C,D,MIBUS,4,0,0,0
6949612,1,F,C,D,HBACK,1,0,0,0
685654,5,F,A,D,SEDAN,4,0,0,0
2592083,6,M,C,D,SEDAN,3,0,0,0
3000564,6,F,A,D,SEDAN,2,0,0,0
2180387,3,F,C,D,STNWG,4,0,0,0
4487190,3,F,C,B,STNWG,2,0,0,0
8167166,2,M,F,D,UTE,3,0,0,0
684706,4,M,D,D,STNWG,4,0,0,0
3513567,3,F,C,D,HBACK,2,0,0,0
7213487,2,M,A,B,SEDAN,3,0,0,0
7188135,3,F,C,C,STNWG,4,0,0,0
482905,6,M,D,B,HBACK,3,0,0,0
1321787,4,F,C,D,SEDAN,3,0,0,0
2789522,4,F,A,D,SEDAN,3,0,0,0
2413442,1,M,A,D,STNWG,3,0,0,0
4815635,5,M,A,B,HBACK,1,0,0,0
4441551,4,M,F,D,TRUCK,4,0,0,0
7167136,3,F,B,B,COUPE,1,0,0,0
6793176,3,M,D,B,SEDAN,3,0,0,0
407111,3,F,B,D,STNWG,3,0,0,0
1507873,4,M,A,D,SEDAN,4,1,1,926.5999985
5944217,4,F,A,D,SEDAN,2,0,0,0
5048541,3,F,B,B,SEDAN,3,0,0,0
8027429,4,F,A,D,HBACK,3,0,0,0
6873901,5,M,B,D,SEDAN,2,0,0,0
2427800,4,F,A,D,SEDAN,4,0,0,0
6835262,3,M,B,D,STNWG,2,0,0,0
2343521,4,M,A,D,HBACK,4,0,0,0
1198900,4,M,A,D,SEDAN,2,0,0,0
5205225,2,M,C,D,HBACK,1,0,0,0
2313788,4,F,A,D,HBACK,3,0,0,0
39902,4,F,B,D,STNWG,2,0,0,0
6005989,2,F,C,D,STNWG,4,0,0,0
4714156,6,F,C,D,STNWG,2,0,0,0
7895223,1,M,C,B,HBACK,1,0,0,0
8076666,3,F,C,D,STNWG,4,0,0,0
7911852,4,F,A,C,STNWG,4,0,0,0
2420444,4,F,A,D,STNWG,3,0,0,0
9657287,2,F,B,D,SEDAN,3,0,0,0
5215735,5,M,F,C,STNWG,3,0,0,0
9819372,5,M,D,C,STNWG,3,0,0,0
3311144,3,F,A,D,STNWG,2,0,0,0
6035448,5,M,C,D,SEDAN,4,0,0,0
3095534,2,M,D,D,UTE,3,0,0,0
2082737,2,M,B,B,HBACK,2,0,0,0
6409763,4,F,B,D,SEDAN,1,0,0,0
2809772,4,M,A,B,HBACK,1,0,0,0
8987775,1,M,B,B,HBACK,3,0,0,0
1666259,2,F,D,C,STNWG,2,0,0,0
1068164,3,F,B,D,HBACK,3,1,1,200
837392,4,F,B,C,STNWG,2,1,1,917.0499992
5890725,4,F,B,D,STNWG,1,0,0,0
104550,4,M,C,D,HDTOP,2,1,1,2981.809998
7027673,1,F,B,D,HBACK,2,0,0,0
7335073,4,F,A,C,STNWG,3,0,0,0
2667729,4,M,B,D,SEDAN,2,0,0,0
1357449,3,F,A,D,UTE,2,0,0,0
6938494,5,M,D,C,STNWG,1,0,0,0
8203200,3,F,B,B,SEDAN,2,0,0,0
7357521,6,F,D,A,SEDAN,1,0,0,0
2309174,4,F,A,D,SEDAN,2,0,0,0
9742880,4,F,C,B,HBACK,2,0,0,0
9335798,2,M,B,A,SEDAN,2,0,0,0
104711,4,F,C,D,SEDAN,3,0,0,0
1706186,6,F,D,B,HBACK,1,0,0,0
2491206,6,M,D,C,STNWG,3,0,0,0
8399904,2,F,A,D,HBACK,4,0,0,0
3921994,6,M,A,D,SEDAN,1,0,0,0
4479725,4,M,C,D,UTE,4,0,0,0
9012744,5,F,C,D,HBACK,3,0,0,0
8762428,3,F,A,D,SEDAN,2,0,0,0
7022267,3,M,F,C,STNWG,3,0,0,0
8217465,3,M,B,C,HBACK,2,0,0,0
206229,3,F,F,C,STNWG,2,0,0,0
3518771,4,F,E,D,STNWG,3,0,0,0
2524629,4,F,A,D,SEDAN,2,0,0,0
4354013,2,F,C,D,HBACK,4,0,0,0
7140530,6,F,D,D,SEDAN,4,0,0,0
5470922,3,F,B,C,STNWG,4,0,0,0
338480,3,F,B,D,HBACK,3,0,0,0
9130506,4,M,F,C,STNWG,1,0,0,0
9888654,3,F,D,B,SEDAN,2,0,0,0
6921712,4,F,E,D,STNWG,1,0,0,0
1897082,6,M,A,B,HBACK,1,0,0,0
8610809,3,F,E,D,UTE,2,0,0,0
4975378,3,F,E,D,STNWG,4,0,0,0
4295201,4,M,D,C,HDTOP,4,0,0,0
6736778,5,M,C,D,SEDAN,3,0,0,0
4195376,2,M,B,D,SEDAN,3,0,0,0
1385996,3,F,B,C,STNWG,3,0,0,0
837429,4,F,D,B,SEDAN,3,0,0,0
3476219,6,F,B,D,STNWG,4,0,0,0
3939283,1,M,B,D,UTE,4,0,0,0
4543146,5,F,C,C,STNWG,1,0,0,0
1523886,2,M,C,B,HBACK,1,1,1,548.1099997
899229,3,M,B,D,PANVN,4,0,0,0
1421175,2,M,A,D,UTE,4,0,0,0
2189979,4,M,B,D,PANVN,4,0,0,0
6760622,6,F,C,D,SEDAN,3,0,0,0
4357026,3,M,F,C,TRUCK,1,0,0,0
9856908,4,F,A,A,SEDAN,4,0,0,0
4199253,3,F,B,D,STNWG,3,1,1,7297.599991
2430059,2,F,C,B,HBACK,1,0,0,0
44175,5,M,C,D,HBACK,3,0,0,0
6404312,5,M,D,D,SEDAN,1,0,0,0
2517929,3,M,E,D,SEDAN,2,0,0,0
9245659,4,F,A,B,SEDAN,1,0,0,0
5857888,5,F,E,B,SEDAN,4,0,0,0
8556331,3,F,F,D,STNWG,3,0,0,0
9731212,3,M,C,D,SEDAN,3,0,0,0
9173324,5,F,A,D,HBACK,1,0,0,0
1434470,2,F,C,B,HBACK,1,0,0,0
5339419,6,M,E,C,STNWG,1,0,0,0
8269229,4,F,C,D,SEDAN,3,0,0,0
3389546,5,F,A,D,UTE,3,0,0,0
8880080,2,M,C,C,TRUCK,2,0,0,0
3756986,1,F,A,B,HBACK,3,0,0,0
1396364,1,M,D,C,UTE,3,0,0,0
231776,3,F,B,C,SEDAN,2,0,0,0
3094019,5,M,D,D,STNWG,4,0,0,0
3710496,4,M,C,C,STNWG,3,0,0,0
7141238,2,F,B,D,HBACK,1,0,0,0
2033597,2,F,D,B,SEDAN,3,0,0,0
7317801,2,M,B,D,STNWG,2,0,0,0
3740686,2,M,A,D,SEDAN,2,0,0,0
2523452,2,F,C,D,HBACK,3,0,0,0
4998479,1,M,A,C,STNWG,4,0,0,0
5452554,3,F,A,D,SEDAN,2,0,0,0
4137156,4,F,C,D,STNWG,2,0,0,0
7550054,6,M,B,C,HBACK,4,0,0,0
3907250,3,F,D,D,STNWG,1,0,0,0
3848120,3,M,A,B,HBACK,3,0,0,0
304022,2,F,C,B,SEDAN,2,0,0,0
3266473,2,F,E,C,STNWG,3,0,0,0
9229500,1,F,A,B,HBACK,1,0,0,0
1254053,4,M,A,D,STNWG,2,1,1,308.4500008
4648702,6,F,A,D,SEDAN,2,0,0,0
953030,2,M,E,C,STNWG,4,0,0,0
2375747,1,M,B,C,COUPE,4,0,0,0
5700291,5,F,C,D,HBACK,1,0,0,0
3374670,2,M,D,D,UTE,3,0,0,0
2052371,6,M,B,D,SEDAN,3,1,1,953.8499985
981488,6,M,C,B,HBACK,1,0,0,0
7114768,1,M,E,B,SEDAN,3,0,0,0
1198281,6,F,C,C,SEDAN,3,0,0,0
3726179,3,F,C,D,STNWG,4,0,0,0
9015778,4,M,C,C,SEDAN,4,0,0,0
7507719,1,F,D,D,SEDAN,1,0,0,0
169519,4,F,D,D,HBACK,4,0,0,0
6490434,3,F,E,C,STNWG,4,0,0,0
4199269,2,F,D,B,SEDAN,2,0,0,0
824526,2,M,C,D,STNWG,4,0,0,0
7121940,3,M,E,D,STNWG,3,0,0,0
2003873,4,F,D,D,HBACK,3,0,0,0
2734860,5,F,C,D,SEDAN,3,0,0,0
6225381,4,F,A,C,STNWG,1,0,0,0
2973264,4,F,B,B,HBACK,1,0,0,0
9599465,6,F,D,D,SEDAN,2,0,0,0
8674968,5,F,A,D,HBACK,4,0,0,0
692768,4,F,C,B,HBACK,2,0,0,0
8876791,3,M,B,D,SEDAN,2,0,0,0
7400735,4,F,B,B,SEDAN,3,0,0,0
1997409,3,F,C,B,HBACK,1,0,0,0
4663584,2,M,A,B,HBACK,3,0,0,0
7430511,3,M,C,D,HBACK,2,0,0,0
4804750,4,M,C,D,UTE,1,0,0,0
134969,3,M,C,B,HBACK,2,0,0,0
5617131,3,M,E,D,UTE,2,0,0,0
2786945,4,M,E,D,UTE,3,0,0,0
5110268,5,F,C,A,SEDAN,4,0,0,0
2788297,1,F,C,C,HBACK,4,0,0,0
8871477,2,F,B,B,HBACK,1,1,1,3231.869995
8293137,6,M,A,C,SEDAN,4,0,0,0
9739067,5,M,C,D,HDTOP,4,0,0,0
2760261,5,F,C,D,SEDAN,1,0,0,0
7505776,6,M,D,D,SEDAN,3,0,0,0
8008699,3,F,F,C,STNWG,1,0,0,0
1760566,5,F,C,D,SEDAN,4,0,0,0
3866019,6,F,D,D,STNWG,1,0,0,0
3399993,1,F,B,D,HBACK,2,0,0,0
7136477,3,F,C,D,SEDAN,2,0,0,0
4765211,2,M,E,D,STNWG,3,0,0,0
8482018,4,M,A,B,HBACK,1,0,0,0
3580847,2,M,C,D,STNWG,3,0,0,0
4480243,6,M,A,D,UTE,4,1,1,887.1599999
2311878,3,F,D,C,STNWG,4,0,0,0
4430708,2,F,D,D,STNWG,4,0,0,0
5868208,4,F,C,D,STNWG,3,0,0,0
2053957,4,M,A,B,HBACK,3,0,0,0
753399,3,F,F,D,STNWG,3,0,0,0
2891534,1,M,F,C,STNWG,3,0,0,0
1602726,5,F,B,B,HBACK,4,0,0,0
7418741,3,M,A,D,HBACK,4,0,0,0
2516407,2,F,C,D,SEDAN,1,0,0,0
916554,3,M,D,C,HBACK,4,0,0,0
6266612,2,M,E,D,UTE,4,0,0,0
7575555,2,F,A,D,SEDAN,3,0,0,0
1635150,4,M,B,D,SEDAN,1,0,0,0
3408188,5,M,C,D,STNWG,3,0,0,0
2036075,3,F,C,D,HBACK,2,0,0,0
6802407,2,F,C,D,STNWG,2,0,0,0
9017042,6,F,E,B,HBACK,1,0,0,0
6842903,4,F,C,D,HBACK,3,0,0,0
5324926,4,M,C,C,STNWG,2,0,0,0
1311176,4,F,A,D,STNWG,4,0,0,0
895251,3,F,B,B,HBACK,3,0,0,0
5991553,4,F,C,B,HBACK,3,0,0,0
2382846,2,M,C,C,SEDAN,1,0,0,0
5438843,1,M,B,C,HBACK,4,0,0,0
7534177,4,F,B,A,SEDAN,4,0,0,0
4923540,3,F,C,D,HBACK,4,0,0,0
5667852,2,F,C,B,SEDAN,1,1,1,665.7700005
4547204,3,F,A,D,HBACK,4,0,0,0
7673043,6,F,A,D,HBACK,2,0,0,0
6783678,2,M,F,D,HDTOP,3,0,0,0
9806512,2,F,A,D,HBACK,2,0,0,0
2873839,6,F,C,D,SEDAN,4,0,0,0
4675987,4,M,B,C,STNWG,1,0,0,0
6239677,1,F,A,C,SEDAN,2,0,0,0
5332110,4,M,A,D,STNWG,4,0,0,0
8910145,4,M,C,C,HBACK,4,0,0,0
9726155,3,F,E,D,STNWG,2,0,0,0
9421322,6,F,C,B,SEDAN,2,0,0,0
3040729,3,M,C,D,STNWG,3,0,0,0
4255902,2,F,B,C,SEDAN,1,0,0,0
909865,4,F,A,D,STNWG,3,0,0,0
7341490,2,F,F,D,STNWG,2,0,0,0
8405518,4,M,C,D,UTE,3,0,0,0
7548352,2,F,A,D,SEDAN,2,1,1,200
7329021,2,M,A,D,STNWG,1,0,0,0
744492,6,F,B,D,SEDAN,4,0,0,0
4988226,1,F,C,B,HBACK,1,0,0,0
3389499,5,F,C,D,SEDAN,3,1,1,756.3999996
5941835,4,F,B,B,SEDAN,4,0,0,0
2285708,3,F,E,C,UTE,4,0,0,0
3779118,3,M,C,B,STNWG,1,0,0,0
2408873,5,F,A,D,SEDAN,3,0,0,0
7702191,2,M,C,B,HBACK,1,0,0,0
3303948,4,F,A,B,SEDAN,3,1,1,1273.159988
1205849,3,F,A,C,UTE,4,0,0,0
8378581,4,F,D,B,HBACK,3,0,0,0
8738004,2,M,D,D,TRUCK,1,0,0,0
5455694,1,F,F,B,SEDAN,2,1,1,1791.399998
4064683,2,F,C,B,HBACK,1,1,1,200
1013315,5,M,A,D,STNWG,3,0,0,0
3903889,4,F,C,D,HBACK,3,0,0,0
9612665,4,F,A,D,SEDAN,2,0,0,0
4855296,5,M,A,D,HBACK,1,0,0,0
1924638,3,M,D,D,STNWG,4,0,0,0
4335193,4,M,A,B,HBACK,2,0,0,0
4296621,3,F,E,C,STNWG,3,0,0,0
4072691,2,F,F,C,STNWG,1,0,0,0
897658,3,M,D,C,TRUCK,3,1,1,16306.81998
6850604,2,M,A,D,UTE,3,0,0,0
781632,3,F,B,D,SEDAN,3,0,0,0
8741861,4,F,B,D,HBACK,2,0,0,0
418768,4,F,C,D,TRUCK,3,0,0,0
3686419,5,M,F,D,UTE,3,0,0,0
3668717,4,M,B,B,HBACK,1,0,0,0
2746826,2,F,B,D,MIBUS,4,0,0,0
8466799,5,M,C,D,HBACK,1,0,0,0
2458196,5,M,C,D,SEDAN,2,0,0,0
4663446,4,F,A,D,SEDAN,2,0,0,0
9223270,2,M,B,D,HBACK,1,0,0,0
8708092,1,M,B,D,STNWG,4,1,1,1395.709999
8306978,2,F,F,C,STNWG,2,0,0,0
1200903,3,F,D,D,STNWG,3,0,0,0
7136456,5,F,A,D,SEDAN,4,0,0,0
293214,2,M,E,D,HBACK,2,0,0,0
8395651,2,F,B,D,SEDAN,4,0,0,0
2000476,3,F,F,D,MIBUS,3,0,0,0
1253064,4,M,F,C,STNWG,4,0,0,0
4649572,4,F,D,B,COUPE,2,0,0,0
9819356,5,M,D,B,SEDAN,1,0,0,0
6237729,4,M,A,D,HBACK,4,0,0,0
5099130,2,M,C,D,STNWG,3,0,0,0
8368875,6,M,B,D,SEDAN,1,0,0,0
4682591,3,F,A,D,STNWG,1,0,0,0
6593826,6,F,C,C,STNWG,2,0,0,0
625163,3,F,C,D,SEDAN,2,0,0,0
5183665,3,M,D,B,SEDAN,2,0,0,0
4057807,3,F,C,D,SEDAN,1,0,0,0
5472174,2,F,B,B,HBACK,1,0,0,0
9447103,2,M,B,D,PANVN,4,0,0,0
1804816,2,F,B,D,HBACK,1,0,0,0
8096704,2,F,C,B,HBACK,2,0,0,0
1529360,4,F,C,B,HBACK,1,0,0,0
8926241,3,M,C,D,STNWG,3,0,0,0
305189,5,F,A,B,HBACK,1,0,0,0
6255376,2,M,D,D,STNWG,4,0,0,0
3881781,2,F,C,B,HBACK,2,0,0,0
1835435,4,F,D,C,STNWG,4,0,0,0
9326424,2,M,F,D,HBACK,3,0,0,0
5332800,3,F,A,D,STNWG,1,0,0,0
6315463,3,F,C,B,SEDAN,4,0,0,0
3048785,6,F,C,C,HBACK,2,0,0,0
1992524,4,F,B,D,MIBUS,4,0,0,0
2826626,3,M,C,D,UTE,2,0,0,0
2438860,1,F,C,B,HBACK,2,0,0,0
192259,3,F,D,D,TRUCK,4,0,0,0
2725224,1,M,C,D,STNWG,1,0,0,0
6236740,6,M,A,D,SEDAN,3,0,0,0
9941501,3,M,C,D,STNWG,2,0,0,0
3140886,1,M,A,D,UTE,3,0,0,0
4129778,5,M,C,C,STNWG,4,0,0,0
4466947,2,F,A,D,HBACK,3,0,0,0
3481445,3,M,C,C,STNWG,4,0,0,0
7137971,6,F,C,D,SEDAN,4,0,0,0
3923897,2,M,B,B,HBACK,3,0,0,0
5977430,2,M,C,D,STNWG,2,0,0,0
404138,2,M,F,C,STNWG,1,0,0,0
6561586,4,F,B,C,STNWG,2,0,0,0
4733982,6,M,C,D,HBACK,1,0,0,0
1882258,5,F,C,B,SEDAN,3,0,0,0
4270926,1,F,A,B,HBACK,1,0,0,0
485907,3,F,B,D,STNWG,2,0,0,0
4287649,3,F,B,D,STNWG,3,0,0,0
6650022,2,M,B,D,STNWG,1,0,0,0
8817742,4,M,C,B,HBACK,2,0,0,0
5137582,2,M,C,D,SEDAN,2,0,0,0
1657182,2,F,C,D,SEDAN,4,0,0,0
3898585,3,M,A,C,STNWG,4,0,0,0
2592919,2,M,C,D,HBACK,2,0,0,0
189342,4,M,B,C,SEDAN,3,0,0,0
2837730,6,M,C,D,SEDAN,4,0,0,0
4937954,2,F,B,D,HBACK,4,0,0,0
2057022,4,M,E,C,TRUCK,3,0,0,0
9975275,6,F,E,C,STNWG,2,0,0,0
9259119,4,M,B,D,HDTOP,2,0,0,0
106400,5,M,A,C,UTE,1,0,0,0
7471863,3,M,C,D,TRUCK,4,0,0,0
273145,3,F,A,D,STNWG,1,1,1,200
6644591,3,F,A,D,HBACK,4,0,0,0
5744874,4,M,C,D,HBACK,2,0,0,0
9353539,4,F,D,D,SEDAN,4,0,0,0
4388061,2,F,C,D,HBACK,2,0,0,0
1670865,3,M,C,D,BUS,4,0,0,0
1055421,1,F,C,B,HBACK,1,0,0,0
9727453,3,M,F,D,UTE,4,0,0,0
3880540,4,F,A,B,SEDAN,3,0,0,0
9531272,4,M,D,D,STNWG,2,0,0,0
5330203,4,F,A,D,STNWG,3,0,0,0
9418574,4,M,C,D,HBACK,3,0,0,0
3474458,6,F,E,D,SEDAN,2,0,0,0
3602216,5,F,C,D,SEDAN,4,0,0,0
9748115,4,F,E,C,UTE,1,0,0,0
1665039,2,F,A,D,STNWG,1,0,0,0
6043116,4,M,A,D,HBACK,2,0,0,0
7273572,4,F,C,D,HBACK,1,0,0,0
8343280,6,M,A,C,STNWG,2,1,1,1907.599999
7117233,4,F,A,D,HBACK,2,0,0,0
4383353,2,M,E,D,STNWG,4,0,0,0
2569395,6,M,E,D,SEDAN,2,0,0,0
1160113,5,M,A,B,HBACK,4,0,0,0
9612500,1,F,F,D,STNWG,3,1,1,389.9499998
2455541,5,M,A,C,SEDAN,2,0,0,0
8958860,4,F,C,D,UTE,4,0,0,0
2669734,4,M,C,C,STNWG,3,0,0,0
2789049,4,M,D,D,HDTOP,4,0,0,0
3070240,1,M,A,D,STNWG,3,0,0,0
286233,4,F,B,C,UTE,2,0,0,0
6091646,6,M,D,C,COUPE,1,0,0,0
171219,1,M,C,C,UTE,2,0,0,0
7221911,5,F,C,B,HBACK,1,0,0,0
8586558,1,M,D,D,HBACK,2,0,0,0
3331506,4,F,C,D,SEDAN,3,0,0,0
1264161,5,F,A,D,HBACK,3,0,0,0
2603100,3,F,D,B,HBACK,3,0,0,0
4704832,3,F,D,D,UTE,3,0,0,0
4062992,3,F,B,B,SEDAN,4,0,0,0
5056414,4,F,A,D,HBACK,3,0,0,0
9021453,2,F,A,D,SEDAN,4,0,0,0
4718329,3,M,B,C,STNWG,3,0,0,0
1483280,1,F,C,D,SEDAN,2,0,0,0
6041660,3,M,F,D,STNWG,4,0,0,0
4179226,4,M,A,B,STNWG,2,0,0,0
8761422,5,M,A,C,STNWG,2,0,0,0
2076148,2,M,D,C,STNWG,3,0,0,0
7618888,3,M,F,B,SEDAN,2,0,0,0
4454227,5,M,C,D,SEDAN,2,0,0,0
4189834,5,F,A,B,HBACK,2,0,0,0
4743550,4,M,B,D,SEDAN,3,1,1,200
8195678,2,F,A,C,STNWG,4,0,0,0
3155970,4,F,C,B,HBACK,3,0,0,0
2119557,4,F,A,D,SEDAN,1,0,0,0
8501477,5,F,E,B,STNWG,2,0,0,0
3904292,3,M,D,D,HBACK,4,0,0,0
8356041,1,M,A,D,STNWG,3,0,0,0
1043137,4,F,D,C,STNWG,2,0,0,0
9883706,4,M,C,C,SEDAN,1,0,0,0
1994431,5,F,C,B,SEDAN,3,0,0,0
7947051,4,F,C,A,STNWG,2,0,0,0
7178843,2,F,C,C,STNWG,4,0,0,0
6773452,1,F,B,B,HBACK,3,0,0,0
6132225,4,M,C,D,HBACK,3,0,0,0
708607,6,M,C,D,STNWG,3,1,1,232.8000002
249056,3,F,E,D,SEDAN,3,0,0,0
4518240,3,F,C,B,SEDAN,3,0,0,0
2643636,2,F,A,D,SEDAN,1,0,0,0
8776582,2,F,C,D,SEDAN,3,0,0,0
4608076,3,F,B,B,HBACK,3,0,0,0
2728587,2,M,A,C,STNWG,3,0,0,0
3662183,6,M,D,D,SEDAN,2,0,0,0
1985788,2,M,C,D,HDTOP,3,0,0,0
9143719,3,M,E,D,UTE,4,0,0,0
6732771,5,F,F,D,STNWG,4,0,0,0
406482,6,F,D,B,SEDAN,1,0,0,0
9016333,2,F,C,C,SEDAN,1,1,1,18215.87994
4542738,4,M,A,D,SEDAN,1,0,0,0
7134673,6,M,B,D,SEDAN,4,0,0,0
9144320,6,F,C,B,SEDAN,4,0,0,0
8757271,4,F,B,C,STNWG,2,0,0,0
4421835,3,M,C,A,STNWG,1,0,0,0
7490922,2,F,B,B,HBACK,1,0,0,0
7409098,3,F,D,D,SEDAN,2,0,0,0
6502075,2,M,C,B,HBACK,3,0,0,0
4700612,5,F,C,C,HBACK,3,0,0,0
98144,5,M,C,D,PANVN,2,0,0,0
4018087,3,F,E,D,TRUCK,4,0,0,0
2918459,3,F,A,D,SEDAN,4,0,0,0
8427094,4,M,C,D,HBACK,4,1,1,441.4199996
1881206,5,F,C,C,STNWG,2,0,0,0
9276512,4,M,C,D,HBACK,2,0,0,0
2663509,5,M,B,D,STNWG,4,0,0,0
7779119,5,F,C,D,HBACK,3,0,0,0
9241160,3,M,C,D,STNWG,4,0,0,0
1060154,2,M,A,D,SEDAN,2,0,0,0
3390979,2,F,E,D,SEDAN,4,0,0,0
1193685,3,M,C,C,SEDAN,4,0,0,0
3042557,4,F,C,D,STNWG,3,0,0,0
2706983,1,F,A,C,SEDAN,3,0,0,0
816764,5,F,D,B,SEDAN,3,0,0,0
205065,3,M,F,D,SEDAN,2,0,0,0
4799188,2,F,A,C,STNWG,1,0,0,0
6654411,3,F,D,B,HBACK,3,1,1,6224.039993
5782414,1,F,B,B,HBACK,4,0,0,0
6919623,2,M,C,D,SEDAN,4,0,0,0
4956058,4,F,A,D,SEDAN,1,0,0,0
2330190,4,F,B,A,PANVN,3,0,0,0
7614496,4,F,B,D,HBACK,4,0,0,0
4507266,3,M,C,D,SEDAN,1,0,0,0
127348,6,F,C,D,SEDAN,1,0,0,0
8083935,5,F,C,D,SEDAN,3,1,1,809.289999
4841531,2,M,C,D,SEDAN,3,1,1,353.77
2960150,6,M,A,D,SEDAN,4,0,0,0
7175571,6,M,C,B,HBACK,2,0,0,0
9060578,2,M,C,D,STNWG,1,0,0,0
7771847,5,M,B,D,UTE,3,0,0,0
1956468,6,F,C,D,HBACK,1,0,0,0
4737169,3,F,A,C,HBACK,3,0,0,0
6432413,2,M,C,B,HBACK,2,0,0,0
6673735,4,F,C,D,SEDAN,2,0,0,0
4201754,6,F,C,D,STNWG,1,0,0,0
8440883,4,F,E,C,UTE,2,0,0,0
9588407,3,F,E,C,STNWG,2,0,0,0
3286923,1,F,B,D,HBACK,3,0,0,0
3885507,1,F,B,C,STNWG,2,0,0,0
4388006,4,F,C,B,SEDAN,2,0,0,0
5127794,3,M,B,B,HBACK,3,0,0,0
477404,4,M,D,B,SEDAN,4,0,0,0
6349153,3,F,C,D,STNWG,2,0,0,0
1329619,5,F,E,B,SEDAN,2,0,0,0
4068874,4,F,B,D,SEDAN,3,0,0,0
841054,5,M,F,B,HBACK,2,0,0,0
5674189,2,F,B,C,STNWG,4,0,0,0
6936812,4,F,C,D,SEDAN,3,0,0,0
1238040,2,F,E,B,HBACK,3,0,0,0
8524818,5,M,E,C,SEDAN,2,0,0,0
5867332,3,F,A,D,HBACK,2,0,0,0
989665,2,F,E,D,STNWG,3,0,0,0
1034919,4,F,A,B,HBACK,2,0,0,0
533557,4,M,B,D,SEDAN,3,0,0,0
3924535,5,M,A,D,SEDAN,3,0,0,0
4479678,5,M,A,D,HBACK,4,0,0,0
8420937,4,M,A,B,SEDAN,4,0,0,0
7640886,4,M,B,C,COUPE,2,0,0,0
2495870,3,F,A,B,HBACK,1,0,0,0
7469824,6,F,B,B,HBACK,1,0,0,0
8397769,4,M,F,D,STNWG,3,0,0,0
5010097,3,M,A,D,PANVN,3,1,1,3214.919998
8478705,3,F,A,D,STNWG,1,0,0,0
7319782,2,M,D,D,UTE,4,0,0,0
3622833,5,F,F,D,TRUCK,3,0,0,0
7187659,3,F,A,D,HBACK,3,0,0,0
5533724,6,F,C,A,SEDAN,4,0,0,0
89900,4,F,C,D,STNWG,3,0,0,0
2297525,3,M,E,D,STNWG,1,0,0,0
1107815,3,F,A,C,STNWG,3,0,0,0
8150604,4,M,C,C,SEDAN,2,0,0,0
6922378,6,M,A,D,HBACK,3,0,0,0
1847099,2,M,F,D,UTE,1,0,0,0
103478,5,M,C,B,SEDAN,4,0,0,0
7612081,4,F,B,D,SEDAN,2,0,0,0
5304763,2,M,C,D,HDTOP,2,0,0,0
9620937,2,M,C,D,STNWG,4,0,0,0
1849053,2,F,C,D,STNWG,4,0,0,0
9173916,2,M,D,D,HDTOP,2,0,0,0
3906313,1,F,C,C,SEDAN,1,0,0,0
8100190,5,F,E,D,UTE,2,0,0,0
9312054,3,M,A,D,PANVN,3,0,0,0
1656906,1,M,E,C,TRUCK,4,0,0,0
3946916,2,F,C,D,STNWG,3,0,0,0
545837,2,M,E,D,UTE,4,0,0,0
7187931,5,M,C,D,HDTOP,4,0,0,0
5451774,5,F,D,B,SEDAN,3,0,0,0
5295044,2,F,F,D,STNWG,3,0,0,0
1081855,2,F,E,C,STNWG,3,0,0,0
8456183,3,M,C,C,STNWG,3,0,0,0
4452067,2,M,A,C,UTE,1,0,0,0
9292784,2,F,B,B,SEDAN,3,0,0,0
2679042,2,M,A,D,STNWG,2,0,0,0
2480280,3,M,C,B,COUPE,3,0,0,0
5378622,4,F,C,D,SEDAN,3,0,0,0
953555,5,M,B,C,UTE,4,0,0,0
9737314,4,F,D,D,UTE,4,0,0,0
6190670,6,F,C,D,SEDAN,4,0,0,0
691302,4,M,C,D,STNWG,3,0,0,0
6338814,2,F,C,D,SEDAN,4,0,0,0
9067910,4,M,B,D,STNWG,4,0,0,0
6863641,3,F,E,B,SEDAN,3,0,0,0
6427672,3,F,C,B,SEDAN,3,0,0,0
3155224,4,M,B,D,SEDAN,2,0,0,0
5336840,3,F,B,D,HBACK,1,0,0,0
8003837,3,F,E,C,STNWG,2,0,0,0
8079988,2,M,C,D,SEDAN,4,0,0,0
4296174,2,F,C,D,SEDAN,3,0,0,0
6107919,5,F,C,D,MIBUS,4,0,0,0
4532686,4,F,B,D,SEDAN,2,0,0,0
5400546,4,M,A,D,SEDAN,1,0,0,0
2519713,5,M,B,D,TRUCK,4,0,0,0
5464810,4,M,C,B,COUPE,3,0,0,0
3678525,4,F,A,C,HBACK,3,0,0,0
8655002,5,F,A,B,SEDAN,3,0,0,0
4059649,6,F,A,C,SEDAN,3,0,0,0
3627696,4,M,A,B,SEDAN,3,0,0,0
2524885,3,F,B,B,HBACK,1,0,0,0
2992640,3,F,B,D,SEDAN,1,0,0,0
1526085,4,F,A,D,SEDAN,2,0,0,0
178279,4,M,C,D,SEDAN,2,0,0,0
897661,6,F,C,D,SEDAN,3,0,0,0
106650,4,M,C,B,HBACK,3,0,0,0
712510,4,M,C,D,SEDAN,2,0,0,0
6996380,2,M,A,D,HBACK,3,0,0,0
15282,2,F,B,B,HBACK,3,0,0,0
4941184,4,M,A,C,SEDAN,4,0,0,0
5969668,3,M,C,D,SEDAN,1,0,0,0
6034938,4,M,A,C,HBACK,4,0,0,0
8321817,3,F,D,C,STNWG,3,0,0,0
5271554,2,F,C,C,SEDAN,2,1,1,200
5605421,2,F,B,D,HBACK,3,0,0,0
5788154,4,F,B,D,SEDAN,4,0,0,0
5565362,3,F,E,D,STNWG,4,0,0,0
6033809,5,F,D,D,HBACK,3,0,0,0
1302348,3,F,A,D,SEDAN,4,0,0,0
9250363,4,F,C,B,HBACK,4,0,0,0
2071396,3,F,C,D,SEDAN,2,0,0,0
5082361,2,F,C,C,HBACK,2,0,0,0
1862636,2,F,D,B,SEDAN,3,0,0,0
8219720,4,F,A,D,HBACK,2,0,0,0
7374153,2,F,A,D,SEDAN,4,0,0,0
9352400,1,M,B,D,SEDAN,2,0,0,0
6229299,6,M,B,D,SEDAN,1,0,0,0
6446906,3,F,A,D,SEDAN,2,0,0,0
2492597,5,M,C,C,HBACK,4,0,0,0
1079887,3,F,A,C,RDSTR,1,0,0,0
8315823,4,F,A,D,HBACK,2,0,0,0
2484557,4,F,C,D,HBACK,1,0,0,0
2603417,4,F,C,D,HBACK,2,0,0,0
3565432,1,F,F,D,STNWG,1,0,0,0
491989,3,F,C,C,HBACK,3,0,0,0
9323307,6,F,E,D,STNWG,1,0,0,0
5027218,2,F,B,D,STNWG,1,0,0,0
4260516,3,M,A,D,SEDAN,4,0,0,0
9133638,5,F,A,D,SEDAN,3,0,0,0
6414282,5,F,A,D,HBACK,1,0,0,0
8613173,1,F,C,B,SEDAN,3,0,0,0
9325277,3,F,A,C,STNWG,3,0,0,0
1203934,5,F,C,B,STNWG,3,0,0,0
976681,3,F,B,B,HBACK,4,0,0,0
6615857,5,M,E,C,STNWG,3,0,0,0
6395442,3,M,C,B,SEDAN,1,0,0,0
9720626,3,M,C,B,HBACK,1,0,0,0
8820746,6,M,C,D,HBACK,3,0,0,0
1774945,5,F,B,B,HBACK,3,0,0,0
7911757,5,F,D,D,HBACK,3,0,0,0
8655616,2,F,C,B,HBACK,2,0,0,0
3474178,6,M,B,D,HBACK,4,0,0,0
6435111,4,M,C,B,SEDAN,2,0,0,0
6383724,4,F,A,D,HBACK,1,0,0,0
6538429,4,F,C,C,SEDAN,4,0,0,0
3102801,1,F,A,D,SEDAN,2,0,0,0
4334589,3,F,B,D,STNWG,4,0,0,0
3477331,1,F,C,D,HBACK,3,0,0,0
2019906,3,F,C,B,HBACK,1,0,0,0
2886767,5,M,C,B,HBACK,1,0,0,0
9407584,1,F,C,D,HBACK,2,0,0,0
2909582,4,F,C,C,HBACK,4,1,1,200
6587551,4,F,C,B,HBACK,1,0,0,0
6856492,4,F,A,B,SEDAN,3,0,0,0
8299035,4,M,C,D,HBACK,3,0,0,0
261536,4,M,A,C,HBACK,4,0,0,0
8905680,3,F,A,D,SEDAN,4,0,0,0
6923177,5,F,A,C,HBACK,4,0,0,0
7443771,4,F,C,D,SEDAN,1,0,0,0
4068630,3,F,A,C,STNWG,4,0,0,0
988649,2,F,E,D,UTE,2,0,0,0
3745327,1,M,D,D,HBACK,4,0,0,0
6939337,1,F,B,D,STNWG,2,0,0,0
3624485,6,M,A,B,SEDAN,1,0,0,0
3503164,4,F,A,B,HBACK,2,0,0,0
9983476,1,F,C,B,SEDAN,3,0,0,0
3479493,5,M,D,C,SEDAN,2,0,0,0
7869570,4,M,A,D,UTE,3,0,0,0
5585574,3,M,E,D,STNWG,1,0,0,0
199537,3,F,B,D,SEDAN,2,0,0,0
2891278,1,M,B,A,STNWG,2,0,0,0
2803358,5,F,A,D,SEDAN,2,0,0,0
9043896,1,M,A,D,STNWG,4,0,0,0
7422312,1,F,C,D,HBACK,3,0,0,0
8577192,2,M,F,C,SEDAN,2,0,0,0
1442067,6,F,C,D,SEDAN,1,0,0,0
5408315,1,M,A,B,HBACK,2,0,0,0
6535358,2,M,C,D,STNWG,4,0,0,0
6230475,6,M,A,B,HBACK,4,0,0,0
3483021,5,F,A,D,SEDAN,2,0,0,0
166987,3,M,E,D,UTE,3,0,0,0
1684842,4,M,D,D,UTE,4,0,0,0
1677393,4,M,A,B,COUPE,3,0,0,0
6056937,4,M,B,D,TRUCK,3,0,0,0
7416404,6,M,B,B,HBACK,4,0,0,0
7511634,3,F,C,D,STNWG,3,0,0,0
7850753,5,M,A,D,STNWG,2,0,0,0
2849905,6,M,A,D,SEDAN,4,0,0,0
3862814,2,M,C,D,HDTOP,2,0,0,0
1680232,2,F,F,D,STNWG,4,0,0,0
2151616,2,F,C,D,SEDAN,3,1,1,353.77
343946,5,F,F,B,HBACK,4,0,0,0
7308714,3,F,E,D,UTE,4,1,1,408.9499998
6116258,3,M,E,B,SEDAN,1,0,0,0
8650778,2,F,D,C,STNWG,1,0,0,0
9492926,2,M,E,D,PANVN,1,0,0,0
1674304,4,F,C,D,STNWG,4,0,0,0
463784,4,M,C,B,SEDAN,3,0,0,0
9458633,2,M,E,C,SEDAN,1,0,0,0
5426976,4,F,C,D,HBACK,2,0,0,0
4264643,4,M,C,D,STNWG,4,0,0,0
8958785,3,M,A,D,SEDAN,4,0,0,0
6491930,3,F,F,D,STNWG,3,0,0,0
9057034,2,M,A,D,UTE,3,0,0,0
4433429,5,M,C,D,SEDAN,4,0,0,0
2584268,2,F,D,B,SEDAN,3,0,0,0
778419,6,F,C,B,HBACK,4,0,0,0
9025180,3,M,E,D,STNWG,2,0,0,0
1039130,1,F,F,B,HBACK,2,0,0,0
20272,3,M,A,D,SEDAN,3,0,0,0
8784211,2,M,C,B,SEDAN,3,0,0,0
8479197,3,F,C,D,STNWG,2,0,0,0
9934984,5,F,D,D,HBACK,1,0,0,0
3623096,4,M,A,D,SEDAN,3,0,0,0
3404778,4,M,A,C,STNWG,3,1,1,2852.399994
3109563,1,M,A,C,SEDAN,2,0,0,0
1510835,1,F,C,D,HBACK,1,0,0,0
1048602,3,M,A,B,HBACK,3,0,0,0
930682,6,M,A,D,SEDAN,4,0,0,0
6626445,3,F,A,C,SEDAN,1,0,0,0
958245,3,M,D,D,HBACK,2,0,0,0
9522927,3,F,C,C,SEDAN,2,0,0,0
9962080,4,M,A,D,SEDAN,2,1,1,1630.239998
7530785,6,M,C,D,SEDAN,3,0,0,0
8452582,1,M,D,D,STNWG,3,0,0,0
4933407,4,F,A,D,HBACK,2,0,0,0
9857873,5,M,C,D,HBACK,4,0,0,0
4738343,2,M,E,B,HBACK,3,0,0,0
1575670,1,F,C,D,HBACK,2,0,0,0
2490140,2,F,B,D,SEDAN,3,0,0,0
8432108,1,F,B,D,HBACK,2,0,0,0
2615148,5,M,B,B,HBACK,3,0,0,0
4896711,3,F,E,D,HDTOP,3,0,0,0
1508728,1,M,C,D,STNWG,3,0,0,0
2783460,2,M,B,D,UTE,3,0,0,0
3477121,3,F,A,D,STNWG,2,0,0,0
9971230,2,F,B,D,SEDAN,1,0,0,0
9412554,6,M,E,D,STNWG,3,0,0,0
2532940,3,F,B,C,HBACK,4,0,0,0
4681534,6,F,A,D,SEDAN,1,0,0,0
9685452,5,M,C,D,HBACK,4,0,0,0
3160667,4,F,B,B,HBACK,1,1,1,1009.41
5463971,3,M,C,D,SEDAN,4,0,0,0
264899,1,M,A,D,UTE,3,0,0,0
1137643,4,F,A,D,SEDAN,4,0,0,0
454845,5,F,A,D,SEDAN,2,0,0,0
8743945,4,F,C,B,SEDAN,1,0,0,0
8021513,6,M,A,D,SEDAN,2,0,0,0
1713849,3,M,C,D,HDTOP,4,0,0,0
6734926,4,F,A,D,STNWG,3,0,0,0
6527149,6,M,A,D,SEDAN,4,0,0,0
5217930,3,M,A,D,SEDAN,2,0,0,0
9823180,6,F,A,D,SEDAN,4,0,0,0
2855851,2,M,B,D,STNWG,1,0,0,0
6220896,5,F,D,C,STNWG,3,0,0,0
4553422,1,M,E,D,TRUCK,2,0,0,0
6838201,4,M,C,B,HBACK,4,0,0,0
5694103,4,F,C,C,SEDAN,3,0,0,0
5284078,2,M,C,B,SEDAN,1,0,0,0
1353631,1,F,B,D,SEDAN,3,0,0,0
4392673,2,F,C,C,SEDAN,1,0,0,0
6226498,1,M,A,D,STNWG,1,0,0,0
3152798,5,F,A,B,SEDAN,2,0,0,0
2693122,3,F,B,D,HBACK,1,0,0,0
8010505,3,M,C,D,PANVN,3,0,0,0
1348732,2,F,B,D,STNWG,2,0,0,0
8906909,5,F,B,D,HBACK,4,0,0,0
8432450,5,F,A,B,SEDAN,3,0,0,0
3438511,5,M,A,D,UTE,3,0,0,0
3203852,5,M,B,B,HBACK,4,0,0,0
8274550,5,F,B,B,HBACK,2,0,0,0
3203083,4,M,A,C,STNWG,4,0,0,0
1795424,3,M,E,D,SEDAN,2,0,0,0
7449101,5,F,A,B,SEDAN,2,0,0,0
8455044,3,F,C,D,SEDAN,2,0,0,0
8010271,4,M,A,D,SEDAN,4,0,0,0
7515905,3,M,C,B,HBACK,2,0,0,0
8084375,2,M,B,D,HDTOP,3,0,0,0
1318112,2,F,B,D,HBACK,3,0,0,0
3086862,4,M,B,C,STNWG,3,0,0,0
1878965,4,M,C,D,UTE,3,0,0,0
1709964,2,F,C,D,STNWG,4,0,0,0
5644891,4,F,C,D,STNWG,2,0,0,0
87424,2,F,A,D,HBACK,4,0,0,0
994599,4,M,E,D,HBACK,2,0,0,0
9148871,1,F,E,C,SEDAN,1,0,0,0
459395,5,M,C,C,SEDAN,4,0,0,0
4398544,3,M,E,D,MIBUS,3,0,0,0
5483733,5,F,B,B,HBACK,2,0,0,0
8157273,4,M,A,D,SEDAN,3,0,0,0
3296597,2,F,C,B,HBACK,3,0,0,0
276562,2,M,C,D,STNWG,3,0,0,0
5336188,6,F,D,C,SEDAN,3,1,1,2186.679997
103210,4,M,C,B,HBACK,2,0,0,0
7790048,6,F,A,D,SEDAN,3,0,0,0
923741,1,F,D,D,SEDAN,4,0,0,0
7564564,3,F,B,B,STNWG,3,0,0,0
1803746,3,M,A,D,STNWG,4,0,0,0
164030,3,F,C,C,STNWG,4,0,0,0
7105421,2,M,A,D,HBACK,2,0,0,0
3758864,2,F,B,B,HBACK,2,0,0,0
4290008,2,M,C,B,SEDAN,3,0,0,0
130481,5,F,A,D,SEDAN,4,0,0,0
1016361,4,F,E,C,HBACK,3,0,0,0
1942236,4,M,E,D,UTE,4,0,0,0
6640730,4,M,C,C,SEDAN,3,0,0,0
1582062,2,M,F,D,TRUCK,4,0,0,0
6087468,4,F,C,D,STNWG,4,0,0,0
5259922,3,F,A,B,STNWG,2,0,0,0
4561028,2,F,C,B,SEDAN,4,0,0,0
3729612,4,F,C,A,SEDAN,4,0,0,0
99969,4,M,C,B,HBACK,3,0,0,0
5470861,4,M,A,C,HBACK,4,0,0,0
8187125,3,M,D,C,UTE,1,0,0,0
8285823,4,F,C,B,HBACK,1,0,0,0
8311389,3,F,A,B,STNWG,3,1,1,2050.719994
7197448,2,F,E,B,SEDAN,3,0,0,0
4691090,5,F,C,D,SEDAN,3,0,0,0
1157819,6,F,D,C,STNWG,3,0,0,0
6419634,3,F,C,C,UTE,1,0,0,0
1300965,1,M,B,D,SEDAN,1,0,0,0
3202654,3,F,C,C,STNWG,4,0,0,0
9684140,1,F,F,D,STNWG,4,0,0,0
3476936,2,F,B,D,HBACK,2,0,0,0
6791100,6,M,A,D,HBACK,1,0,0,0
5363760,2,M,D,D,UTE,3,0,0,0
3568208,3,M,C,D,HBACK,1,0,0,0
199623,6,F,A,D,SEDAN,4,0,0,0
7867935,2,F,D,D,STNWG,3,0,0,0
6838682,4,F,D,C,SEDAN,1,0,0,0
3486232,1,F,C,B,SEDAN,3,0,0,0
5456135,6,M,E,D,UTE,2,0,0,0
6591316,3,F,E,B,HBACK,1,0,0,0
926741,3,M,A,B,HBACK,3,0,0,0
5893715,5,M,E,B,COUPE,3,0,0,0
9144665,2,F,C,D,SEDAN,1,0,0,0
885835,6,F,D,C,SEDAN,4,0,0,0
8100927,6,M,F,D,UTE,3,0,0,0
9194947,4,F,B,B,HBACK,2,0,0,0
2498276,3,M,A,B,HBACK,3,0,0,0
3477949,3,M,D,D,UTE,4,0,0,0
9183165,4,M,A,D,COUPE,4,1,1,529.3199997
9063451,2,M,B,D,SEDAN,4,0,0,0
980215,4,F,B,B,HBACK,1,0,0,0
4566233,2,F,C,D,STNWG,1,0,0,0
1785005,3,M,F,D,STNWG,4,1,1,2633.539993
7785854,6,F,C,B,HBACK,4,0,0,0
5840617,2,F,D,D,SEDAN,3,0,0,0
9325128,6,F,C,B,HBACK,1,0,0,0
8109461,2,M,A,D,STNWG,4,0,0,0
9299022,5,F,C,C,STNWG,1,0,0,0
3711089,1,F,C,D,HBACK,4,0,0,0
2371356,2,F,B,D,HBACK,1,0,0,0
4650191,6,F,A,C,SEDAN,4,0,0,0
8071009,4,M,C,D,STNWG,4,0,0,0
6982742,4,F,A,D,SEDAN,2,0,0,0
3943437,2,M,C,B,HBACK,1,0,0,0
6626944,6,F,A,D,SEDAN,4,0,0,0
3333287,2,M,B,D,MIBUS,4,0,0,0
8759556,2,F,C,C,HBACK,4,0,0,0
4160200,1,F,B,B,HBACK,1,0,0,0
923455,3,M,A,D,HBACK,4,0,0,0
2668757,5,F,C,C,SEDAN,2,0,0,0
1955506,6,F,B,B,HBACK,3,0,0,0
6923272,4,M,E,D,STNWG,4,0,0,0
562182,3,F,A,C,SEDAN,2,0,0,0
1443947,4,F,C,D,HBACK,4,0,0,0
5832472,2,F,D,D,HBACK,2,0,0,0
4959548,4,F,A,C,HBACK,4,0,0,0
3381966,5,M,A,C,SEDAN,2,0,0,0
4262589,3,M,C,D,HDTOP,4,0,0,0
8651183,1,F,D,D,SEDAN,4,0,0,0
4523165,2,M,F,C,STNWG,3,0,0,0
1254262,4,F,B,B,SEDAN,1,0,0,0
3929452,4,M,E,D,UTE,4,0,0,0
1439060,2,F,A,D,HDTOP,3,0,0,0
1204197,5,M,D,D,STNWG,3,0,0,0
6050226,3,F,D,C,STNWG,4,0,0,0
2786811,5,F,B,D,SEDAN,3,0,0,0
9819589,4,M,D,B,HBACK,1,0,0,0
8148912,4,M,C,C,HBACK,4,0,0,0
4120429,3,F,A,D,SEDAN,4,0,0,0
5990277,3,F,B,D,STNWG,4,0,0,0
6853648,3,F,A,D,STNWG,2,0,0,0
1142964,2,M,C,D,HBACK,2,0,0,0
5480369,5,F,E,D,STNWG,2,0,0,0
2999068,1,M,E,D,UTE,1,0,0,0
4987196,2,M,E,C,STNWG,2,0,0,0
5581216,3,M,A,A,SEDAN,2,0,0,0
1385101,2,F,C,D,HBACK,2,0,0,0
9172978,2,M,A,D,STNWG,4,0,0,0
1150164,3,M,A,D,HDTOP,4,0,0,0
3413565,1,M,C,D,UTE,4,1,1,200
6772970,2,M,A,B,SEDAN,2,0,0,0
4893035,4,F,B,B,HBACK,1,0,0,0
4285087,3,F,B,A,STNWG,2,0,0,0
221513,3,M,A,D,STNWG,4,0,0,0
4421280,3,F,E,C,SEDAN,1,0,0,0
96801,5,F,D,C,SEDAN,3,0,0,0
9739659,2,F,C,B,HBACK,1,0,0,0
8098185,3,F,A,D,STNWG,3,0,0,0
1931909,4,F,C,C,STNWG,4,0,0,0
880375,4,F,D,D,STNWG,1,0,0,0
2457720,3,M,B,A,HBACK,2,0,0,0
9593882,2,F,B,D,HBACK,2,0,0,0
690435,5,F,C,C,UTE,1,0,0,0
4217859,2,F,A,C,SEDAN,3,0,0,0
782550,5,F,D,D,SEDAN,4,0,0,0
3001064,5,F,D,D,TRUCK,4,0,0,0
7531033,6,F,D,D,STNWG,4,0,0,0
2078417,4,F,C,B,HBACK,3,0,0,0
583279,5,M,B,D,HBACK,2,0,0,0
1452479,3,F,D,D,SEDAN,4,0,0,0
2852673,6,M,A,D,SEDAN,4,0,0,0
625486,5,F,E,D,SEDAN,3,0,0,0
9495112,1,F,C,B,HBACK,1,0,0,0
945468,5,F,D,D,STNWG,3,0,0,0
5077982,2,M,C,D,STNWG,4,0,0,0
9243306,2,M,A,D,HBACK,1,0,0,0
5466370,2,M,E,B,HBACK,3,0,0,0
9305706,3,F,D,B,HBACK,1,0,0,0
8504042,3,M,E,D,TRUCK,4,0,0,0
2797156,3,F,D,B,SEDAN,1,0,0,0
8704554,4,M,D,D,HBACK,4,0,0,0
1012658,6,M,E,B,SEDAN,2,0,0,0
2747787,6,M,B,D,SEDAN,3,0,0,0
1496780,1,M,E,D,HBACK,1,0,0,0
1439595,6,M,C,D,HDTOP,4,0,0,0
6801717,4,F,A,D,SEDAN,4,0,0,0
7104266,3,F,B,B,SEDAN,3,0,0,0
5867290,3,F,A,C,SEDAN,3,0,0,0
5586933,4,M,A,D,SEDAN,1,0,0,0
5006145,4,M,B,D,SEDAN,4,0,0,0
4701935,3,F,A,B,SEDAN,3,0,0,0
8979094,2,F,B,C,SEDAN,3,0,0,0
2376890,2,F,C,A,STNWG,3,0,0,0
2733187,4,F,C,C,SEDAN,2,0,0,0
1341576,1,M,A,D,UTE,4,0,0,0
884121,5,F,A,D,SEDAN,2,0,0,0
4589967,3,F,F,C,STNWG,3,0,0,0
7142247,4,F,C,D,SEDAN,3,0,0,0
3749383,2,M,B,C,SEDAN,2,0,0,0
5464609,2,M,B,D,HDTOP,3,0,0,0
9496442,6,M,C,B,SEDAN,3,0,0,0
2461933,1,F,D,B,HBACK,2,0,0,0
3482874,3,M,D,C,STNWG,4,0,0,0
3108389,6,F,A,D,SEDAN,3,0,0,0
8270036,3,M,B,D,UTE,4,0,0,0
9437284,2,F,D,D,SEDAN,4,0,0,0
9413610,4,F,A,D,STNWG,3,0,0,0
5179438,4,M,C,C,SEDAN,3,0,0,0
2797137,4,F,A,D,SEDAN,2,0,0,0
3172915,4,F,B,C,HBACK,4,0,0,0
3001238,6,M,D,D,SEDAN,4,0,0,0
9557857,1,F,B,B,HBACK,2,0,0,0
1011618,6,F,A,D,HBACK,4,0,0,0
1056193,2,M,F,D,STNWG,4,0,0,0
6835439,2,F,A,D,SEDAN,4,0,0,0
2025408,3,F,A,D,HBACK,4,0,0,0
3721527,4,F,C,B,HBACK,1,0,0,0
2535958,5,F,C,D,SEDAN,2,0,0,0
1319904,5,M,C,D,SEDAN,4,0,0,0
4945944,3,M,C,D,TRUCK,4,0,0,0
9980537,3,M,D,D,UTE,4,0,0,0
2370292,1,F,C,D,HBACK,1,0,0,0
3156737,4,M,E,D,TRUCK,3,0,0,0
2810869,2,M,B,D,HBACK,1,0,0,0
3034967,3,F,B,D,STNWG,3,0,0,0
8619430,4,F,C,C,COUPE,4,0,0,0
4317953,3,F,C,C,SEDAN,4,1,1,1954.587261
7203592,2,M,A,D,HBACK,3,1,1,200
1121688,1,M,A,D,UTE,2,1,1,200
9240500,3,F,A,B,HBACK,1,0,0,0
1878230,3,M,C,D,HBACK,3,0,0,0
5432127,1,F,B,B,HBACK,1,0,0,0
6949501,2,M,A,D,STNWG,2,1,1,584.5499992
3392058,6,M,C,D,SEDAN,2,0,0,0
2052580,3,F,C,B,SEDAN,4,0,0,0
4550725,5,M,C,C,STNWG,4,0,0,0
9286223,2,M,F,D,SEDAN,3,0,0,0
9906489,6,F,D,C,SEDAN,1,0,0,0
4012489,2,F,D,D,SEDAN,3,0,0,0
8080388,4,F,E,D,SEDAN,4,1,1,353.77
3188377,3,F,A,B,HBACK,2,0,0,0
6431191,6,F,A,D,HBACK,4,0,0,0
836116,3,M,A,B,HBACK,2,0,0,0
5995200,5,F,C,D,SEDAN,2,0,0,0
6296902,5,F,A,D,SEDAN,3,0,0,0
1429800,1,F,D,C,SEDAN,4,0,0,0
9964783,3,F,D,C,STNWG,3,1,1,389.9499998
8399498,3,F,C,B,STNWG,2,0,0,0
2489680,5,M,E,D,TRUCK,1,0,0,0
1008019,3,F,B,B,HBACK,1,0,0,0
9698641,2,F,B,B,HBACK,2,0,0,0
3866429,4,F,C,C,SEDAN,4,0,0,0
97736,4,F,C,C,HBACK,3,0,0,0
4304555,5,F,D,A,SEDAN,2,0,0,0
3781911,2,F,C,B,HBACK,1,1,1,460.5599995
497532,3,M,B,C,COUPE,4,0,0,0
929362,4,M,B,B,COUPE,3,1,1,459.5
6857954,5,M,F,D,STNWG,3,0,0,0
3299729,5,M,A,D,SEDAN,1,0,0,0
7022851,3,F,D,C,TRUCK,4,0,0,0
405279,4,F,A,B,HBACK,1,0,0,0
6816539,3,M,A,B,HBACK,1,0,0,0
1304391,2,F,F,D,STNWG,3,0,0,0
7678648,5,M,D,D,STNWG,3,0,0,0
2707029,4,F,D,B,HBACK,3,0,0,0
2353264,1,M,C,D,SEDAN,3,0,0,0
571572,3,F,C,D,SEDAN,3,0,0,0
9474743,6,F,B,D,SEDAN,2,0,0,0
411119,4,M,C,D,SEDAN,4,0,0,0
8300051,3,M,D,D,UTE,4,0,0,0
8141906,4,F,A,D,SEDAN,2,0,0,0
2421397,5,F,A,D,HBACK,4,0,0,0
5430856,2,M,A,D,SEDAN,2,0,0,0
5002051,4,F,C,D,HDTOP,3,0,0,0
8748775,4,F,C,D,SEDAN,2,0,0,0
6538113,5,F,C,B,HBACK,2,0,0,0
6540645,6,F,A,D,HBACK,2,0,0,0
7678762,4,M,B,D,MIBUS,4,0,0,0
6479142,1,F,C,C,HBACK,4,0,0,0
8746648,2,F,C,B,SEDAN,1,0,0,0
8022179,6,F,B,B,HBACK,2,0,0,0
4587765,3,F,B,D,SEDAN,4,0,0,0
5886905,2,F,D,D,SEDAN,3,0,0,0
6419412,3,F,A,D,SEDAN,2,0,0,0
484193,5,F,C,D,SEDAN,2,0,0,0
6245529,4,F,D,C,UTE,1,0,0,0
7561125,6,M,B,D,STNWG,3,0,0,0
5226426,1,M,D,D,STNWG,3,0,0,0
5213091,6,M,B,D,SEDAN,4,0,0,0
475419,3,M,B,D,HDTOP,4,0,0,0
6605328,4,F,C,B,HBACK,1,0,0,0
720155,3,F,A,D,TRUCK,4,0,0,0
779023,4,M,C,D,UTE,4,0,0,0
9901926,3,F,C,D,MIBUS,4,0,0,0
4775426,4,M,A,B,HBACK,2,0,0,0
4917561,2,F,C,B,HBACK,3,0,0,0
3671868,2,M,C,D,UTE,4,0,0,0
5884683,3,M,E,D,STNWG,3,0,0,0
1829797,5,F,D,B,STNWG,2,0,0,0
415999,5,M,D,D,PANVN,2,0,0,0
6927247,3,F,E,B,SEDAN,2,0,0,0
4259630,2,M,E,D,UTE,2,0,0,0
1163842,1,F,B,D,SEDAN,2,0,0,0
923625,4,F,C,B,STNWG,3,0,0,0
9763038,2,M,B,D,HBACK,4,0,0,0
9037572,4,F,B,D,SEDAN,1,1,1,200
1240343,3,F,D,B,SEDAN,3,0,0,0
6627846,2,F,E,D,SEDAN,1,0,0,0
1351956,2,F,C,B,HBACK,1,0,0,0
1089989,4,F,C,B,HBACK,4,1,1,1938.779999
4259624,4,M,C,C,HBACK,4,0,0,0
2729052,4,F,B,B,SEDAN,4,0,0,0
3907913,6,M,D,D,SEDAN,1,0,0,0
1391632,4,M,C,C,UTE,4,0,0,0
9833819,2,M,F,C,STNWG,2,1,1,384.5
4662533,3,F,F,C,STNWG,2,0,0,0
6849970,3,F,A,B,STNWG,2,0,0,0
1759712,3,M,A,D,SEDAN,2,0,0,0
4383755,6,M,C,B,STNWG,2,0,0,0
6226614,4,F,D,D,HBACK,2,0,0,0
4352079,2,F,F,D,UTE,3,0,0,0
7053498,6,M,C,D,PANVN,4,0,0,0
4593788,2,M,A,D,SEDAN,1,0,0,0
6968796,3,M,F,D,UTE,3,0,0,0
1333926,6,F,A,D,MCARA,4,0,0,0
7176430,3,M,A,D,STNWG,3,0,0,0
3815403,3,M,F,D,STNWG,3,0,0,0
7337398,4,M,A,D,HBACK,2,0,0,0
2626296,5,F,A,D,HBACK,3,0,0,0
9723362,2,F,C,B,HBACK,4,0,0,0
4360718,3,F,A,D,MIBUS,3,0,0,0
9858870,2,M,B,D,PANVN,4,0,0,0
2592146,5,F,B,C,SEDAN,3,0,0,0
4193200,3,F,B,D,SEDAN,3,0,0,0
44802,4,F,A,D,SEDAN,3,0,0,0
1926292,4,F,A,D,SEDAN,4,0,0,0
3926442,6,F,D,B,HBACK,1,0,0,0
9181898,1,F,A,D,HBACK,1,0,0,0
9195023,4,F,D,B,HBACK,1,0,0,0
5176467,6,F,B,D,HBACK,1,0,0,0
1452952,6,M,B,D,SEDAN,3,0,0,0
9334016,4,F,C,C,SEDAN,2,0,0,0
6429346,3,M,C,D,HBACK,1,0,0,0
5868409,2,F,C,C,SEDAN,4,0,0,0
5475731,3,M,B,D,HBACK,2,0,0,0
4007351,4,M,C,D,HBACK,4,1,1,1071.65
105065,5,M,A,D,SEDAN,2,0,0,0
6463455,1,M,C,D,STNWG,3,0,0,0
8091368,2,F,C,D,SEDAN,3,0,0,0
5323380,2,F,A,D,MIBUS,4,0,0,0
7147740,2,F,C,D,HDTOP,4,0,0,0
3951055,2,F,F,C,STNWG,1,0,0,0
2173073,2,M,E,D,SEDAN,3,0,0,0
8158621,4,F,C,B,HBACK,1,0,0,0
5319445,3,F,E,D,STNWG,2,0,0,0
9974310,3,F,C,B,STNWG,3,1,1,3054.07
4900218,4,F,C,B,HBACK,2,0,0,0
7557718,2,M,B,D,SEDAN,3,0,0,0
9333954,5,M,B,D,UTE,4,0,0,0
4729082,5,M,B,D,SEDAN,4,0,0,0
1675966,4,F,D,D,SEDAN,3,0,0,0
6281476,5,F,D,B,STNWG,2,0,0,0
667496,4,F,A,C,SEDAN,3,0,0,0
2426046,3,F,B,B,HBACK,4,1,1,367.7299995
925867,5,M,A,D,STNWG,4,0,0,0
5877963,4,M,B,C,UTE,1,0,0,0
7271961,3,M,C,D,MIBUS,4,0,0,0
3208047,6,M,A,D,COUPE,3,0,0,0
7427615,5,M,B,D,SEDAN,3,0,0,0
165527,2,F,A,C,HBACK,3,0,0,0
451280,5,M,C,D,HBACK,1,0,0,0
1574514,5,M,C,D,SEDAN,2,0,0,0
6788310,1,F,B,B,SEDAN,3,0,0,0
7621544,4,M,B,D,HBACK,4,0,0,0
6874358,6,M,B,D,PANVN,1,0,0,0
2517125,3,F,C,B,SEDAN,3,0,0,0
7337891,3,F,C,D,HBACK,4,1,1,360.4499998
8873371,4,F,C,C,SEDAN,3,0,0,0
4041813,3,M,C,B,SEDAN,2,0,0,0
6592804,2,M,E,D,UTE,2,0,0,0
2539008,3,F,C,D,HBACK,3,0,0,0
5489424,3,F,B,B,HBACK,4,0,0,0
7182757,2,F,A,B,HBACK,3,0,0,0
8742570,4,M,E,D,STNWG,1,0,0,0
9187505,2,M,A,D,TRUCK,4,0,0,0
4130640,4,F,A,B,HBACK,1,0,0,0
8225793,3,F,A,D,SEDAN,4,0,0,0
3218616,4,M,B,C,SEDAN,4,0,0,0
5925251,5,F,D,B,HBACK,3,1,1,200
4254155,6,M,D,C,STNWG,4,0,0,0
167182,5,M,B,D,STNWG,4,0,0,0
6756904,3,F,C,B,HBACK,3,0,0,0
6875216,4,M,B,D,HBACK,3,0,0,0
5400152,6,F,B,D,SEDAN,3,0,0,0
4821396,4,F,C,A,SEDAN,1,0,0,0
4191479,1,M,A,D,TRUCK,4,0,0,0
5404017,3,F,A,A,HBACK,3,0,0,0
2719851,6,M,A,D,SEDAN,1,0,0,0
3698097,4,M,E,D,STNWG,4,0,0,0
7980832,2,M,A,D,UTE,2,0,0,0
6329518,5,M,E,C,STNWG,3,0,0,0
3402180,5,F,C,D,HBACK,4,0,0,0
2489727,6,M,A,D,STNWG,4,0,0,0
7568138,2,F,C,D,HBACK,2,0,0,0
6837634,5,M,A,D,HBACK,2,0,0,0
5767123,4,M,C,D,SEDAN,4,0,0,0
6357209,5,F,E,D,UTE,3,1,1,858.9599991
2489788,4,F,C,D,STNWG,2,0,0,0
6349737,2,M,F,B,HBACK,3,0,0,0
3773639,4,M,C,D,STNWG,3,0,0,0
7788312,5,M,A,D,TRUCK,4,0,0,0
4790067,3,M,F,B,HBACK,2,0,0,0
8425842,4,M,A,C,STNWG,1,0,0,0
5102081,4,M,B,D,SEDAN,1,0,0,0
2684789,2,M,B,C,STNWG,2,1,1,9185.899994
172355,6,M,A,D,SEDAN,2,0,0,0
5986337,3,F,A,D,STNWG,2,0,0,0
719735,2,M,B,C,COUPE,4,0,0,0
4351727,1,F,B,B,STNWG,3,0,0,0
5927562,2,M,B,B,HBACK,2,0,0,0
1384593,2,M,F,D,STNWG,3,0,0,0
8130065,1,M,B,A,SEDAN,1,0,0,0
7424422,2,F,A,D,STNWG,3,0,0,0
7704001,4,F,B,C,SEDAN,1,1,2,1247.07
2664754,2,F,B,B,HBACK,3,0,0,0
4544730,1,M,F,C,STNWG,3,0,0,0
1683848,6,F,E,D,SEDAN,3,0,0,0
5701265,2,F,C,D,SEDAN,4,0,0,0
5224791,4,M,B,D,TRUCK,3,0,0,0
660292,2,M,C,D,HDTOP,3,0,0,0
2849645,6,M,B,D,SEDAN,3,0,0,0
4018383,1,F,A,D,SEDAN,3,0,0,0
9611641,4,F,B,B,HBACK,2,0,0,0
6045871,2,F,E,C,SEDAN,3,1,1,462.7299995
4513307,2,F,A,C,SEDAN,2,0,0,0
6951867,3,M,C,D,UTE,3,0,0,0
5093677,3,F,E,B,SEDAN,3,1,1,200
5323602,4,F,C,D,SEDAN,4,0,0,0
1402584,1,F,A,C,SEDAN,3,1,1,709.1499939
5868321,1,F,D,B,HBACK,3,0,0,0
767338,5,M,E,B,SEDAN,3,0,0,0
2118174,5,M,C,D,SEDAN,4,0,0,0
102694,3,M,A,C,SEDAN,4,0,0,0
2425448,5,F,C,D,SEDAN,1,0,0,0
1277657,6,F,D,D,UTE,4,0,0,0
8516553,4,F,B,B,HBACK,4,0,0,0
9815351,4,F,C,B,SEDAN,4,0,0,0
5111826,2,M,A,C,STNWG,2,0,0,0
5232214,1,M,A,D,SEDAN,4,0,0,0
3399181,6,F,D,D,SEDAN,4,0,0,0
917009,3,M,A,D,UTE,3,0,0,0
6111360,2,M,C,B,HBACK,2,0,0,0
3265890,2,F,C,C,STNWG,4,0,0,0
7545677,3,M,D,D,STNWG,3,0,0,0
8482131,6,F,D,D,HBACK,2,0,0,0
237167,4,F,C,D,SEDAN,4,0,0,0
5198678,3,F,F,D,STNWG,2,0,0,0
1204990,5,M,A,B,SEDAN,4,0,0,0
1764932,5,M,C,D,STNWG,4,0,0,0
9486560,2,F,F,B,HBACK,3,0,0,0
2481663,5,F,C,C,SEDAN,3,0,0,0
8653402,5,F,C,D,STNWG,4,0,0,0
8158698,3,F,B,B,SEDAN,1,0,0,0
420883,1,F,A,C,SEDAN,2,0,0,0
4470037,4,F,D,D,SEDAN,3,0,0,0
8884932,3,F,D,D,HDTOP,3,0,0,0
7151201,1,F,C,D,HBACK,1,0,0,0
41697,4,M,B,C,STNWG,1,0,0,0
8551957,5,F,A,B,STNWG,2,0,0,0
5326527,2,M,D,D,UTE,4,0,0,0
769745,3,M,D,D,UTE,4,0,0,0
1828781,2,M,B,D,STNWG,4,0,0,0
8848670,2,M,C,D,SEDAN,3,0,0,0
3481749,5,F,C,B,HBACK,2,0,0,0
543742,4,F,F,B,HBACK,2,0,0,0
3480965,1,M,A,D,TRUCK,3,0,0,0
4736992,3,F,A,C,STNWG,3,0,0,0
2596634,6,F,B,B,SEDAN,4,0,0,0
6532505,5,M,A,D,STNWG,3,0,0,0
3927823,5,F,D,B,SEDAN,3,0,0,0
4087705,4,M,B,D,STNWG,4,0,0,0
9725872,4,F,D,B,SEDAN,3,0,0,0
6825598,2,F,F,C,SEDAN,2,0,0,0
4806181,2,F,D,B,SEDAN,3,0,0,0
9720963,5,M,D,D,STNWG,1,0,0,0
9963175,1,F,D,C,STNWG,4,0,0,0
3622837,3,F,F,D,HDTOP,4,0,0,0
3679616,2,F,A,D,SEDAN,3,0,0,0
8304378,3,M,A,B,HBACK,1,0,0,0
5700966,5,F,A,B,HBACK,4,0,0,0
2510653,4,F,A,D,HBACK,1,0,0,0
1932681,2,F,B,D,HBACK,3,0,0,0
2020727,2,M,C,D,SEDAN,4,0,0,0
9767918,2,M,C,D,SEDAN,2,0,0,0
1527155,4,M,A,D,PANVN,4,0,0,0
3830352,2,M,C,D,UTE,4,0,0,0
3120147,4,M,E,D,STNWG,4,0,0,0
541639,3,F,B,B,HBACK,2,0,0,0
6198693,5,M,B,D,UTE,2,0,0,0
5169382,2,F,A,D,STNWG,4,0,0,0
2547120,2,F,D,D,STNWG,3,0,0,0
6990517,4,F,C,D,SEDAN,1,0,0,0
7192054,4,M,A,C,UTE,3,0,0,0
2480674,5,M,A,B,HBACK,3,0,0,0
7546621,4,F,B,D,SEDAN,3,0,0,0
2926295,3,F,D,C,STNWG,4,0,0,0
8037630,4,F,E,D,HDTOP,4,0,0,0
3581766,2,M,B,D,STNWG,4,0,0,0
485419,6,F,A,D,HBACK,1,0,0,0
8087656,1,M,B,C,UTE,3,0,0,0
2941432,3,M,F,D,UTE,2,0,0,0
1372170,2,M,C,C,STNWG,2,0,0,0
5198328,4,F,B,B,SEDAN,3,0,0,0
2603303,4,M,D,D,STNWG,3,0,0,0
9862677,5,F,E,D,STNWG,3,0,0,0
3119870,3,F,C,B,SEDAN,2,0,0,0
7406754,5,F,C,B,SEDAN,4,0,0,0
4213785,3,M,A,D,SEDAN,3,0,0,0
2724411,3,F,E,C,STNWG,2,0,0,0
6690526,3,F,F,D,STNWG,4,0,0,0
9728113,4,F,D,B,COUPE,2,0,0,0
2420014,6,F,D,D,SEDAN,1,0,0,0
8046807,6,M,A,B,HBACK,2,0,0,0
8461652,4,F,A,D,SEDAN,4,0,0,0
4176855,1,M,A,A,PANVN,1,0,0,0
8086624,6,M,E,D,HBACK,4,0,0,0
3303552,3,F,C,C,SEDAN,3,0,0,0
81939,3,M,C,D,SEDAN,1,0,0,0
7545425,6,F,C,B,HBACK,1,0,0,0
3006622,3,M,C,D,SEDAN,3,0,0,0
7974938,4,F,C,D,SEDAN,3,0,0,0
5854545,2,F,B,D,STNWG,3,0,0,0
6025766,1,M,A,D,SEDAN,3,0,0,0
285384,3,F,D,C,STNWG,4,0,0,0
9943354,1,M,B,D,STNWG,4,0,0,0
5333271,1,M,A,D,TRUCK,2,0,0,0
9342451,1,F,D,B,HBACK,2,0,0,0
1170372,2,F,C,C,STNWG,1,0,0,0
1169313,5,F,C,D,SEDAN,1,0,0,0
2675290,2,M,C,D,STNWG,4,0,0,0
6987598,4,F,C,C,TRUCK,2,0,0,0
5989477,2,F,F,D,STNWG,4,0,0,0
2694982,4,F,A,D,HBACK,4,0,0,0
4673966,4,M,E,C,STNWG,1,0,0,0
2353751,2,M,A,D,STNWG,4,0,0,0
1803186,5,M,D,C,TRUCK,3,0,0,0
2491309,5,F,B,B,STNWG,1,0,0,0
783344,5,F,D,D,SEDAN,1,0,0,0
2236551,5,M,C,D,SEDAN,2,0,0,0
8091255,3,F,C,D,SEDAN,2,0,0,0
7404974,2,M,D,D,MCARA,3,1,1,353.7999997
4352695,2,M,A,B,HBACK,3,0,0,0
689804,2,F,A,B,HBACK,3,0,0,0
4431674,4,M,A,C,HBACK,3,0,0,0
1833016,3,F,A,D,STNWG,4,0,0,0
4654349,3,M,C,B,STNWG,1,0,0,0
3151340,2,F,D,D,STNWG,4,0,0,0
8142509,4,F,C,B,HBACK,3,0,0,0
2780789,5,M,F,C,STNWG,4,0,0,0
7045895,3,F,C,C,STNWG,2,0,0,0
2055003,4,M,D,B,HBACK,3,0,0,0
4547826,5,F,B,D,HBACK,3,0,0,0
4047363,2,F,B,D,HBACK,3,0,0,0
6696996,5,F,C,C,SEDAN,2,1,1,373.1399999
8380310,3,M,F,D,UTE,3,0,0,0
8994544,2,M,E,D,STNWG,2,0,0,0
1883354,2,M,C,D,HBACK,3,0,0,0
487266,4,F,C,D,SEDAN,3,0,0,0
4428733,3,F,C,D,SEDAN,4,0,0,0
521462,2,M,D,D,SEDAN,4,0,0,0
9817359,6,M,A,B,COUPE,4,0,0,0
4086100,2,M,F,D,STNWG,3,0,0,0
7609631,4,M,B,B,COUPE,2,0,0,0
2877479,4,F,A,B,HBACK,1,0,0,0
9449209,5,F,A,C,HBACK,1,0,0,0
6799983,3,M,C,A,SEDAN,3,0,0,0
7507971,4,F,B,D,HBACK,4,0,0,0
807559,1,F,D,C,SEDAN,1,0,0,0
8130781,4,M,A,B,HBACK,3,0,0,0
2386003,2,M,C,D,TRUCK,4,0,0,0
9144998,4,F,B,D,PANVN,3,0,0,0
7533803,2,F,F,D,SEDAN,4,0,0,0
2103918,1,F,C,D,SEDAN,2,0,0,0
1011897,6,M,C,C,SEDAN,3,0,0,0
8070863,3,M,E,D,UTE,4,0,0,0
9730338,4,F,C,D,HBACK,3,0,0,0
4551836,2,M,A,C,UTE,4,0,0,0
4820048,4,M,A,D,STNWG,4,0,0,0
9484578,5,M,A,C,SEDAN,4,0,0,0
8542871,3,M,B,D,SEDAN,2,0,0,0
6806445,2,F,C,D,SEDAN,3,0,0,0
5485727,4,M,F,D,STNWG,3,0,0,0
5376188,2,F,C,D,UTE,2,0,0,0
7532562,5,F,C,C,HBACK,4,0,0,0
9950632,3,M,C,D,TRUCK,3,0,0,0
7182424,5,F,E,C,STNWG,2,0,0,0
9720991,1,M,F,D,UTE,4,0,0,0
408477,2,F,A,B,HBACK,1,0,0,0
8440941,5,M,D,D,MIBUS,3,0,0,0
467004,5,M,B,C,STNWG,3,0,0,0
3482541,4,F,B,D,HBACK,3,0,0,0
5001808,2,F,B,D,STNWG,2,0,0,0
9554526,4,F,B,C,STNWG,2,0,0,0
409203,5,F,B,B,HBACK,4,0,0,0
9734245,6,F,D,D,HBACK,2,0,0,0
5624553,1,M,C,D,PANVN,3,0,0,0
7545316,4,M,E,D,STNWG,1,0,0,0
4433158,1,F,D,D,SEDAN,1,0,0,0
4085984,2,M,C,D,SEDAN,2,0,0,0
7217707,4,F,F,B,STNWG,1,0,0,0
495520,1,F,C,D,HBACK,2,0,0,0
8921726,2,F,B,D,SEDAN,4,0,0,0
4474671,4,M,C,D,STNWG,1,0,0,0
7137480,3,M,E,C,STNWG,3,0,0,0
6110560,2,F,C,D,SEDAN,3,0,0,0
3155829,2,F,F,D,TRUCK,3,0,0,0
8159470,3,M,E,D,SEDAN,1,0,0,0
1487282,3,F,B,D,STNWG,2,0,0,0
5605602,3,F,A,C,SEDAN,2,0,0,0
8907158,3,M,C,D,SEDAN,3,0,0,0
4741170,4,F,A,D,STNWG,4,0,0,0
8823438,3,M,C,D,HBACK,4,0,0,0
4821928,4,F,C,D,HBACK,2,1,1,839.7599983
8766694,2,F,C,B,SEDAN,3,0,0,0
7297110,3,F,C,D,HBACK,2,0,0,0
6191509,3,F,C,D,SEDAN,4,0,0,0
3479717,3,F,A,D,STNWG,4,1,1,254.54
1207531,6,M,C,D,SEDAN,3,0,0,0
4087894,2,F,E,D,UTE,2,0,0,0
6730935,3,F,D,C,HBACK,3,0,0,0
8080675,2,M,C,D,HDTOP,3,0,0,0
7139992,3,M,A,B,SEDAN,3,0,0,0
8995584,1,F,C,B,HBACK,2,1,1,3212.779999
904063,5,M,D,D,SEDAN,3,0,0,0
3219073,4,M,B,D,TRUCK,3,0,0,0
9003996,4,F,A,D,SEDAN,4,0,0,0
170979,2,M,C,B,HBACK,4,0,0,0
8385531,1,F,E,B,SEDAN,3,0,0,0
2962014,4,M,A,D,UTE,3,0,0,0
1862333,5,M,B,D,SEDAN,3,0,0,0
9439656,2,F,A,B,SEDAN,3,1,1,239.1999998
8879956,4,F,C,D,HBACK,4,0,0,0
2703322,5,M,A,A,SEDAN,2,0,0,0
5660014,5,F,E,C,TRUCK,1,0,0,0
889331,5,M,B,D,SEDAN,4,0,0,0
2684240,1,F,C,D,STNWG,3,0,0,0
4674153,5,M,C,D,HBACK,2,0,0,0
7554601,3,M,A,D,SEDAN,3,0,0,0
9227399,2,M,C,D,SEDAN,1,0,0,0
2959664,2,F,C,D,HBACK,3,0,0,0
2968164,3,F,C,D,MIBUS,3,0,0,0
2059808,4,F,C,D,SEDAN,4,1,1,3489.539978
4054051,1,M,C,B,HBACK,1,1,1,242.7300005
3082921,2,F,C,D,SEDAN,4,0,0,0
2351404,4,F,C,D,HBACK,4,0,0,0
2060759,4,M,A,D,SEDAN,4,0,0,0
8081606,5,M,C,B,HBACK,2,0,0,0
3303129,5,M,E,D,BUS,2,0,0,0
8095235,1,F,B,D,HBACK,2,1,1,3278.889999
7664642,3,M,B,D,SEDAN,2,0,0,0
4070598,4,F,C,B,HBACK,3,0,0,0
1929637,2,F,C,D,STNWG,2,0,0,0
3068524,2,F,C,D,HBACK,2,0,0,0
778361,2,F,A,C,SEDAN,2,0,0,0
6536172,2,M,C,D,TRUCK,3,0,0,0
2321973,4,M,C,D,SEDAN,3,0,0,0
5580649,5,F,D,D,SEDAN,2,0,0,0
779309,4,F,B,B,HBACK,1,0,0,0
1370161,3,M,B,C,SEDAN,3,0,0,0
1725173,1,M,C,D,UTE,1,0,0,0
3396004,5,M,A,C,TRUCK,3,0,0,0
7471383,5,M,D,C,UTE,3,0,0,0
6115208,3,M,C,D,SEDAN,3,0,0,0
8811663,4,F,A,B,SEDAN,3,0,0,0
3943051,4,F,A,D,HBACK,1,0,0,0
2086350,4,F,D,D,SEDAN,4,0,0,0
4209610,3,M,B,D,TRUCK,3,0,0,0
1828048,6,M,D,D,SEDAN,4,0,0,0
9298922,4,M,A,D,STNWG,1,0,0,0
6804605,5,F,C,B,STNWG,1,0,0,0
1449352,4,M,C,B,HBACK,2,0,0,0
8713974,6,F,C,D,SEDAN,2,1,1,6699.169998
9143778,3,F,C,B,HBACK,3,0,0,0
771540,2,M,A,D,SEDAN,4,0,0,0
3591578,2,M,C,D,HDTOP,4,0,0,0
7684137,2,M,C,C,UTE,3,0,0,0
6732081,3,F,D,D,SEDAN,3,0,0,0
6806680,2,F,A,D,STNWG,3,0,0,0
1208995,2,M,D,D,HDTOP,3,0,0,0
1320242,5,M,A,D,UTE,1,0,0,0
2271783,5,F,C,D,HBACK,2,0,0,0
8503325,5,F,A,D,SEDAN,2,0,0,0
6444893,3,F,B,D,SEDAN,2,1,1,466.04
5451388,5,F,C,D,STNWG,4,0,0,0
1629878,3,F,B,D,HBACK,2,0,0,0
8911552,3,F,B,D,TRUCK,3,0,0,0
1760307,6,M,C,D,SEDAN,3,0,0,0
580470,5,F,A,B,SEDAN,3,0,0,0
1082047,3,F,C,B,SEDAN,2,0,0,0
570641,2,M,C,C,STNWG,1,0,0,0
6947224,3,F,A,D,STNWG,3,0,0,0
3300614,4,M,B,C,HBACK,4,0,0,0
399923,3,M,D,D,STNWG,4,0,0,0
6061615,4,F,C,B,SEDAN,3,0,0,0
1827678,6,M,C,D,HBACK,2,0,0,0
8506511,4,F,B,B,HBACK,1,0,0,0
1157452,6,M,E,B,HBACK,1,0,0,0
1930818,3,M,B,D,STNWG,3,0,0,0
4122509,5,M,D,D,STNWG,4,0,0,0
7184786,2,F,E,C,STNWG,2,0,0,0
3675235,3,M,E,D,STNWG,3,0,0,0
3166150,5,M,D,D,UTE,1,0,0,0
2243080,4,F,A,B,SEDAN,4,0,0,0
538882,6,M,C,D,HBACK,1,0,0,0
1439340,4,M,C,D,SEDAN,4,0,0,0
4034009,1,F,B,D,HBACK,1,0,0,0
3762989,3,M,E,B,STNWG,2,0,0,0
5599898,2,F,C,D,SEDAN,3,0,0,0
7588687,2,F,A,D,UTE,2,0,0,0
9703959,5,F,A,C,STNWG,1,0,0,0
1256642,3,F,E,C,STNWG,3,0,0,0
3905161,1,M,F,D,TRUCK,2,1,1,755.9663792
3947531,1,F,D,B,HBACK,2,0,0,0
9147519,4,F,B,D,STNWG,1,0,0,0
1376959,3,F,D,D,HBACK,4,0,0,0
3302131,3,F,A,D,SEDAN,4,0,0,0
1762374,2,F,F,C,TRUCK,2,0,0,0
2493350,3,M,A,D,STNWG,3,0,0,0
4684823,3,F,F,D,SEDAN,1,1,1,389.9499998
5468922,2,F,C,C,STNWG,1,0,0,0
9511499,1,M,F,D,TRUCK,3,0,0,0
3481307,1,M,D,D,TRUCK,4,0,0,0
2308729,2,M,A,D,STNWG,4,0,0,0
5884127,4,M,E,C,STNWG,4,0,0,0
2863792,2,F,A,D,MCARA,4,0,0,0
5403414,3,F,A,D,HBACK,4,0,0,0
9977166,4,F,A,D,MIBUS,4,0,0,0
1264827,4,F,D,B,SEDAN,1,0,0,0
7772099,2,F,A,D,SEDAN,3,0,0,0
4530097,2,M,D,D,STNWG,2,0,0,0
5568892,2,F,B,C,SEDAN,3,0,0,0
8252195,2,F,B,D,STNWG,4,0,0,0
7186035,6,F,C,C,HBACK,4,0,0,0
7505784,6,F,A,B,HBACK,2,0,0,0
3796439,2,F,A,D,STNWG,4,0,0,0
6860434,2,M,D,D,UTE,4,0,0,0
9614346,4,F,C,B,HBACK,2,1,1,846.9099999
3958329,3,F,C,B,SEDAN,4,0,0,0
2616859,3,M,B,B,HBACK,3,0,0,0
9171291,3,F,C,C,TRUCK,4,0,0,0
1443565,4,F,C,D,HDTOP,1,0,0,0
2202430,2,F,C,B,HBACK,3,1,2,3455.579997
1355809,4,M,B,D,HBACK,4,0,0,0
461142,2,F,D,C,SEDAN,4,0,0,0
9332585,5,M,B,D,SEDAN,2,0,0,0
1373431,3,M,C,C,COUPE,4,0,0,0
5929293,2,F,F,D,STNWG,4,0,0,0
9417889,3,F,E,C,STNWG,4,0,0,0
7417852,5,F,B,B,SEDAN,3,0,0,0
7204904,2,M,C,D,SEDAN,4,0,0,0
1160165,5,F,C,B,HBACK,1,0,0,0
6228617,3,F,B,D,HBACK,2,0,0,0
6010298,2,F,C,D,HBACK,4,0,0,0
3044918,2,F,F,C,STNWG,4,0,0,0
8789357,4,M,F,D,UTE,2,0,0,0
1023975,4,F,C,D,SEDAN,2,0,0,0
6133079,5,F,C,B,HBACK,1,0,0,0
5746289,4,F,E,C,TRUCK,3,0,0,0
6596659,6,F,E,B,SEDAN,4,0,0,0
4974647,3,F,D,C,STNWG,3,0,0,0
3967359,5,F,B,C,HBACK,1,0,0,0
6861845,1,M,A,D,STNWG,2,0,0,0
1220991,4,F,C,C,UTE,1,0,0,0
9429643,3,M,C,C,SEDAN,1,0,0,0
2055348,6,M,A,B,STNWG,3,0,0,0
4543319,2,M,F,D,UTE,3,0,0,0
6291459,1,F,E,D,SEDAN,3,0,0,0
2011100,4,M,A,B,HBACK,1,0,0,0
8170194,3,M,E,D,HBACK,2,0,0,0
1014087,4,F,C,C,HBACK,4,0,0,0
3927228,3,M,C,D,UTE,2,0,0,0
1250585,6,F,E,D,SEDAN,3,0,0,0
2960253,5,M,B,D,MIBUS,4,0,0,0
935022,3,M,A,D,SEDAN,2,0,0,0
8144857,3,F,B,D,SEDAN,3,0,0,0
2919344,2,F,D,D,SEDAN,3,0,0,0
7218952,5,F,C,D,STNWG,4,0,0,0
55919,3,F,B,D,STNWG,4,0,0,0
1815684,1,M,C,C,SEDAN,3,0,0,0
9673437,2,M,E,D,STNWG,1,1,1,200
9322764,6,F,D,D,SEDAN,1,0,0,0
7223461,2,F,B,D,PANVN,3,0,0,0
7972262,4,M,C,D,STNWG,3,0,0,0
1527446,4,M,D,D,UTE,4,0,0,0
3487193,5,M,C,B,STNWG,3,0,0,0
2110942,4,F,B,D,HBACK,1,0,0,0
527668,5,M,A,D,SEDAN,3,0,0,0
1516984,3,F,A,B,SEDAN,3,0,0,0
1956582,5,M,D,B,STNWG,3,0,0,0
1624359,1,F,C,D,SEDAN,2,0,0,0
1890915,3,F,B,D,HBACK,2,0,0,0
3880173,1,M,D,D,TRUCK,4,0,0,0
3927107,5,F,C,C,UTE,4,0,0,0
9918526,4,F,A,D,HBACK,3,0,0,0
488839,2,M,E,D,STNWG,3,0,0,0
4246168,2,M,B,D,SEDAN,1,0,0,0
9599172,1,M,A,C,UTE,1,0,0,0
5688986,3,M,B,D,PANVN,1,0,0,0
1715782,3,M,D,C,STNWG,4,0,0,0
1590952,2,M,D,D,UTE,3,0,0,0
4544796,5,F,B,B,HBACK,2,0,0,0
8369791,4,F,D,D,UTE,4,0,0,0
1252710,3,F,B,D,HBACK,1,1,1,804.1800079
8296179,2,M,B,D,UTE,4,0,0,0
3924228,5,M,B,D,SEDAN,4,0,0,0
8137835,5,F,D,D,TRUCK,1,0,0,0
3006742,4,F,C,D,SEDAN,4,0,0,0
4255361,5,F,B,D,SEDAN,1,0,0,0
9295202,4,M,A,C,SEDAN,3,0,0,0
8251415,5,F,C,D,SEDAN,1,0,0,0
9791043,3,F,B,D,UTE,2,0,0,0
1397991,6,F,B,B,HBACK,1,0,0,0
3118438,3,M,B,D,HBACK,2,0,0,0
689933,5,M,D,D,UTE,2,0,0,0
6805657,3,M,C,D,SEDAN,1,0,0,0
4369166,4,F,C,D,SEDAN,3,0,0,0
2019768,5,M,D,B,STNWG,1,0,0,0
623674,3,F,B,D,SEDAN,2,0,0,0
1485226,2,F,A,D,STNWG,2,0,0,0
257631,4,M,D,D,UTE,2,0,0,0
7417170,1,F,C,B,HBACK,4,0,0,0
2141624,3,M,A,D,STNWG,3,0,0,0
6535401,3,F,D,B,HBACK,1,0,0,0
3564143,2,F,A,C,HBACK,2,0,0,0
4311282,4,M,A,C,STNWG,1,0,0,0
4356383,5,M,B,C,STNWG,2,0,0,0
2599655,5,F,E,C,TRUCK,2,0,0,0
327344,2,F,C,B,HBACK,1,0,0,0
3881697,2,F,A,D,SEDAN,1,0,0,0
7467086,4,F,A,D,PANVN,3,1,2,1830.95
5884841,4,F,B,D,SEDAN,4,0,0,0
7821166,5,F,C,D,SEDAN,1,0,0,0
8993161,1,F,B,B,STNWG,3,0,0,0
3332575,5,M,C,D,SEDAN,4,0,0,0
3627933,3,M,B,B,COUPE,3,0,0,0
7855160,2,F,D,D,SEDAN,2,0,0,0
5218106,6,F,A,B,HBACK,2,0,0,0
2608688,3,F,C,D,STNWG,4,0,0,0
3172365,2,F,A,D,HBACK,2,0,0,0
7798831,4,F,E,D,HBACK,4,0,0,0
210062,4,F,E,B,HBACK,3,0,0,0
161412,5,F,B,B,HBACK,4,0,0,0
4437511,2,F,A,B,STNWG,3,0,0,0
681888,5,F,A,C,SEDAN,2,0,0,0
4288224,2,F,A,B,HBACK,3,0,0,0
9016526,5,F,B,D,HDTOP,3,0,0,0
4377541,5,M,A,D,UTE,4,1,1,200
102536,6,M,D,D,SEDAN,1,0,0,0
7317241,2,M,E,C,STNWG,1,0,0,0
2743908,3,F,F,C,STNWG,3,0,0,0
613967,3,F,F,D,STNWG,3,1,1,490.8199997
7417610,4,M,C,D,HBACK,3,0,0,0
6597892,2,M,C,D,STNWG,4,0,0,0
8091551,4,M,B,D,HBACK,2,0,0,0
1382643,5,M,C,D,UTE,4,0,0,0
6990534,3,M,A,D,HBACK,2,0,0,0
9138117,5,M,C,B,HBACK,1,0,0,0
7438235,6,F,B,B,HBACK,3,0,0,0
6847389,6,M,A,D,STNWG,3,0,0,0
5221426,5,F,B,B,HBACK,3,0,0,0
2516731,4,F,D,D,MIBUS,4,0,0,0
9808169,4,M,A,C,STNWG,2,0,0,0
827193,4,F,A,B,HBACK,4,0,0,0
8396892,5,F,C,C,STNWG,4,0,0,0
9419354,4,F,A,C,HBACK,3,0,0,0
3929207,4,F,C,D,HBACK,4,0,0,0
5533581,2,F,D,D,UTE,4,0,0,0
2854744,3,F,B,B,HBACK,1,0,0,0
6765819,2,F,C,B,HBACK,1,0,0,0
1274495,3,F,C,C,UTE,4,0,0,0
741414,2,M,B,C,STNWG,3,0,0,0
7541978,2,F,C,D,HBACK,1,1,1,1043.199999
7547767,5,F,A,D,SEDAN,1,0,0,0
2447835,5,F,C,D,SEDAN,2,0,0,0
5615871,5,M,C,D,STNWG,4,0,0,0
683562,6,M,A,B,SEDAN,4,0,0,0
2305458,1,F,C,B,HBACK,3,0,0,0
483354,4,M,A,C,UTE,4,0,0,0
529744,5,F,B,D,SEDAN,4,0,0,0
1339459,4,F,A,C,SEDAN,3,0,0,0
3872130,4,M,B,B,SEDAN,4,0,0,0
3069014,1,F,C,C,HBACK,2,0,0,0
7529865,5,M,A,D,SEDAN,1,0,0,0
4150496,4,M,C,B,HBACK,1,0,0,0
7704200,5,M,E,B,HBACK,1,0,0,0
3002916,3,F,C,C,SEDAN,4,0,0,0
3256908,4,F,F,D,SEDAN,3,0,0,0
1513450,4,F,C,D,SEDAN,4,0,0,0
3784437,5,M,F,B,STNWG,1,0,0,0
8312706,4,F,B,D,STNWG,2,0,0,0
7122491,3,M,C,D,SEDAN,4,0,0,0
1816376,2,M,C,D,HBACK,4,0,0,0
2481139,3,F,B,B,SEDAN,3,0,0,0
774303,2,M,A,D,STNWG,2,0,0,0
6035570,5,F,C,D,SEDAN,1,0,0,0
3530965,3,M,C,D,STNWG,4,0,0,0
9323498,4,F,A,C,STNWG,1,0,0,0
7673871,4,M,A,B,SEDAN,3,1,2,2379.739998
4814650,1,F,C,D,HBACK,2,0,0,0
4177697,3,F,C,C,SEDAN,1,0,0,0
4552549,3,F,D,B,COUPE,4,0,0,0
5785341,5,F,B,B,SEDAN,2,0,0,0
9994526,5,M,A,D,SEDAN,1,0,0,0
1512065,2,F,A,D,HDTOP,3,0,0,0
550377,4,M,B,D,SEDAN,4,0,0,0
9683841,3,M,C,C,STNWG,2,0,0,0
2032277,3,F,B,B,HBACK,2,0,0,0
9727806,3,M,F,C,STNWG,3,0,0,0
7175520,6,F,E,D,SEDAN,2,0,0,0
1913863,2,F,A,B,HBACK,2,0,0,0
7356089,5,F,D,C,STNWG,4,0,0,0
3519492,5,F,C,D,SEDAN,2,0,0,0
6044795,4,F,D,D,SEDAN,1,0,0,0
623962,4,M,D,D,SEDAN,3,0,0,0
7471004,6,M,A,D,HBACK,4,0,0,0
1258686,3,F,A,D,HBACK,4,0,0,0
539490,5,F,C,D,SEDAN,3,0,0,0
7572958,4,F,C,D,SEDAN,3,0,0,0
1100736,6,F,C,D,SEDAN,2,0,0,0
9063360,2,M,A,B,HBACK,3,0,0,0
1347833,3,M,A,D,UTE,4,0,0,0
2794273,1,F,C,C,STNWG,4,0,0,0
6955294,2,F,C,D,UTE,2,0,0,0
7185070,6,F,D,D,TRUCK,2,0,0,0
3069092,4,F,E,C,SEDAN,3,0,0,0
7554784,5,F,A,C,SEDAN,1,0,0,0
1448633,2,F,A,C,SEDAN,3,0,0,0
7832238,2,M,C,B,COUPE,4,0,0,0
3095577,1,M,E,C,STNWG,3,0,0,0
9602427,3,M,D,B,HBACK,3,0,0,0
8869511,2,F,C,B,HBACK,3,0,0,0
6998909,3,F,D,C,UTE,1,0,0,0
9448740,1,M,C,D,STNWG,4,0,0,0
8458810,3,F,F,D,STNWG,4,0,0,0
2881377,2,F,A,D,SEDAN,4,0,0,0
3482276,5,F,D,B,HBACK,3,0,0,0
9305501,4,F,B,B,HBACK,2,0,0,0
1352322,4,F,C,C,STNWG,4,0,0,0
2810382,4,M,A,B,SEDAN,4,0,0,0
9082691,6,M,C,C,STNWG,2,0,0,0
7135912,6,M,C,D,HBACK,1,0,0,0
502456,4,F,C,D,SEDAN,3,0,0,0
7405541,3,F,B,B,HBACK,3,0,0,0
9016061,6,M,E,B,SEDAN,3,0,0,0
9495888,3,M,B,D,HDTOP,4,1,1,353.77
7968889,3,F,A,C,HBACK,4,0,0,0
2782746,3,M,B,D,UTE,4,1,1,200
6696980,3,F,C,B,HBACK,1,0,0,0
5780399,5,F,C,D,HBACK,4,0,0,0
4295625,3,F,C,B,HBACK,3,0,0,0
5640106,2,F,D,D,STNWG,2,0,0,0
537888,4,F,A,D,SEDAN,2,0,0,0
7832632,2,M,B,D,HBACK,4,0,0,0
5099631,3,F,F,D,STNWG,3,0,0,0
8215817,5,M,C,D,UTE,2,0,0,0
2849767,6,M,A,B,HBACK,3,0,0,0
6874113,1,M,C,D,PANVN,3,0,0,0
7185412,1,M,A,D,STNWG,1,0,0,0
9516162,4,M,B,C,COUPE,4,0,0,0
2236784,3,M,F,D,HBACK,2,0,0,0
3645389,3,F,A,B,STNWG,3,0,0,0
4807197,5,F,A,D,SEDAN,2,0,0,0
3874230,3,F,C,D,HBACK,4,0,0,0
3427109,3,F,B,B,SEDAN,2,0,0,0
548947,2,M,E,D,SEDAN,3,0,0,0
703427,4,M,B,D,STNWG,2,1,1,553.6499996
5779183,6,M,D,D,SEDAN,1,0,0,0
416303,2,F,E,D,TRUCK,3,0,0,0
6505846,3,F,A,B,HBACK,4,1,1,200
6312629,5,F,B,B,HBACK,3,0,0,0
6066516,4,M,A,D,HBACK,3,0,0,0
2733122,4,F,C,B,HBACK,4,0,0,0
2412194,4,M,A,D,SEDAN,2,1,2,962.789999
4803837,2,F,D,D,HBACK,4,1,1,1577.619999
1719041,1,M,D,D,SEDAN,3,0,0,0
7198274,5,M,E,B,HBACK,2,0,0,0
8697044,4,F,B,B,HBACK,2,0,0,0
8507956,4,F,A,D,HBACK,3,0,0,0
8809610,4,M,C,B,HBACK,2,0,0,0
6042999,4,M,A,D,HBACK,3,0,0,0
6434047,3,F,A,D,SEDAN,4,0,0,0
304488,5,M,B,D,HBACK,4,0,0,0
3181119,4,M,B,D,SEDAN,3,0,0,0
160414,3,F,A,D,SEDAN,1,0,0,0
7423092,4,F,A,D,SEDAN,4,0,0,0
3494392,4,F,B,C,SEDAN,4,0,0,0
5351722,2,M,C,B,HBACK,2,0,0,0
5336207,1,F,C,C,SEDAN,2,0,0,0
5191362,3,F,C,D,SEDAN,1,1,2,471.7399998
6027103,3,M,C,A,PANVN,2,0,0,0
7774842,3,F,B,D,SEDAN,3,0,0,0
6109467,3,F,C,D,UTE,3,0,0,0
26842,3,M,C,D,HBACK,3,0,0,0
7961542,3,F,D,B,HBACK,1,0,0,0
3594490,2,F,C,B,COUPE,1,0,0,0
845226,3,F,C,B,COUPE,4,1,1,4781.250885
4629100,3,F,C,B,HBACK,1,0,0,0
1804205,2,M,D,C,UTE,4,0,0,0
5988670,4,M,A,D,SEDAN,3,0,0,0
1369639,4,F,A,C,SEDAN,4,0,0,0
899258,5,M,F,D,STNWG,4,0,0,0
5061374,1,F,D,B,SEDAN,3,0,0,0
3479146,6,M,B,B,HBACK,1,0,0,0
5124428,4,F,B,D,STNWG,4,0,0,0
2524155,3,F,D,B,HBACK,3,0,0,0
5430304,4,F,D,C,TRUCK,2,0,0,0
1928018,4,F,C,B,SEDAN,3,0,0,0
9308634,5,F,B,C,STNWG,1,1,1,1462.189999
7696424,4,M,A,C,UTE,3,0,0,0
103584,5,M,A,D,STNWG,4,0,0,0
9978293,6,F,A,D,HBACK,4,0,0,0
1454430,2,F,B,D,HBACK,2,0,0,0
4252318,3,M,C,B,SEDAN,3,0,0,0
5282154,2,F,B,D,HBACK,2,0,0,0
418844,6,M,A,D,SEDAN,4,0,0,0
1996042,2,M,D,D,UTE,3,0,0,0
8981231,6,F,A,A,SEDAN,2,1,1,1165.58
6745160,3,F,A,D,SEDAN,4,0,0,0
6040380,3,F,A,B,HBACK,2,0,0,0
7843829,3,F,C,B,SEDAN,2,0,0,0
6734749,3,F,A,D,SEDAN,4,0,0,0
5876817,1,F,C,D,STNWG,3,0,0,0
571010,1,F,C,D,HBACK,3,0,0,0
9354489,4,F,D,D,SEDAN,2,0,0,0
3923424,3,M,B,C,STNWG,3,0,0,0
6925100,3,F,D,D,STNWG,3,0,0,0
7181711,5,F,A,D,SEDAN,2,0,0,0
7774680,5,F,D,D,STNWG,2,0,0,0
4732583,4,F,A,D,HBACK,4,1,2,939.7399998
5541940,2,M,A,C,SEDAN,2,0,0,0
1801662,5,F,A,D,HBACK,4,0,0,0
6806889,5,F,D,B,HBACK,1,0,0,0
3789066,1,M,C,D,SEDAN,1,0,0,0
8375265,2,M,A,C,STNWG,1,0,0,0
5985446,2,F,B,B,HBACK,1,0,0,0
8888246,2,F,C,D,HBACK,2,0,0,0
2048782,3,F,A,D,HBACK,2,0,0,0
1125128,2,F,F,D,STNWG,1,0,0,0
4428524,5,F,A,B,HBACK,3,0,0,0
6847669,6,M,B,D,SEDAN,4,0,0,0
707302,4,F,C,D,UTE,3,0,0,0
8273472,4,F,B,D,SEDAN,1,0,0,0
7333765,4,F,C,B,HBACK,2,0,0,0
9019587,1,F,C,B,HBACK,4,0,0,0
3760849,3,M,B,D,MIBUS,4,0,0,0
4230365,2,F,C,B,HBACK,2,0,0,0
4073936,4,F,B,D,HBACK,2,0,0,0
7770822,4,F,C,D,HBACK,3,0,0,0
7421256,4,M,D,D,STNWG,4,0,0,0
78066,3,M,D,B,SEDAN,3,1,1,200
822148,4,F,C,B,SEDAN,3,1,1,2295.439995
140617,2,M,A,B,SEDAN,2,0,0,0
2949378,1,M,C,D,UTE,4,0,0,0
4159116,3,M,D,B,STNWG,1,0,0,0
3897573,5,F,F,D,SEDAN,4,0,0,0
3202985,6,F,C,D,HBACK,2,0,0,0
319641,3,F,C,D,SEDAN,3,1,1,200
633869,2,F,E,C,STNWG,2,0,0,0
5617893,5,M,E,D,UTE,3,0,0,0
5003411,6,M,A,D,STNWG,3,0,0,0
9442471,5,M,E,D,STNWG,4,0,0,0
2719161,6,M,A,D,SEDAN,4,0,0,0
6554292,5,M,B,C,STNWG,2,0,0,0
5499590,1,M,C,D,TRUCK,1,0,0,0
2010736,1,F,C,D,HBACK,4,0,0,0
7114828,1,F,B,C,HBACK,1,0,0,0
4768371,5,M,C,C,STNWG,4,0,0,0
5391873,2,M,A,D,SEDAN,4,0,0,0
2808389,3,M,C,D,SEDAN,3,0,0,0
817094,4,F,C,B,HBACK,4,0,0,0
4123436,4,M,A,D,HBACK,2,0,0,0
7596109,4,F,B,B,SEDAN,4,1,1,200
2130390,2,F,B,C,HBACK,4,1,1,4790.449982
1769405,3,F,C,D,STNWG,3,0,0,0
3567217,3,F,E,D,STNWG,4,0,0,0
8911474,1,F,C,B,HBACK,3,1,2,1565.509998
5005151,3,F,C,B,HBACK,1,0,0,0
6226173,3,F,A,B,STNWG,2,0,0,0
5597313,2,M,A,B,HBACK,1,0,0,0
8295647,5,F,C,D,STNWG,3,0,0,0
1382611,3,F,D,D,SEDAN,3,0,0,0
7128470,2,F,C,D,SEDAN,2,0,0,0
7114126,2,F,A,D,SEDAN,3,0,0,0
8743917,3,F,C,D,STNWG,4,0,0,0
4012305,3,F,F,D,STNWG,1,0,0,0
8094088,3,F,C,D,STNWG,4,0,0,0
5691436,6,M,C,D,SEDAN,1,0,0,0
495066,5,F,C,C,SEDAN,1,0,0,0
3278334,6,F,B,D,HBACK,4,0,0,0
1124337,5,M,F,C,TRUCK,3,0,0,0
9166444,4,M,A,C,UTE,2,0,0,0
1015522,2,F,E,B,SEDAN,2,0,0,0
7284611,2,M,C,D,STNWG,3,0,0,0
4291312,4,F,A,B,SEDAN,4,0,0,0
6528678,4,M,C,B,SEDAN,3,0,0,0
1830812,3,M,D,C,HBACK,4,0,0,0
9340356,1,F,B,D,HBACK,1,1,2,7009.419998
5841224,2,F,A,D,SEDAN,2,0,0,0
1164694,5,F,C,D,COUPE,4,0,0,0
7552205,5,M,A,C,UTE,4,0,0,0
9528577,4,M,B,D,HBACK,2,0,0,0
3400914,4,F,B,D,SEDAN,3,0,0,0
6625490,1,F,C,D,SEDAN,4,0,0,0
7546030,3,M,D,D,STNWG,4,0,0,0
9480937,5,F,A,B,SEDAN,3,0,0,0
1343736,6,F,D,D,HBACK,2,0,0,0
2061862,4,M,D,B,HBACK,3,1,1,2583.579994
7613515,3,F,B,B,SEDAN,2,0,0,0
306414,2,F,C,B,HBACK,3,0,0,0
5018450,1,F,C,C,HBACK,2,1,1,869.0299988
9185237,6,M,A,A,SEDAN,1,0,0,0
185749,6,F,D,D,HBACK,4,0,0,0
5506335,1,M,C,D,UTE,4,1,1,1829.269997
8392073,4,F,E,D,SEDAN,3,0,0,0
7630944,1,F,D,B,HBACK,3,0,0,0
2479569,4,M,A,D,UTE,1,0,0,0
7470665,3,M,B,D,SEDAN,4,0,0,0
3926572,3,M,B,D,HDTOP,4,1,1,12824.26999
7132773,4,F,A,B,HBACK,1,0,0,0
3906185,1,F,D,B,SEDAN,4,0,0,0
8368611,2,F,E,D,SEDAN,2,0,0,0
5927489,6,M,C,D,SEDAN,2,0,0,0
6006658,2,M,A,D,SEDAN,4,0,0,0
4702220,3,F,C,D,SEDAN,3,0,0,0
2550468,5,M,B,C,SEDAN,3,0,0,0
8677647,2,F,C,B,HBACK,3,0,0,0
4692919,5,M,B,D,PANVN,1,0,0,0
2841364,4,F,C,B,SEDAN,3,0,0,0
3946018,3,M,A,B,SEDAN,3,1,1,1984.639996
7631940,2,F,C,D,HBACK,4,0,0,0
899444,2,F,A,C,SEDAN,1,0,0,0
3186139,2,F,E,C,HBACK,4,0,0,0
2593963,3,F,E,C,STNWG,2,0,0,0
2603784,2,F,B,D,HBACK,1,0,0,0
5217606,3,F,A,C,SEDAN,4,0,0,0
3597704,2,F,B,B,HBACK,3,0,0,0
9204478,3,F,C,B,HBACK,3,0,0,0
3484167,5,F,A,B,SEDAN,4,0,0,0
806616,3,F,C,D,STNWG,4,0,0,0
4479130,6,M,A,D,HBACK,2,0,0,0
6597230,3,M,A,D,UTE,2,0,0,0
4533203,2,M,C,C,HBACK,4,0,0,0
4822333,4,F,D,D,SEDAN,3,0,0,0
2480185,3,M,C,C,STNWG,2,0,0,0
692133,3,F,B,C,SEDAN,2,0,0,0
8914433,6,M,C,D,HBACK,3,0,0,0
7256914,3,F,B,D,STNWG,4,0,0,0
4358257,1,F,A,D,HDTOP,4,0,0,0
8155784,5,M,D,B,HBACK,3,0,0,0
2595483,5,F,B,D,SEDAN,3,0,0,0
5313588,4,F,C,D,SEDAN,1,0,0,0
341050,6,M,D,D,SEDAN,3,0,0,0
4806976,4,F,A,B,HBACK,2,1,1,2485.409996
3007731,3,F,C,D,STNWG,4,0,0,0
3797104,1,M,D,D,UTE,3,0,0,0
7120208,4,F,C,B,HBACK,1,0,0,0
5325588,4,F,E,B,STNWG,2,0,0,0
4261758,6,F,C,D,HBACK,4,0,0,0
8872834,1,M,C,B,HBACK,2,0,0,0
6692667,1,F,C,B,HBACK,2,0,0,0
3972921,1,M,F,D,HDTOP,2,1,1,32814.79993
9830320,2,F,A,B,HBACK,1,0,0,0
2671694,1,F,B,D,SEDAN,4,1,1,200
8613171,4,F,A,D,STNWG,1,0,0,0
8097212,6,F,D,C,STNWG,4,0,0,0
6144776,4,M,C,D,STNWG,3,0,0,0
2438156,3,M,B,D,SEDAN,4,0,0,0
2263229,5,F,C,D,STNWG,1,0,0,0
105712,1,F,A,D,SEDAN,1,0,0,0
6020499,5,M,C,B,HBACK,3,0,0,0
6611261,3,F,C,D,STNWG,4,0,0,0
6847011,4,M,D,D,HDTOP,3,0,0,0
588365,4,F,A,D,SEDAN,3,0,0,0
5968777,4,M,C,D,SEDAN,2,0,0,0
8036274,4,F,C,B,HBACK,3,0,0,0
7321983,3,F,A,D,STNWG,3,0,0,0
1678828,2,M,F,D,CONVT,2,0,0,0
2117301,2,F,A,D,STNWG,1,0,0,0
5927970,5,F,E,D,TRUCK,4,0,0,0
2281832,2,F,F,D,STNWG,1,0,0,0
340091,2,M,C,D,HDTOP,4,0,0,0
4713719,5,F,A,D,SEDAN,2,0,0,0
400174,3,F,A,D,HBACK,2,0,0,0
3100729,6,F,D,B,HBACK,1,0,0,0
8873105,1,M,B,C,SEDAN,3,0,0,0
7818974,2,M,C,C,SEDAN,4,0,0,0
1685953,3,M,B,D,PANVN,4,0,0,0
7535822,4,M,A,B,SEDAN,1,0,0,0
7528486,5,F,A,C,SEDAN,1,1,1,2226.119999
2374723,3,F,D,C,STNWG,3,0,0,0
9481879,4,F,E,B,HBACK,2,0,0,0
9721550,3,F,C,C,STNWG,1,0,0,0
8464477,1,M,A,D,UTE,3,0,0,0
5324138,4,M,C,D,STNWG,4,0,0,0
679824,4,F,D,D,TRUCK,4,0,0,0
4768648,2,M,C,B,STNWG,3,0,0,0
7833865,3,F,C,D,SEDAN,4,0,0,0
6866099,3,F,C,D,SEDAN,1,0,0,0
2858245,1,M,D,D,HDTOP,3,0,0,0
3829785,2,M,C,C,UTE,2,0,0,0
9158370,1,F,A,C,HBACK,1,0,0,0
5237438,5,M,C,B,HBACK,2,0,0,0
5213434,6,F,C,D,SEDAN,2,0,0,0
7674241,3,M,C,D,STNWG,4,0,0,0
4169290,1,F,B,B,HBACK,1,0,0,0
228902,5,M,A,B,SEDAN,4,1,1,820.789999
3876503,5,F,D,C,HBACK,4,0,0,0
6105317,4,F,E,B,HBACK,3,0,0,0
7226150,4,F,B,D,STNWG,3,0,0,0
8077245,2,F,C,D,HBACK,4,0,0,0
9731922,4,M,E,D,STNWG,2,0,0,0
9536914,3,F,C,D,STNWG,3,0,0,0
8746963,2,F,C,B,HBACK,2,0,0,0
2061121,4,M,A,C,HBACK,3,0,0,0
8769384,3,M,B,D,TRUCK,4,0,0,0
3203249,2,F,F,D,HBACK,2,0,0,0
2487252,1,F,B,B,HBACK,1,0,0,0
1905244,3,M,C,D,HBACK,1,0,0,0
5604389,4,F,C,C,STNWG,2,0,0,0
2718669,4,M,B,B,HBACK,3,0,0,0
165898,3,M,F,D,TRUCK,4,0,0,0
2554041,1,F,C,B,SEDAN,3,0,0,0
3927477,1,F,E,C,STNWG,2,0,0,0
8497083,3,F,E,D,STNWG,4,0,0,0
3927482,2,M,A,C,SEDAN,2,0,0,0
5264990,4,F,B,D,HBACK,3,0,0,0
7448237,3,F,C,B,HBACK,3,0,0,0
3208536,4,M,B,D,SEDAN,3,0,0,0
9820931,5,M,C,D,STNWG,3,0,0,0
9907877,3,F,C,B,SEDAN,2,0,0,0
7135725,5,F,A,B,HBACK,1,0,0,0
4029818,5,F,C,D,SEDAN,2,0,0,0
842600,2,M,B,B,HBACK,1,0,0,0
8217516,2,F,C,D,HBACK,2,0,0,0
2377316,3,M,C,D,STNWG,4,0,0,0
7607109,4,F,A,C,SEDAN,2,0,0,0
7785732,5,F,B,D,SEDAN,2,0,0,0
1285184,5,F,C,C,SEDAN,3,0,0,0
4407435,3,F,A,C,STNWG,2,1,1,774.0599995
4352894,6,F,A,B,SEDAN,4,0,0,0
8966465,2,F,F,D,SEDAN,1,0,0,0
185612,4,F,A,A,SEDAN,4,0,0,0
3042628,2,M,F,D,UTE,3,0,0,0
6595469,5,F,B,A,COUPE,1,0,0,0
5580866,5,F,B,D,HBACK,4,0,0,0
7426713,3,M,B,D,SEDAN,1,0,0,0
3150955,3,F,B,D,HBACK,2,0,0,0
4944222,4,M,C,D,SEDAN,4,0,0,0
7717678,3,F,B,D,HBACK,2,0,0,0
1615263,4,M,D,A,SEDAN,3,0,0,0
4119891,5,M,B,C,STNWG,4,0,0,0
3618349,2,M,F,C,TRUCK,1,0,0,0
8694156,6,F,B,B,HBACK,3,0,0,0
1685295,2,M,E,C,UTE,3,0,0,0
4199367,2,M,A,B,HBACK,1,0,0,0
2047949,2,F,E,B,HBACK,2,0,0,0
1848249,3,F,B,B,SEDAN,1,0,0,0
4571585,3,M,A,B,STNWG,1,0,0,0
7551810,3,F,E,B,STNWG,1,0,0,0
1577496,4,F,A,D,SEDAN,4,0,0,0
485013,3,F,C,D,SEDAN,4,0,0,0
321191,6,M,E,B,SEDAN,3,0,0,0
618649,5,F,A,D,HDTOP,3,0,0,0
9736195,5,F,A,C,SEDAN,4,0,0,0
6859093,2,F,B,D,SEDAN,4,0,0,0
6039222,4,M,A,D,SEDAN,3,0,0,0
951384,5,M,B,D,SEDAN,3,0,0,0
712084,2,F,E,B,HBACK,2,1,1,200
5898727,3,F,C,D,STNWG,1,0,0,0
856645,3,F,B,B,SEDAN,4,0,0,0
4624395,3,M,A,A,SEDAN,4,0,0,0
2256632,4,M,C,D,SEDAN,3,0,0,0
8741967,5,F,D,A,COUPE,2,0,0,0
6308180,2,F,B,B,COUPE,2,0,0,0
6517104,3,F,B,C,STNWG,1,0,0,0
7549327,4,F,B,D,SEDAN,2,0,0,0
7576663,1,M,C,D,STNWG,1,0,0,0
2455535,2,F,C,C,STNWG,2,0,0,0
1879485,1,F,A,D,STNWG,3,1,1,2745
9270366,1,M,C,C,SEDAN,1,0,0,0
8660364,4,F,C,B,HBACK,4,0,0,0
5399921,3,M,E,C,STNWG,3,0,0,0
6044698,5,M,B,B,HBACK,1,0,0,0
4576393,4,F,C,D,SEDAN,1,0,0,0
1448659,4,M,A,D,SEDAN,2,0,0,0
1013359,3,F,A,D,HDTOP,1,1,1,200
7418466,5,F,B,B,SEDAN,1,0,0,0
1511255,2,F,D,D,HBACK,2,0,0,0
9499468,3,F,C,D,SEDAN,1,1,1,1196.859999
8080624,1,F,A,D,HDTOP,3,0,0,0
1517524,2,M,B,B,SEDAN,2,0,0,0
5346444,4,F,B,B,HBACK,3,0,0,0
836963,2,F,D,C,STNWG,3,0,0,0
6873865,1,F,D,B,HBACK,2,0,0,0
7599312,5,M,C,B,HBACK,3,0,0,0
3867122,5,F,B,C,SEDAN,4,0,0,0
342579,3,F,D,C,SEDAN,1,1,1,567.1499996
5559963,4,F,B,D,STNWG,3,0,0,0
4956540,2,F,C,D,SEDAN,3,0,0,0
6420288,6,F,B,B,HBACK,2,0,0,0
9444232,4,M,C,D,PANVN,4,0,0,0
6498635,4,M,B,D,SEDAN,2,0,0,0
3895185,3,M,C,D,PANVN,3,0,0,0
9187123,3,F,C,D,SEDAN,4,0,0,0
9228121,3,F,B,D,STNWG,3,0,0,0
99638,3,M,B,D,HBACK,1,0,0,0
5285158,2,F,C,B,SEDAN,2,0,0,0
2136761,6,F,A,D,SEDAN,2,0,0,0
6329364,4,F,C,C,SEDAN,1,0,0,0
5807449,1,F,E,B,HBACK,2,0,0,0
7546195,4,M,A,D,SEDAN,3,0,0,0
2536624,1,M,C,D,HDTOP,3,0,0,0
8768072,5,F,B,A,SEDAN,3,0,0,0
2377490,5,M,E,C,STNWG,2,1,2,2499.119999
9821640,4,M,E,D,UTE,3,0,0,0
1928794,5,F,C,C,STNWG,4,0,0,0
6061213,3,M,A,D,HBACK,2,0,0,0
938611,4,F,B,C,HBACK,3,0,0,0
8778744,2,F,A,B,HBACK,3,0,0,0
9481418,6,F,C,D,HBACK,2,0,0,0
9961666,2,F,A,B,SEDAN,2,0,0,0
5537041,3,M,A,A,SEDAN,4,0,0,0
4887992,2,F,C,C,STNWG,4,0,0,0
5085718,2,F,C,D,SEDAN,4,0,0,0
8759738,4,F,C,B,SEDAN,1,0,0,0
2841723,5,F,A,D,SEDAN,3,0,0,0
2403971,5,M,A,D,STNWG,1,0,0,0
492402,4,F,D,D,HBACK,4,0,0,0
5893936,3,M,D,C,TRUCK,3,0,0,0
6358831,6,F,B,D,HBACK,2,0,0,0
9439995,1,M,B,D,SEDAN,3,0,0,0
4234844,3,F,A,D,HBACK,2,0,0,0
1487193,3,F,C,D,HBACK,1,1,1,200
9101647,1,M,A,D,UTE,2,0,0,0
9434200,3,F,C,D,STNWG,3,0,0,0
8986073,3,M,B,D,STNWG,4,0,0,0
8441698,2,F,F,C,STNWG,3,0,0,0
3566623,6,M,C,D,HBACK,3,0,0,0
2643494,3,F,C,D,HBACK,2,0,0,0
2935887,2,M,C,C,STNWG,4,0,0,0
1673804,5,M,C,C,UTE,4,0,0,0
5890820,4,F,C,C,SEDAN,3,0,0,0
5233467,2,M,E,C,TRUCK,2,0,0,0
9540383,3,F,B,B,HBACK,2,0,0,0
5887938,5,F,B,D,HBACK,4,0,0,0
7419580,4,F,C,D,SEDAN,4,0,0,0
3623889,3,F,A,B,HBACK,3,0,0,0
8246291,5,F,D,D,TRUCK,3,0,0,0
1776673,4,M,D,D,HBACK,4,0,0,0
1920161,3,F,F,C,STNWG,1,0,0,0
4289767,4,F,A,D,HBACK,2,0,0,0
2762996,4,F,A,B,HBACK,1,0,0,0
2525641,4,F,B,D,STNWG,1,0,0,0
1522026,2,M,C,C,STNWG,4,0,0,0
3726718,1,M,A,D,HBACK,4,0,0,0
7787315,5,F,C,C,STNWG,4,0,0,0
1685945,5,M,A,C,STNWG,4,0,0,0
602259,3,M,B,D,SEDAN,2,0,0,0
5158239,4,F,A,B,HBACK,3,0,0,0
3542368,6,F,B,B,HBACK,3,0,0,0
9906313,6,F,A,D,SEDAN,3,0,0,0
4387038,4,M,A,D,STNWG,1,0,0,0
7734174,4,F,D,D,TRUCK,3,0,0,0
679194,4,M,B,D,SEDAN,4,0,0,0
3903471,3,F,B,D,SEDAN,3,0,0,0
9424135,2,F,D,D,STNWG,4,0,0,0
1760489,4,M,D,B,SEDAN,3,0,0,0
1359340,2,M,F,B,HBACK,3,0,0,0
9786582,2,M,C,B,HBACK,2,0,0,0
5286454,3,F,B,D,SEDAN,4,0,0,0
1322828,6,M,F,C,UTE,4,0,0,0
9490019,1,F,A,B,HBACK,1,0,0,0
8818636,5,F,C,C,STNWG,3,0,0,0
9433033,5,M,B,C,SEDAN,4,0,0,0
8669405,2,F,C,D,SEDAN,2,0,0,0
1139621,3,M,B,D,SEDAN,2,0,0,0
5240040,5,F,C,D,UTE,2,0,0,0
2874713,3,M,E,D,SEDAN,4,0,0,0
2525298,4,F,A,D,HBACK,3,0,0,0
8477464,6,M,D,D,SEDAN,4,0,0,0
782577,3,F,E,B,HBACK,2,0,0,0
4690870,4,M,E,D,STNWG,4,0,0,0
8405884,3,M,E,D,SEDAN,2,0,0,0
3251010,3,F,C,C,UTE,2,0,0,0
457009,3,M,A,C,SEDAN,3,1,1,200
5099608,1,F,E,D,HBACK,2,1,1,389.9499998
5320709,3,F,C,D,SEDAN,2,1,1,532.75
8894926,1,F,E,B,SEDAN,3,0,0,0
4368246,1,M,E,C,HDTOP,4,0,0,0
8384765,3,M,E,C,UTE,1,0,0,0
9023194,3,F,E,D,STNWG,2,0,0,0
2522611,5,M,A,D,TRUCK,2,0,0,0
9481662,4,M,B,D,PANVN,3,1,1,257.8199999
4323744,3,F,A,D,STNWG,3,0,0,0
6799962,3,M,A,D,SEDAN,3,0,0,0
7419982,3,F,C,D,HBACK,4,0,0,0
422301,2,F,A,D,STNWG,4,0,0,0
5407370,5,F,B,D,HBACK,3,0,0,0
4672855,6,F,A,C,SEDAN,3,0,0,0
7197956,2,F,A,D,HBACK,3,0,0,0
4267360,4,M,C,B,HBACK,2,0,0,0
4738769,3,F,E,C,UTE,4,0,0,0
584086,4,F,E,D,HDTOP,4,0,0,0
7831205,6,F,A,B,HBACK,3,0,0,0
407253,4,M,D,D,TRUCK,4,0,0,0
5886992,5,M,C,B,HBACK,2,0,0,0
5367163,2,F,A,D,SEDAN,2,0,0,0
6522913,5,M,E,D,UTE,2,0,0,0
9441356,4,M,F,D,SEDAN,2,0,0,0
4198244,2,F,A,D,STNWG,3,0,0,0
3709850,5,F,A,B,SEDAN,3,0,0,0
9869627,3,F,F,D,STNWG,2,0,0,0
3296822,2,M,E,B,HBACK,3,0,0,0
4273395,4,F,E,B,HBACK,1,0,0,0
4059914,1,F,C,D,SEDAN,1,0,0,0
576152,3,F,E,C,STNWG,1,0,0,0
7770096,5,M,D,D,STNWG,1,0,0,0
3872697,5,M,A,D,HBACK,4,0,0,0
7399758,2,F,B,D,MIBUS,2,0,0,0
5285827,3,M,D,B,HBACK,3,0,0,0
9323832,5,F,C,B,SEDAN,3,0,0,0
4684193,4,M,C,D,SEDAN,4,0,0,0
6463573,4,F,B,D,STNWG,4,0,0,0
9161934,2,F,A,D,HBACK,3,0,0,0
7921635,3,F,F,D,STNWG,2,1,1,6499.62999
1333123,5,F,B,B,HBACK,1,0,0,0
1075810,3,F,A,B,HBACK,2,0,0,0
7120182,5,M,C,C,STNWG,3,0,0,0
4292534,2,M,C,C,SEDAN,4,0,0,0
7259087,3,M,D,D,STNWG,1,0,0,0
6694091,2,M,D,D,STNWG,2,0,0,0
6506616,4,F,C,D,HBACK,3,1,1,14344.37567
5429237,3,F,B,C,SEDAN,4,0,0,0
3214310,6,F,B,D,SEDAN,3,0,0,0
1007865,3,F,A,D,HBACK,4,0,0,0
2048896,4,F,D,B,SEDAN,1,0,0,0
8502441,1,M,C,C,HBACK,4,0,0,0
8140480,4,F,C,C,SEDAN,1,0,0,0
8520296,1,M,A,B,HBACK,3,0,0,0
9873784,2,M,B,B,STNWG,2,0,0,0
3079493,1,M,B,D,TRUCK,3,0,0,0
1953511,1,F,C,B,SEDAN,3,0,0,0
1330860,4,M,F,C,STNWG,2,0,0,0
9065707,2,M,B,C,SEDAN,1,0,0,0
9615699,4,M,C,B,SEDAN,4,1,1,200
694572,2,F,A,D,STNWG,2,0,0,0
4658838,1,M,F,D,SEDAN,3,0,0,0
4078559,1,F,A,D,HBACK,1,1,1,200
351840,4,F,C,D,SEDAN,3,0,0,0
1820330,3,M,C,B,HBACK,4,0,0,0
8517199,4,F,B,B,HBACK,3,0,0,0
5886511,3,M,E,D,STNWG,1,0,0,0
454550,1,F,C,C,SEDAN,2,0,0,0
8148680,4,F,E,D,SEDAN,2,0,0,0
2059342,6,F,D,B,HBACK,2,0,0,0
6247483,3,M,B,D,HBACK,1,0,0,0
4905636,3,F,C,B,SEDAN,2,0,0,0
9244813,5,F,C,D,SEDAN,1,0,0,0
1991274,3,F,C,D,SEDAN,4,0,0,0
9897993,3,F,C,C,STNWG,2,0,0,0
5243870,2,M,B,D,MIBUS,2,0,0,0
9086603,6,M,C,D,SEDAN,2,0,0,0
1018828,3,M,D,D,UTE,4,0,0,0
7547011,6,M,C,B,SEDAN,2,0,0,0
7838657,1,F,F,D,HDTOP,4,1,1,389.9499998
4187416,6,M,A,D,SEDAN,1,0,0,0
3219498,3,F,C,D,STNWG,3,0,0,0
7024951,5,F,A,D,COUPE,4,0,0,0
1322038,5,F,B,D,HBACK,4,0,0,0
3477004,6,M,B,B,SEDAN,1,0,0,0
769962,5,F,E,B,HBACK,3,0,0,0
1983105,2,F,E,D,STNWG,2,0,0,0
5497412,5,F,B,D,SEDAN,3,0,0,0
4154280,4,M,D,D,UTE,3,0,0,0
1278837,3,F,A,D,SEDAN,2,0,0,0
3236467,1,F,F,D,STNWG,4,0,0,0
7422331,1,M,C,C,STNWG,1,0,0,0
245203,1,F,C,B,HBACK,1,0,0,0
7692119,3,M,F,B,STNWG,3,1,1,1046.449999
5700017,3,M,B,D,UTE,3,0,0,0
7076530,4,F,A,B,SEDAN,3,0,0,0
6733716,4,F,B,D,STNWG,1,0,0,0
6264965,1,F,F,D,HBACK,3,0,0,0
5699852,4,F,A,D,STNWG,4,0,0,0
5466422,4,F,D,C,UTE,2,0,0,0
7021874,2,M,B,C,HDTOP,3,0,0,0
2482967,2,M,A,C,SEDAN,3,0,0,0
3391629,4,F,D,C,STNWG,1,0,0,0
920677,3,F,D,D,SEDAN,1,0,0,0
6172756,4,F,A,D,COUPE,4,1,1,1471.75
3893828,2,M,E,C,STNWG,4,0,0,0
1960102,5,M,C,D,SEDAN,4,0,0,0
1280796,3,M,C,D,HBACK,2,0,0,0
923242,2,M,D,D,TRUCK,3,0,0,0
4925419,4,F,A,D,SEDAN,1,0,0,0
2918757,2,M,C,D,SEDAN,3,0,0,0
7790024,4,M,A,B,SEDAN,2,0,0,0
895089,2,F,B,C,SEDAN,3,0,0,0
9026145,4,M,C,D,STNWG,3,0,0,0
6582468,5,F,D,D,SEDAN,1,0,0,0
5686504,2,M,A,B,HBACK,1,0,0,0
4490454,4,F,D,D,MIBUS,4,0,0,0
2696396,2,F,A,B,HBACK,4,0,0,0
9723650,2,F,B,D,SEDAN,1,0,0,0
2849386,4,F,B,D,STNWG,2,0,0,0
5085465,2,M,F,D,UTE,3,0,0,0
4368696,2,F,F,D,SEDAN,1,0,0,0
2119869,6,M,C,B,HBACK,3,0,0,0
8008162,2,F,A,B,HBACK,4,0,0,0
8298527,4,M,A,D,SEDAN,4,0,0,0
9864218,5,M,C,D,STNWG,1,0,0,0
8063576,2,F,C,C,HBACK,4,0,0,0
7403969,6,M,B,D,SEDAN,2,0,0,0
255571,6,F,B,B,HBACK,3,0,0,0
5170621,2,F,D,C,HBACK,4,0,0,0
9379875,2,F,B,D,SEDAN,4,0,0,0
4066226,4,F,C,D,STNWG,4,1,1,6096.87999
3876531,4,M,B,C,COUPE,4,0,0,0
2716120,4,M,E,D,STNWG,1,0,0,0
2055146,5,M,E,C,HBACK,1,0,0,0
6225984,5,M,A,D,SEDAN,3,0,0,0
2376091,3,F,B,C,HBACK,4,0,0,0
3840494,2,F,D,D,HBACK,2,0,0,0
2659937,3,M,B,D,SEDAN,3,0,0,0
2531758,3,F,D,D,HDTOP,4,0,0,0
1084131,3,F,C,B,HBACK,2,0,0,0
2394138,3,M,B,D,SEDAN,3,0,0,0
7511047,4,F,C,D,HBACK,3,0,0,0
696168,2,F,B,D,SEDAN,4,0,0,0
8297546,4,F,C,D,STNWG,4,0,0,0
6038556,6,F,A,C,SEDAN,4,0,0,0
1787581,3,F,D,D,HDTOP,4,0,0,0
9684861,2,F,E,D,STNWG,4,0,0,0
1748975,4,M,F,C,STNWG,4,1,1,389.9499998
3780144,3,F,A,D,STNWG,1,0,0,0
2664238,4,M,B,D,SEDAN,3,0,0,0
3461559,1,F,A,C,TRUCK,2,0,0,0
3923842,3,F,D,D,SEDAN,4,0,0,0
2342167,1,F,A,B,SEDAN,4,0,0,0
4936260,4,F,C,B,SEDAN,2,0,0,0
7421151,4,F,A,B,HBACK,2,0,0,0
4355818,5,M,C,D,SEDAN,4,0,0,0
9480695,4,F,C,B,HBACK,1,0,0,0
1011330,6,M,B,C,STNWG,4,0,0,0
1791259,4,M,B,D,SEDAN,2,0,0,0
3902699,2,M,D,C,UTE,2,0,0,0
8981023,2,F,E,C,UTE,4,0,0,0
277646,2,F,A,D,HBACK,4,0,0,0
8015862,5,F,C,D,STNWG,4,0,0,0
1605811,4,F,A,B,HBACK,3,0,0,0
4289172,3,M,C,C,HBACK,4,0,0,0
225187,3,F,C,D,STNWG,3,0,0,0
6627485,6,M,C,D,HBACK,3,0,0,0
2773572,5,F,D,C,SEDAN,1,0,0,0
2964642,6,M,B,B,HBACK,3,0,0,0
6794654,6,M,C,D,STNWG,1,0,0,0
5820774,5,M,B,D,PANVN,4,1,1,346.6199999
1789559,3,M,E,D,UTE,4,0,0,0
8140527,6,F,D,B,HBACK,1,0,0,0
662367,4,F,A,B,HBACK,1,0,0,0
8453626,4,F,C,B,HBACK,4,0,0,0
9342102,3,F,C,D,STNWG,3,1,1,2344.699997
6683245,3,M,B,D,SEDAN,2,0,0,0
7869747,4,M,C,D,SEDAN,2,0,0,0
768701,5,M,B,B,HBACK,4,1,1,200
7718819,4,F,C,D,UTE,4,0,0,0
361607,3,M,A,D,HBACK,3,0,0,0
9073462,2,F,C,C,STNWG,2,0,0,0
9677879,2,F,B,D,HBACK,3,0,0,0
5868991,3,M,B,D,STNWG,1,0,0,0
9210320,6,F,B,D,SEDAN,2,0,0,0
9269123,4,M,A,C,SEDAN,1,0,0,0
1965910,4,M,B,B,SEDAN,4,0,0,0
8507412,5,M,B,B,HBACK,2,0,0,0
4051086,4,F,B,D,SEDAN,3,0,0,0
5454610,1,M,F,B,HBACK,2,0,0,0
1448052,2,M,B,B,HBACK,3,0,0,0
3264349,3,F,A,B,SEDAN,2,0,0,0
9825256,2,M,C,D,SEDAN,3,0,0,0
6228338,2,M,A,D,HBACK,2,0,0,0
1526084,2,F,C,D,SEDAN,2,0,0,0
6801391,6,F,C,D,SEDAN,2,0,0,0
6051231,6,M,A,D,SEDAN,4,0,0,0
4390852,2,M,F,D,HBACK,2,0,0,0
6490416,5,M,E,D,SEDAN,1,0,0,0
9408243,2,M,C,D,UTE,4,0,0,0
7796050,1,F,C,C,SEDAN,1,1,1,200
1358946,6,F,B,D,HBACK,2,0,0,0
9683537,6,F,A,B,HBACK,2,0,0,0
4660811,3,M,A,C,UTE,2,0,0,0
9667372,4,M,A,D,SEDAN,4,0,0,0
948721,4,F,B,C,SEDAN,3,0,0,0
314571,5,F,C,C,SEDAN,2,0,0,0
4953852,5,F,B,B,SEDAN,3,0,0,0
7473762,4,F,E,D,HBACK,3,0,0,0
3036694,4,F,F,B,HBACK,3,0,0,0
494504,2,M,A,D,STNWG,3,0,0,0
2791971,6,F,C,D,SEDAN,3,0,0,0
5644603,5,F,B,D,SEDAN,3,0,0,0
7196264,2,M,A,D,TRUCK,2,0,0,0
5111651,3,F,B,D,STNWG,3,0,0,0
3233290,6,M,A,B,SEDAN,1,0,0,0
6388017,4,F,C,B,HBACK,1,0,0,0
8769167,2,F,A,D,SEDAN,4,0,0,0
897905,6,M,B,D,SEDAN,3,0,0,0
8225304,6,M,B,C,HDTOP,4,0,0,0
5984915,3,F,A,C,SEDAN,1,0,0,0
6569042,3,F,D,D,STNWG,1,0,0,0
9832253,5,F,C,D,SEDAN,4,0,0,0
7079011,5,F,F,B,HBACK,3,0,0,0
5346523,4,F,C,D,SEDAN,4,0,0,0
5629060,2,F,D,D,HDTOP,4,0,0,0
1447402,5,F,A,D,SEDAN,4,0,0,0
9324312,5,F,D,D,SEDAN,3,0,0,0
3600858,4,F,A,B,SEDAN,2,0,0,0
1866435,4,M,E,D,STNWG,4,0,0,0
341366,3,F,D,D,SEDAN,3,0,0,0
1209769,2,F,A,D,STNWG,4,0,0,0
8140154,4,F,C,D,SEDAN,2,0,0,0
9490115,4,F,D,C,SEDAN,4,0,0,0
2574914,2,M,A,C,STNWG,1,0,0,0
7222486,2,M,C,C,STNWG,1,0,0,0
8652346,4,M,A,C,STNWG,2,0,0,0
8649979,4,F,D,D,STNWG,3,0,0,0
5900000,1,M,B,B,HBACK,3,1,1,1032.379999
7561766,5,M,C,A,SEDAN,2,0,0,0
1850027,1,F,E,D,SEDAN,1,0,0,0
2877351,4,F,C,B,HBACK,3,0,0,0
9558654,3,F,A,B,STNWG,3,0,0,0
6755457,4,M,D,D,STNWG,3,0,0,0
883349,6,M,B,C,SEDAN,4,0,0,0
1691268,3,M,C,D,TRUCK,1,0,0,0
5527560,3,F,A,A,STNWG,2,1,1,383.3199997
6273142,3,F,C,D,SEDAN,3,0,0,0
412085,5,F,E,D,STNWG,3,0,0,0
2421730,3,F,B,D,HBACK,2,0,0,0
5002931,5,F,E,C,TRUCK,2,0,0,0
2766344,4,M,D,C,SEDAN,2,0,0,0
9355990,5,F,E,D,SEDAN,3,0,0,0
9481434,2,F,A,C,STNWG,2,0,0,0
6278260,1,F,A,D,HBACK,4,0,0,0
2220012,6,F,A,D,HBACK,2,0,0,0
167414,1,F,C,B,SEDAN,3,0,0,0
3892085,2,M,A,C,UTE,3,0,0,0
6794165,4,F,C,D,STNWG,2,0,0,0
4352818,4,F,C,B,SEDAN,3,0,0,0
4714539,1,M,C,D,HBACK,2,0,0,0
1754348,5,M,C,C,STNWG,4,0,0,0
2861451,3,F,B,D,STNWG,1,1,1,793.539999
9205746,6,M,D,D,STNWG,2,0,0,0
9559443,1,F,D,D,HDTOP,4,0,0,0
2285070,2,F,E,D,SEDAN,3,0,0,0
5439586,2,F,A,D,STNWG,4,0,0,0
2516388,4,F,A,D,STNWG,2,0,0,0
8767982,1,F,A,D,PANVN,4,0,0,0
3088158,3,M,F,D,SEDAN,1,0,0,0
6111560,4,F,A,D,STNWG,4,0,0,0
2232960,3,F,D,C,SEDAN,1,0,0,0
2944368,6,F,D,C,UTE,3,0,0,0
7902337,2,F,C,D,HBACK,2,0,0,0
7909603,5,M,A,D,HBACK,1,0,0,0
2235691,4,F,B,C,SEDAN,4,0,0,0
9207539,5,M,C,D,STNWG,3,0,0,0
3780858,5,M,C,D,SEDAN,3,0,0,0
8956905,3,M,B,C,TRUCK,4,0,0,0
9778930,5,M,E,B,HBACK,3,0,0,0
5857100,4,M,A,B,HBACK,3,0,0,0
6934327,4,M,A,C,COUPE,4,0,0,0
2855088,2,F,B,D,TRUCK,4,0,0,0
6651515,3,F,B,D,HBACK,4,0,0,0
1886273,4,M,C,D,SEDAN,1,0,0,0
1463708,1,F,D,B,HBACK,3,0,0,0
4583096,4,M,A,D,STNWG,4,0,0,0
5652769,1,F,A,B,HBACK,2,0,0,0
4320971,1,M,C,D,SEDAN,3,0,0,0
4552498,2,F,B,D,STNWG,2,0,0,0
7144048,4,F,B,D,STNWG,4,0,0,0
1043758,3,F,F,D,STNWG,3,0,0,0
9626448,6,F,C,B,HBACK,4,0,0,0
230823,5,F,C,B,HBACK,3,0,0,0
9496406,2,F,C,D,SEDAN,4,0,0,0
3495537,2,M,B,C,HDTOP,4,0,0,0
9811958,2,F,C,D,STNWG,3,0,0,0
491098,4,M,C,B,SEDAN,3,0,0,0
8347719,2,F,C,D,SEDAN,3,0,0,0
1084904,1,M,D,D,UTE,3,0,0,0
8999286,2,F,C,D,HBACK,2,0,0,0
6260377,3,F,D,D,STNWG,4,0,0,0
3157726,4,F,E,B,SEDAN,3,0,0,0
3419951,1,F,E,B,HBACK,1,0,0,0
5911594,1,F,B,B,HBACK,3,0,0,0
6464045,2,F,E,B,HBACK,2,0,0,0
7792452,4,M,B,D,SEDAN,2,0,0,0
4789451,2,F,A,D,HBACK,4,0,0,0
8306317,2,M,A,B,HBACK,3,0,0,0
8236519,2,M,C,C,STNWG,2,0,0,0
7404934,5,F,E,D,STNWG,2,0,0,0
8923642,4,M,C,C,HBACK,3,0,0,0
4675154,5,M,B,D,PANVN,4,0,0,0
8086411,5,F,C,B,SEDAN,1,0,0,0
1759710,5,F,B,D,STNWG,4,0,0,0
6224014,6,F,B,B,SEDAN,3,0,0,0
2063516,5,F,E,C,STNWG,1,1,1,691.7999992
40786,3,F,F,D,SEDAN,3,0,0,0
8803223,2,F,C,D,SEDAN,2,0,0,0
9367156,1,M,A,B,SEDAN,4,0,0,0
63516,2,M,B,A,COUPE,2,1,1,989.9199982
9557184,4,F,A,D,MIBUS,4,0,0,0
9423091,2,F,A,D,SEDAN,4,0,0,0
1197903,5,M,A,D,UTE,3,0,0,0
8970448,5,M,A,B,HBACK,1,0,0,0
3653215,4,F,A,D,HBACK,1,0,0,0
6041817,1,M,D,D,UTE,4,0,0,0
9988058,4,F,B,D,SEDAN,4,0,0,0
1574218,2,F,B,B,COUPE,4,0,0,0
9869572,5,M,C,B,SEDAN,4,0,0,0
6813273,1,M,D,D,PANVN,3,0,0,0
7530136,5,F,A,D,STNWG,3,1,1,200
1562227,4,F,F,B,HBACK,2,0,0,0
2964768,6,M,C,D,SEDAN,2,0,0,0
3005824,6,F,D,B,SEDAN,3,0,0,0
4352145,5,M,A,D,SEDAN,4,0,0,0
8652827,6,M,C,D,SEDAN,2,0,0,0
8696020,2,M,D,D,SEDAN,3,0,0,0
1428558,3,M,C,D,SEDAN,3,0,0,0
1831986,3,M,C,D,STNWG,4,0,0,0
3944320,5,M,C,D,SEDAN,3,0,0,0
1381583,4,M,D,D,STNWG,4,0,0,0
6995595,4,M,D,D,HBACK,2,0,0,0
167951,5,F,D,C,SEDAN,1,0,0,0
9497825,5,M,B,C,SEDAN,1,0,0,0
1953556,5,M,D,D,STNWG,4,0,0,0
884243,1,F,A,B,SEDAN,3,0,0,0
3524398,4,F,C,D,STNWG,2,0,0,0
4671274,4,M,F,D,UTE,2,0,0,0
3593903,6,M,D,D,UTE,3,0,0,0
5283775,5,M,C,D,SEDAN,2,0,0,0
3947156,5,F,C,C,HBACK,3,0,0,0
5591990,1,M,E,D,TRUCK,3,0,0,0
6863288,4,M,C,D,SEDAN,1,0,0,0
4816575,3,F,F,D,SEDAN,2,0,0,0
1577559,3,F,B,A,STNWG,1,0,0,0
6579760,1,M,A,D,SEDAN,4,0,0,0
1259510,4,F,B,D,HDTOP,3,0,0,0
5544153,2,M,A,D,SEDAN,3,0,0,0
6765029,5,F,C,C,SEDAN,2,0,0,0
7022834,6,F,C,C,HBACK,4,0,0,0
7423562,3,F,B,D,SEDAN,3,0,0,0
6132747,3,M,B,B,STNWG,1,0,0,0
167048,2,F,E,B,SEDAN,3,1,1,389.9499998
7923494,3,F,D,D,UTE,4,0,0,0
7544564,2,M,B,D,HDTOP,2,1,1,800.8099995
4730369,6,M,B,D,TRUCK,2,1,1,1209.959999
2960098,2,M,F,D,UTE,2,0,0,0
6527969,6,F,C,D,MIBUS,4,0,0,0
1275851,3,F,C,D,HBACK,4,0,0,0
4209752,4,F,B,C,TRUCK,2,0,0,0
9979192,2,M,C,C,STNWG,3,0,0,0
3595593,4,M,C,D,SEDAN,3,0,0,0
2849305,2,F,B,D,STNWG,1,0,0,0
487964,6,F,A,D,HBACK,4,0,0,0
73960,1,F,C,B,HBACK,3,0,0,0
9021976,1,M,C,D,SEDAN,4,0,0,0
7198636,2,M,A,B,HBACK,2,0,0,0
592590,3,F,C,C,STNWG,4,0,0,0
5012260,3,F,B,D,SEDAN,4,0,0,0
954028,2,F,A,C,HBACK,4,0,0,0
3603070,2,F,C,D,HBACK,2,0,0,0
4357399,1,F,B,B,COUPE,3,0,0,0
9188740,2,F,A,B,SEDAN,3,0,0,0
4557622,2,F,B,D,HBACK,2,0,0,0
6040280,4,M,D,D,SEDAN,3,0,0,0
411006,5,F,B,D,SEDAN,3,0,0,0
9270758,3,F,A,D,STNWG,2,0,0,0
7789670,1,F,B,B,HBACK,2,0,0,0
3563652,2,M,B,C,STNWG,2,0,0,0
7116677,2,M,E,D,STNWG,4,0,0,0
1448309,4,M,B,D,SEDAN,1,1,1,9073.209992
3925958,5,F,D,B,HBACK,4,0,0,0
2664426,2,F,C,B,HBACK,3,0,0,0
8234341,2,M,A,D,STNWG,3,0,0,0
3827568,4,F,C,D,STNWG,2,0,0,0
495038,2,F,B,D,HBACK,1,0,0,0
4930815,4,F,E,C,SEDAN,2,0,0,0
7271577,3,F,C,D,HBACK,3,0,0,0
2522016,3,F,D,C,UTE,1,0,0,0
8203480,3,M,C,D,MIBUS,4,0,0,0
4619883,4,M,A,D,STNWG,2,0,0,0
2758719,2,F,D,B,SEDAN,4,0,0,0
6295976,5,F,C,B,HBACK,3,0,0,0
6625423,1,F,C,B,HBACK,3,0,0,0
4002635,1,F,E,D,TRUCK,3,0,0,0
7481707,2,F,B,D,SEDAN,4,0,0,0
7561373,2,F,B,B,HBACK,3,0,0,0
4867336,3,F,B,D,HDTOP,3,0,0,0
9651634,1,F,A,B,HBACK,3,0,0,0
5310514,4,F,C,B,SEDAN,2,0,0,0
8203586,3,F,C,D,SEDAN,3,0,0,0
5379545,4,F,C,D,SEDAN,4,1,1,821.0199986
996278,2,F,A,A,SEDAN,1,0,0,0
7770873,3,F,C,D,UTE,3,0,0,0
7626331,3,F,E,B,HBACK,2,0,0,0
3877930,6,M,C,D,SEDAN,2,0,0,0
3033651,2,F,D,C,SEDAN,2,0,0,0
1052193,1,M,C,B,SEDAN,4,0,0,0
3724227,6,F,B,B,HBACK,1,1,2,1135.129999
8744662,5,M,B,D,STNWG,2,0,0,0
9161278,5,F,A,D,HBACK,1,0,0,0
9942316,6,M,A,D,SEDAN,2,0,0,0
2339209,3,F,C,D,STNWG,4,0,0,0
3875053,5,M,A,C,STNWG,2,0,0,0
9874446,4,F,A,C,SEDAN,2,1,1,2765.159996
8093564,4,F,B,C,HBACK,4,0,0,0
9310483,1,F,C,D,SEDAN,2,0,0,0
6935351,5,M,D,D,SEDAN,1,0,0,0
8746143,5,M,A,B,HBACK,2,0,0,0
9982286,2,M,C,D,HBACK,1,0,0,0
539356,2,F,F,D,STNWG,4,0,0,0
6864326,3,F,E,D,STNWG,3,0,0,0
2180933,2,F,B,D,STNWG,1,0,0,0
8093911,5,F,A,C,SEDAN,2,0,0,0
9124318,3,M,B,C,STNWG,2,0,0,0
5337413,2,M,D,D,SEDAN,4,0,0,0
3483596,3,M,C,B,STNWG,3,0,0,0
105921,4,M,C,B,HBACK,3,0,0,0
485533,6,M,B,D,UTE,4,0,0,0
9500322,6,F,C,D,SEDAN,4,0,0,0
3437373,2,F,E,D,STNWG,4,0,0,0
1013456,3,F,C,B,HBACK,1,0,0,0
1759352,4,M,A,D,SEDAN,3,0,0,0
2429352,2,F,B,C,SEDAN,2,0,0,0
9146578,5,M,A,D,SEDAN,3,0,0,0
3003789,5,F,C,B,SEDAN,4,0,0,0
685942,5,F,C,B,HBACK,2,0,0,0
7539939,2,F,B,C,SEDAN,2,0,0,0
1681775,4,M,A,C,STNWG,2,0,0,0
8002744,1,M,F,D,UTE,3,0,0,0
853572,2,F,A,B,SEDAN,3,0,0,0
1707905,3,M,A,D,BUS,4,0,0,0
7469781,1,F,A,B,HBACK,2,0,0,0
2657940,3,M,C,B,HBACK,3,1,1,384.5
7913148,5,M,C,D,HBACK,3,0,0,0
2438468,3,F,A,D,STNWG,4,0,0,0
3412303,3,M,B,C,SEDAN,3,1,1,3619.979996
5584909,4,M,A,D,HBACK,3,0,0,0
5284267,5,F,B,C,SEDAN,3,0,0,0
7186059,4,F,D,D,UTE,4,0,0,0
5224365,4,F,C,C,STNWG,4,0,0,0
4649768,2,F,B,D,HBACK,3,0,0,0
3275158,6,F,B,B,HBACK,1,0,0,0
2806857,4,F,B,C,SEDAN,1,0,0,0
6875933,3,F,C,B,STNWG,3,0,0,0
2726019,3,F,A,D,SEDAN,4,0,0,0
8865205,4,F,C,D,STNWG,4,0,0,0
6279887,5,M,C,D,STNWG,3,0,0,0
6283830,4,F,A,D,STNWG,3,0,0,0
2330951,5,M,A,D,SEDAN,2,0,0,0
166848,5,M,A,C,HBACK,3,1,1,200
7318443,4,M,A,D,PANVN,3,0,0,0
3596566,2,M,F,D,TRUCK,1,0,0,0
3939368,3,F,A,D,HBACK,2,0,0,0
7824101,5,M,C,D,HDTOP,2,0,0,0
8765200,3,F,A,D,HDTOP,3,0,0,0
3698760,3,F,C,B,COUPE,2,0,0,0
9999704,3,M,C,D,STNWG,4,0,0,0
2870171,4,F,E,C,STNWG,2,0,0,0
197567,2,M,A,B,STNWG,3,0,0,0
6735048,4,F,B,D,COUPE,4,0,0,0
2307417,5,M,C,C,UTE,2,0,0,0
8073656,5,F,C,B,SEDAN,3,0,0,0
1161808,3,F,C,D,SEDAN,2,0,0,0
8748590,3,F,E,C,SEDAN,2,0,0,0
4086384,2,M,B,D,PANVN,2,1,1,5078.699982
5298179,5,M,C,D,HBACK,3,0,0,0
7402613,2,F,B,C,SEDAN,3,0,0,0
9973124,4,M,B,D,SEDAN,4,0,0,0
5212890,3,M,B,D,SEDAN,2,0,0,0
9277095,3,F,A,B,HBACK,1,0,0,0
4459139,2,M,B,B,SEDAN,2,0,0,0
6583595,4,F,C,D,SEDAN,2,1,1,465.9299994
4084406,2,M,A,B,HBACK,3,0,0,0
2758830,2,M,F,D,UTE,4,0,0,0
6502353,2,M,C,C,STNWG,4,0,0,0
968855,5,F,B,D,HBACK,2,0,0,0
5128956,2,F,C,D,MIBUS,4,0,0,0
9475345,2,F,C,D,HBACK,2,0,0,0
5799550,3,F,B,D,SEDAN,2,0,0,0
4804824,3,M,F,D,SEDAN,2,0,0,0
9049874,2,F,C,B,HBACK,4,0,0,0
788276,2,M,A,C,STNWG,3,0,0,0
9305198,4,F,B,B,HBACK,1,0,0,0
5323969,2,M,A,C,SEDAN,3,0,0,0
4188991,5,M,C,D,SEDAN,4,0,0,0
9280889,2,M,C,D,TRUCK,4,0,0,0
8504468,4,F,C,D,HBACK,4,0,0,0
8468519,4,F,A,C,SEDAN,3,0,0,0
6491910,4,F,B,D,HBACK,4,0,0,0
4247510,2,F,D,D,TRUCK,4,0,0,0
5043160,4,M,D,C,UTE,1,0,0,0
9286431,4,F,F,D,SEDAN,3,0,0,0
7425221,3,F,C,D,SEDAN,2,0,0,0
3871904,1,F,A,B,SEDAN,2,0,0,0
7211116,5,M,F,D,UTE,3,0,0,0
7007027,2,F,A,D,HBACK,3,0,0,0
4524635,3,F,E,B,HBACK,2,0,0,0
7753814,5,M,A,C,SEDAN,1,0,0,0
8766909,6,F,E,C,STNWG,4,0,0,0
4062863,3,F,B,B,HBACK,2,0,0,0
7514042,2,M,A,D,STNWG,4,0,0,0
314849,2,F,A,D,STNWG,3,0,0,0
4996208,4,M,A,D,SEDAN,4,0,0,0
531058,5,F,C,B,HBACK,3,0,0,0
6182998,2,M,A,C,HBACK,4,0,0,0
2454645,3,F,C,D,MIBUS,2,0,0,0
2508571,2,M,B,B,SEDAN,3,0,0,0
9607548,1,F,C,D,SEDAN,4,0,0,0
9602006,2,M,B,D,STNWG,3,0,0,0
9334304,1,M,A,D,UTE,3,0,0,0
912633,3,F,B,D,STNWG,4,0,0,0
7122755,4,F,A,D,HBACK,3,0,0,0
2526255,4,F,B,D,SEDAN,2,0,0,0
6537203,5,F,E,B,STNWG,3,0,0,0
1447962,3,F,A,D,MIBUS,3,0,0,0
3778998,2,F,C,C,STNWG,4,0,0,0
10929,4,F,A,C,COUPE,4,0,0,0
6626061,4,F,B,C,HDTOP,4,0,0,0
9196039,2,F,B,D,SEDAN,2,0,0,0
9805363,4,F,A,C,HBACK,3,0,0,0
9082770,4,M,B,C,STNWG,4,0,0,0
4064997,4,F,C,C,SEDAN,3,0,0,0
3482013,5,F,B,C,STNWG,4,0,0,0
1263383,2,M,C,B,SEDAN,2,0,0,0
9836766,2,M,A,D,SEDAN,2,0,0,0
2434937,5,F,A,C,SEDAN,3,0,0,0
4457335,2,M,D,D,UTE,1,0,0,0
429843,5,F,C,D,STNWG,1,0,0,0
22930,5,F,F,D,STNWG,1,1,1,1105.769999
4677499,5,M,B,B,SEDAN,2,0,0,0
1604348,3,M,B,C,STNWG,3,0,0,0
7260897,3,F,B,D,SEDAN,4,0,0,0
791039,2,F,A,D,HBACK,2,0,0,0
4345807,1,M,E,D,STNWG,3,0,0,0
3574308,2,F,F,D,STNWG,3,0,0,0
7870825,3,F,C,D,STNWG,3,0,0,0
3108645,4,F,B,B,HBACK,4,0,0,0
4263083,3,F,C,D,STNWG,2,0,0,0
4133336,1,F,A,B,HBACK,2,1,1,6817.389999
7135398,5,M,A,D,STNWG,4,0,0,0
6964390,3,F,A,B,STNWG,2,0,0,0
6533924,4,M,A,D,STNWG,2,0,0,0
9813043,2,M,A,B,HBACK,1,0,0,0
1671444,4,F,B,D,STNWG,3,0,0,0
6363448,2,M,A,C,UTE,4,0,0,0
2868831,3,F,C,D,STNWG,3,0,0,0
5732666,4,F,C,D,STNWG,2,0,0,0
7574559,3,M,B,D,HBACK,2,0,0,0
8817777,5,F,C,D,SEDAN,3,0,0,0
4480897,5,M,C,D,SEDAN,1,0,0,0
5320592,6,M,B,C,UTE,1,1,1,353.77
1799610,4,M,A,D,STNWG,3,0,0,0
8887398,2,M,A,B,HBACK,2,0,0,0
369354,2,F,C,D,HBACK,2,0,0,0
416361,4,F,C,D,HDTOP,2,0,0,0
5065105,5,M,A,B,HBACK,1,0,0,0
8224308,4,F,F,D,UTE,2,0,0,0
3326112,1,F,B,B,HBACK,3,0,0,0
4258702,5,F,C,B,HBACK,4,0,0,0
8379566,1,M,C,B,HBACK,1,0,0,0
4185927,3,M,A,D,SEDAN,3,0,0,0
4106754,1,M,A,C,SEDAN,3,0,0,0
609557,2,M,D,C,STNWG,4,0,0,0
5088165,2,F,B,B,HBACK,4,0,0,0
2468398,2,M,B,D,SEDAN,3,0,0,0
5263859,2,F,B,D,HBACK,4,0,0,0
606700,4,F,B,D,HBACK,3,0,0,0
8462720,2,M,E,B,STNWG,1,0,0,0
2789861,5,M,C,D,SEDAN,3,0,0,0
2044192,3,M,C,D,STNWG,2,0,0,0
9445824,5,M,D,B,HBACK,4,0,0,0
186049,3,M,E,D,SEDAN,1,0,0,0
913637,1,F,A,B,HBACK,1,0,0,0
9325654,3,M,A,D,SEDAN,3,1,1,707.5199995
9401600,2,F,A,B,HBACK,3,0,0,0
3380477,1,M,B,B,HBACK,2,0,0,0
9821403,4,F,C,C,SEDAN,3,0,0,0
9417936,3,M,C,D,SEDAN,1,0,0,0
4137523,4,M,B,D,SEDAN,3,0,0,0
6673571,5,F,C,D,SEDAN,1,0,0,0
9622667,1,M,F,D,HDTOP,3,0,0,0
2189523,2,F,B,D,SEDAN,1,0,0,0
6071175,4,M,A,D,STNWG,3,0,0,0
6586711,2,F,C,D,HBACK,1,0,0,0
5460760,3,F,A,D,MIBUS,4,0,0,0
7086275,1,F,C,C,SEDAN,2,0,0,0
1676695,2,M,B,B,SEDAN,3,0,0,0
9547944,5,M,B,C,SEDAN,2,0,0,0
2766489,1,F,B,D,HBACK,2,0,0,0
2670216,5,F,C,B,SEDAN,3,0,0,0
5787232,5,M,A,D,STNWG,4,0,0,0
2686455,4,M,C,D,STNWG,4,0,0,0
5245071,2,M,B,D,UTE,2,0,0,0
190238,5,M,A,C,STNWG,4,0,0,0
7728660,3,F,D,D,STNWG,4,0,0,0
4545759,6,F,C,C,SEDAN,1,0,0,0
9458414,1,F,A,D,HBACK,2,0,0,0
1341422,5,M,A,B,HBACK,3,0,0,0
4720392,3,F,B,B,STNWG,2,0,0,0
9600878,2,M,D,D,HDTOP,2,0,0,0
5802816,3,F,C,B,SEDAN,1,0,0,0
1336802,5,F,C,B,HBACK,1,0,0,0
7202021,1,F,A,D,UTE,4,0,0,0
2503667,5,F,C,B,HBACK,1,0,0,0
6544494,4,F,E,D,SEDAN,3,0,0,0
6558857,2,F,D,C,STNWG,3,0,0,0
204901,2,F,C,C,STNWG,4,0,0,0
2955403,5,M,C,C,STNWG,2,0,0,0
5553951,4,F,D,B,HBACK,2,0,0,0
826145,5,F,D,D,SEDAN,3,0,0,0
7530680,5,F,C,D,SEDAN,2,0,0,0
2809655,5,M,C,D,STNWG,2,0,0,0
5055466,6,F,E,B,HBACK,4,1,1,200
9694891,3,F,C,B,SEDAN,3,0,0,0
4354052,2,F,B,B,HBACK,3,0,0,0
9500302,6,M,C,B,HBACK,1,0,0,0
1305981,2,F,C,D,STNWG,4,0,0,0
7110999,1,F,B,D,HBACK,4,0,0,0
1637171,1,M,D,D,SEDAN,1,0,0,0
6929409,4,F,D,C,SEDAN,1,0,0,0
2853059,4,F,A,B,HBACK,2,0,0,0
1637180,4,M,F,C,TRUCK,2,0,0,0
7461854,4,F,D,C,STNWG,4,0,0,0
426694,4,M,A,D,SEDAN,4,0,0,0
9732413,6,F,A,C,HBACK,4,0,0,0
776677,2,F,A,D,HBACK,4,0,0,0
2670437,4,M,E,D,SEDAN,2,1,1,8879.859985
9440383,2,M,A,C,SEDAN,4,0,0,0
4995195,3,F,A,B,HBACK,1,0,0,0
3476886,3,F,F,D,UTE,4,0,0,0
9796568,2,M,C,D,HBACK,2,0,0,0
4708953,4,M,D,D,STNWG,4,0,0,0
7184597,5,F,C,B,SEDAN,2,0,0,0
8948792,3,M,C,B,STNWG,2,0,0,0
304377,4,F,B,D,SEDAN,2,0,0,0
5405670,4,F,F,B,STNWG,2,0,0,0
4687972,5,F,B,B,HBACK,3,0,0,0
1604467,1,M,C,D,UTE,3,0,0,0
74395,2,F,C,C,STNWG,3,1,1,6372.029999
7483429,3,M,C,D,TRUCK,4,0,0,0
97766,6,F,A,D,SEDAN,2,0,0,0
4554292,1,F,F,B,HBACK,3,0,0,0
753883,3,M,B,D,STNWG,1,0,0,0
4291491,2,F,C,B,SEDAN,3,0,0,0
4960196,3,F,B,D,HBACK,2,0,0,0
5464148,2,M,B,C,UTE,1,0,0,0
4265792,4,F,A,D,HBACK,4,0,0,0
7472032,4,M,E,D,TRUCK,3,0,0,0
9561277,1,M,D,D,SEDAN,4,0,0,0
967280,3,M,A,A,STNWG,3,0,0,0
8601076,2,F,B,D,STNWG,4,1,1,2024.149998
771043,4,F,C,D,SEDAN,2,0,0,0
6625890,5,F,D,D,HBACK,4,0,0,0
426860,4,M,A,B,HBACK,1,1,1,200
9404726,2,F,C,B,SEDAN,2,0,0,0
3908596,2,F,B,D,UTE,4,0,0,0
4264979,6,F,D,D,SEDAN,4,0,0,0
1316250,1,M,A,D,MCARA,4,1,1,353.7999997
579821,3,F,A,D,HBACK,3,0,0,0
3660524,3,F,A,D,STNWG,4,0,0,0
2054270,3,M,A,C,UTE,3,0,0,0
2971547,4,F,C,D,HBACK,2,0,0,0
9647126,2,M,D,D,STNWG,2,0,0,0
4059980,5,F,D,B,HBACK,1,0,0,0
2492827,5,F,D,C,UTE,4,0,0,0
9146826,3,M,C,B,HBACK,4,0,0,0
9542788,2,F,E,B,SEDAN,3,1,1,389.9499998
5926650,3,F,C,D,HDTOP,4,0,0,0
3166378,4,F,B,D,MIBUS,4,0,0,0
2729324,4,M,F,D,HDTOP,3,0,0,0
5607649,3,F,C,D,SEDAN,2,1,1,17604.31995
9660923,3,M,C,B,HBACK,2,0,0,0
8460269,5,M,A,D,SEDAN,2,0,0,0
487138,6,M,B,D,HBACK,1,0,0,0
1589695,2,F,C,D,SEDAN,4,0,0,0
1621707,4,M,B,C,STNWG,3,0,0,0
593460,2,F,C,C,SEDAN,3,0,0,0
9509826,3,F,C,D,SEDAN,1,0,0,0
1667974,2,M,F,C,STNWG,3,0,0,0
9190265,2,F,A,D,SEDAN,4,0,0,0
6499111,4,M,C,D,SEDAN,2,0,0,0
6905281,4,F,C,D,SEDAN,4,1,1,4412.619995
3425847,2,M,C,D,UTE,4,0,0,0
8291944,6,F,D,D,SEDAN,3,0,0,0
2539177,1,M,C,D,SEDAN,2,0,0,0
2499463,2,M,F,D,UTE,2,0,0,0
1383284,3,F,E,D,HBACK,3,1,1,634.5499992
9891640,3,F,C,D,STNWG,4,0,0,0
426990,6,F,C,D,SEDAN,3,0,0,0
8541742,4,F,C,B,HBACK,1,0,0,0
6473794,4,F,D,C,HBACK,4,0,0,0
3992035,5,F,A,C,STNWG,2,0,0,0
4115791,2,M,E,D,STNWG,3,0,0,0
1632662,2,M,D,D,STNWG,4,0,0,0
9449727,3,M,F,D,STNWG,1,0,0,0
6427428,2,F,B,D,STNWG,3,0,0,0
3223136,3,F,B,B,STNWG,2,0,0,0
6852154,4,M,B,D,HBACK,3,0,0,0
7686392,1,F,B,D,SEDAN,1,1,1,1015.879999
4118608,5,M,C,D,TRUCK,2,0,0,0
7912382,3,M,D,B,SEDAN,2,0,0,0
6527736,4,M,A,B,SEDAN,4,1,1,353.77
7474542,4,M,A,D,SEDAN,4,0,0,0
8186472,2,M,C,B,SEDAN,3,0,0,0
6358362,1,F,C,B,HBACK,3,0,0,0
6471733,6,F,A,C,HBACK,4,0,0,0
4258556,6,M,C,D,STNWG,3,0,0,0
4467668,1,F,A,D,SEDAN,3,0,0,0
3476124,5,M,A,D,HBACK,1,0,0,0
8470035,1,M,D,C,TRUCK,3,0,0,0
7768899,3,F,C,D,SEDAN,3,0,0,0
7024021,4,F,B,D,STNWG,2,0,0,0
8071588,4,M,A,B,HBACK,2,1,1,200
9234124,2,M,B,C,STNWG,2,0,0,0
7129492,3,F,B,D,HBACK,2,0,0,0
6489512,6,F,E,B,STNWG,3,0,0,0
4446808,3,F,A,D,SEDAN,2,0,0,0
5749090,2,F,D,D,MIBUS,4,0,0,0
7589579,2,F,C,C,UTE,1,0,0,0
9411932,4,F,C,D,SEDAN,3,0,0,0
9101030,4,F,C,D,SEDAN,1,0,0,0
9727808,2,F,C,C,STNWG,1,0,0,0
2673367,2,M,C,D,STNWG,4,0,0,0
1262269,4,F,C,B,HBACK,4,0,0,0
9735822,5,F,D,B,HBACK,2,0,0,0
271886,3,M,A,D,SEDAN,2,0,0,0
706759,2,F,C,B,SEDAN,2,0,0,0
1682927,4,F,B,B,HBACK,2,1,1,430.5599999
5353191,5,M,A,A,SEDAN,1,0,0,0
9734758,6,F,D,B,SEDAN,3,0,0,0
2810599,5,F,B,D,STNWG,2,0,0,0
7831895,2,F,C,B,SEDAN,3,0,0,0
2047907,6,M,C,D,SEDAN,4,0,0,0
5888674,5,F,B,D,SEDAN,2,0,0,0
9658973,1,F,A,B,HBACK,2,0,0,0
608123,3,M,A,D,HBACK,2,0,0,0
9882903,4,M,C,C,UTE,4,0,0,0
5166766,4,F,B,D,SEDAN,3,0,0,0
8899792,2,M,A,C,STNWG,3,0,0,0
6598414,2,M,C,B,HBACK,2,1,1,532.9299994
5367916,2,F,C,D,TRUCK,4,0,0,0
7687909,3,F,A,B,SEDAN,3,0,0,0
7184303,4,F,A,D,STNWG,4,0,0,0
8191007,4,F,D,B,HBACK,1,0,0,0
5001549,2,M,C,C,STNWG,3,0,0,0
8340735,2,F,C,C,SEDAN,1,0,0,0
5766843,3,F,C,D,SEDAN,2,0,0,0
5239374,1,M,B,D,UTE,3,0,0,0
9554996,6,M,A,D,HBACK,2,0,0,0
3108388,2,M,F,D,STNWG,3,0,0,0
7915319,4,F,B,D,SEDAN,4,0,0,0
2478032,5,M,C,D,SEDAN,4,1,1,11041.09
8283106,4,M,B,C,STNWG,4,0,0,0
1057820,3,M,E,D,TRUCK,1,0,0,0
8693506,5,M,A,C,STNWG,1,0,0,0
6372999,6,M,A,D,SEDAN,2,0,0,0
1678004,5,F,B,D,SEDAN,3,0,0,0
8662980,1,F,A,B,HBACK,2,0,0,0
819845,1,M,A,B,HBACK,3,0,0,0
6863519,3,F,E,D,HBACK,4,0,0,0
3861886,6,M,A,B,SEDAN,1,0,0,0
5675904,6,F,E,D,SEDAN,4,0,0,0
1790794,1,F,F,D,UTE,3,0,0,0
9721881,3,M,E,B,SEDAN,3,0,0,0
3127118,1,F,B,D,HBACK,2,0,0,0
7898613,6,F,A,D,HBACK,2,0,0,0
489800,4,F,C,B,HBACK,1,0,0,0
8652701,5,M,A,C,SEDAN,4,0,0,0
3398716,2,M,A,D,STNWG,4,0,0,0
421044,6,F,A,C,SEDAN,4,0,0,0
5803938,5,F,B,B,HBACK,3,1,1,353.77
3299922,6,M,D,D,HBACK,3,0,0,0
5222797,3,M,A,D,HBACK,3,0,0,0
5085812,5,F,B,B,HBACK,2,0,0,0
104034,4,F,B,D,SEDAN,3,0,0,0
129487,1,M,C,B,SEDAN,3,0,0,0
6736107,3,M,C,D,HBACK,3,0,0,0
5708722,3,M,E,D,STNWG,4,0,0,0
6987179,5,M,B,C,STNWG,4,0,0,0
4257290,5,M,C,D,STNWG,2,0,0,0
9722207,4,F,C,D,SEDAN,1,1,1,942.7699986
1382990,5,M,B,D,STNWG,4,0,0,0
5493755,4,F,A,B,HBACK,4,0,0,0
426936,4,F,C,C,SEDAN,3,0,0,0
3907304,4,F,A,B,HBACK,3,0,0,0
1925914,4,M,B,B,SEDAN,3,0,0,0
4958316,3,F,A,D,SEDAN,3,0,0,0
391369,6,F,C,C,STNWG,3,0,0,0
4278014,1,F,D,B,HBACK,2,0,0,0
504093,2,F,D,C,STNWG,2,0,0,0
1931318,2,F,D,B,SEDAN,4,0,0,0
9979086,3,M,A,C,STNWG,2,0,0,0
2850364,5,F,A,D,SEDAN,3,0,0,0
3944521,4,F,C,B,SEDAN,4,0,0,0
6993583,3,M,D,C,SEDAN,2,1,1,390
3992591,5,M,A,B,HBACK,4,0,0,0
5081923,6,F,E,D,SEDAN,1,0,0,0
4799317,1,F,A,B,HBACK,2,0,0,0
1818171,5,F,A,D,HBACK,2,0,0,0
7832230,3,F,A,D,SEDAN,2,0,0,0
3843009,2,F,C,C,STNWG,4,0,0,0
7631203,4,M,A,B,SEDAN,4,0,0,0
8157612,5,F,D,D,SEDAN,3,0,0,0
1260635,2,M,D,C,HBACK,4,0,0,0
7556204,3,F,A,B,HBACK,4,0,0,0
8253016,6,F,D,D,HDTOP,4,0,0,0
9863422,5,F,D,C,UTE,3,0,0,0
4461924,3,F,A,D,SEDAN,1,0,0,0
7450155,3,F,B,D,STNWG,2,0,0,0
1513458,2,F,C,C,STNWG,4,0,0,0
9184106,5,F,D,A,SEDAN,2,1,1,2114.779999
8502222,4,M,A,D,SEDAN,3,0,0,0
3896888,4,M,C,D,HBACK,4,1,1,2610.799995
9389231,4,F,C,D,HBACK,2,1,1,200
4498738,4,M,B,B,HBACK,1,0,0,0
8808893,3,F,C,D,SEDAN,2,0,0,0
6935859,4,F,C,B,HBACK,1,0,0,0
5780927,3,F,B,D,SEDAN,4,0,0,0
3933884,4,M,C,D,STNWG,1,0,0,0
6987635,1,M,F,D,STNWG,2,0,0,0
672732,4,F,F,D,STNWG,4,0,0,0
1383716,4,M,A,D,MIBUS,4,0,0,0
2021770,6,F,C,D,SEDAN,3,0,0,0
1637522,5,M,A,D,UTE,2,0,0,0
4720215,2,M,D,C,TRUCK,3,0,0,0
6307165,2,M,F,D,HDTOP,4,0,0,0
4072893,2,M,D,C,SEDAN,4,0,0,0
4055976,6,M,A,D,HBACK,3,0,0,0
6836767,5,F,A,D,SEDAN,4,1,1,200
9366981,2,F,B,D,SEDAN,4,0,0,0
5455635,5,M,D,D,UTE,3,0,0,0
2592572,6,F,D,C,STNWG,4,0,0,0
1419570,3,F,C,D,HBACK,1,0,0,0
1424682,3,F,C,D,TRUCK,4,0,0,0
993509,3,F,A,B,STNWG,3,0,0,0
711710,1,M,C,D,STNWG,4,0,0,0
6899844,4,M,A,D,PANVN,4,0,0,0
6691949,3,F,C,B,SEDAN,1,0,0,0
2375396,2,F,C,B,HBACK,3,0,0,0
5140309,3,F,A,C,COUPE,4,0,0,0
908450,4,M,B,B,HBACK,1,0,0,0
6068002,4,F,D,D,SEDAN,2,0,0,0
4757421,3,F,C,D,SEDAN,4,1,1,3693.839996
7505445,6,M,B,C,STNWG,4,0,0,0
3519500,2,M,C,D,STNWG,3,0,0,0
1929109,5,F,B,D,COUPE,3,0,0,0
9821624,5,M,A,D,STNWG,3,0,0,0
1969728,5,M,C,B,SEDAN,2,0,0,0
7673453,3,F,B,D,HDTOP,4,0,0,0
1008996,1,M,A,D,UTE,1,0,0,0
3481004,2,F,D,D,STNWG,3,0,0,0
6735887,5,F,F,B,HBACK,4,1,1,1951.039997
8503262,5,F,B,D,STNWG,3,0,0,0
3690045,4,F,D,C,HBACK,4,0,0,0
3110105,5,M,D,D,UTE,3,0,0,0
3656117,3,F,C,B,HBACK,1,0,0,0
974317,5,M,C,D,SEDAN,3,0,0,0
2489376,6,M,A,D,SEDAN,2,0,0,0
3872646,6,M,B,D,SEDAN,2,0,0,0
5223550,4,F,A,B,HBACK,2,0,0,0
1255696,1,F,A,D,SEDAN,3,0,0,0
5222226,4,M,B,C,STNWG,1,0,0,0
1554868,3,F,A,D,STNWG,2,1,1,683
7183996,2,F,E,D,STNWG,1,0,0,0
2923250,5,F,A,D,PANVN,3,0,0,0
6229989,4,M,C,B,SEDAN,1,0,0,0
1149890,3,F,A,D,SEDAN,1,0,0,0
9207724,3,M,D,D,STNWG,2,0,0,0
4269724,2,M,C,D,HDTOP,4,0,0,0
9418823,3,F,F,D,STNWG,1,0,0,0
7430679,4,M,A,D,UTE,4,0,0,0
4685044,5,F,A,D,SEDAN,2,0,0,0
896357,5,F,D,D,UTE,3,0,0,0
2711835,3,F,C,B,HBACK,2,0,0,0
8292068,6,F,A,D,HBACK,3,0,0,0
164988,2,F,A,C,SEDAN,3,0,0,0
5223813,2,M,B,B,SEDAN,1,0,0,0
5311503,3,M,D,C,STNWG,4,0,0,0
1198143,5,M,C,D,SEDAN,2,0,0,0
744000,4,F,A,C,STNWG,1,0,0,0
5178788,6,F,C,B,HBACK,1,0,0,0
9417609,2,F,E,D,STNWG,4,0,0,0
2625065,5,M,C,B,HBACK,2,0,0,0
7226315,3,F,B,D,SEDAN,2,0,0,0
699574,2,M,C,D,STNWG,4,0,0,0
4787535,5,F,A,D,STNWG,1,0,0,0
2668189,3,M,F,C,STNWG,1,0,0,0
379303,3,F,C,D,HBACK,2,0,0,0
3722660,5,F,B,D,SEDAN,1,0,0,0
1941646,2,F,B,D,HBACK,3,0,0,0
6298095,1,F,A,B,HBACK,3,0,0,0
693731,4,M,C,C,SEDAN,4,0,0,0
8531608,3,F,B,D,SEDAN,2,0,0,0
2540220,2,F,C,D,MIBUS,4,0,0,0
1922739,4,F,A,D,STNWG,1,0,0,0
8919290,3,M,B,D,HBACK,2,0,0,0
1346694,4,F,C,D,STNWG,2,0,0,0
3587269,2,F,A,B,SEDAN,2,0,0,0
4276026,3,M,D,D,UTE,4,0,0,0
5502726,4,M,C,B,COUPE,4,0,0,0
3896241,3,F,C,B,STNWG,2,0,0,0
2514158,4,F,B,C,HBACK,3,0,0,0
8387976,1,F,C,D,TRUCK,1,0,0,0
1795944,5,F,A,D,SEDAN,3,1,1,731.8199997
2785353,4,F,B,B,SEDAN,3,0,0,0
5220141,4,F,B,C,STNWG,3,0,0,0
8800939,6,M,E,C,STNWG,2,0,0,0
7211932,3,M,D,D,STNWG,1,0,0,0
7106182,3,F,D,B,HBACK,4,0,0,0
626754,6,F,C,D,SEDAN,4,0,0,0
6471094,6,M,A,C,SEDAN,2,0,0,0
3108764,1,F,A,D,HBACK,2,0,0,0
3947444,2,M,C,B,STNWG,1,0,0,0
4427150,4,M,F,D,UTE,1,0,0,0
9857423,4,M,A,D,PANVN,3,0,0,0
9558496,3,F,D,C,STNWG,4,0,0,0
4793340,2,M,C,B,HBACK,3,0,0,0
4364472,3,M,F,C,STNWG,2,0,0,0
9342690,3,M,C,B,HBACK,1,0,0,0
1390433,2,M,C,B,HBACK,3,0,0,0
6739547,6,M,C,D,SEDAN,3,0,0,0
946236,3,M,A,D,STNWG,1,1,1,565.9299994
1970387,3,F,C,D,STNWG,1,1,1,1623.119999
4739198,5,F,E,B,HBACK,3,0,0,0
572540,4,M,A,D,STNWG,2,0,0,0
4072229,4,M,C,D,TRUCK,3,0,0,0
9323209,4,F,A,D,SEDAN,4,0,0,0
9318408,2,F,D,B,HBACK,1,0,0,0
885815,3,M,C,D,STNWG,3,0,0,0
5779968,6,F,C,D,SEDAN,4,0,0,0
4815763,1,F,C,B,HBACK,2,0,0,0
7581487,4,M,E,D,UTE,4,0,0,0
2353374,3,F,C,B,HBACK,1,0,0,0
1896237,4,F,C,C,UTE,4,0,0,0
7226506,1,M,D,D,HDTOP,4,0,0,0
4598390,2,F,C,B,HBACK,1,0,0,0
9542487,2,F,C,C,SEDAN,2,0,0,0
1432001,5,F,C,D,SEDAN,2,0,0,0
3937949,2,F,C,B,HBACK,2,0,0,0
9194511,3,F,C,D,STNWG,1,0,0,0
7218976,1,M,D,D,SEDAN,1,0,0,0
7185898,4,F,A,D,HBACK,3,0,0,0
9575408,3,M,B,C,STNWG,1,0,0,0
7317081,3,F,D,B,SEDAN,4,0,0,0
9069558,3,F,A,C,STNWG,2,0,0,0
9530924,4,M,A,D,STNWG,2,0,0,0
704671,2,M,B,D,STNWG,4,0,0,0
7185839,4,M,A,C,STNWG,4,0,0,0
5985861,5,F,A,D,SEDAN,4,0,0,0
2733463,4,F,C,C,HBACK,3,0,0,0
3993858,2,M,A,D,HBACK,2,0,0,0
5930836,2,F,B,B,SEDAN,3,0,0,0
111016,2,M,C,B,HBACK,4,0,0,0
9417781,4,M,C,D,SEDAN,4,0,0,0
2660179,4,F,C,D,HBACK,1,0,0,0
8405446,4,F,A,D,SEDAN,3,0,0,0
1359737,2,M,B,D,HBACK,4,0,0,0
8286043,3,M,A,D,HBACK,1,0,0,0
6036007,6,F,B,B,HBACK,4,0,0,0
8414251,4,F,E,B,HBACK,3,0,0,0
9528278,3,F,B,D,BUS,3,0,0,0
4480575,2,F,C,B,HBACK,3,0,0,0
3205664,6,F,C,B,STNWG,3,0,0,0
499246,2,M,B,D,STNWG,2,0,0,0
3767411,2,F,A,D,SEDAN,4,0,0,0
5352347,2,F,A,D,SEDAN,4,0,0,0
8088180,3,M,C,D,SEDAN,2,0,0,0
7160085,3,M,F,D,UTE,4,0,0,0
266313,1,M,E,C,UTE,4,0,0,0
1273583,4,M,A,C,COUPE,4,0,0,0
8313829,5,F,D,D,STNWG,4,0,0,0
3679575,2,M,C,D,UTE,3,0,0,0
8333619,3,F,B,D,STNWG,4,0,0,0
6037406,1,M,A,B,SEDAN,3,0,0,0
1482328,1,M,A,B,HBACK,1,0,0,0
367143,2,F,D,D,HBACK,4,0,0,0
6664933,3,M,E,D,SEDAN,2,0,0,0
9880276,4,F,E,D,UTE,4,0,0,0
1203252,5,F,D,D,SEDAN,1,0,0,0
4145172,3,F,B,D,UTE,3,0,0,0
1445047,3,M,C,D,SEDAN,4,0,0,0
4322281,3,F,E,B,SEDAN,3,1,1,7639.399994
7141475,4,F,A,D,SEDAN,3,0,0,0
7676715,1,M,C,D,HBACK,3,0,0,0
9172359,3,F,C,D,HBACK,4,0,0,0
3127140,6,F,A,D,STNWG,2,0,0,0
4954080,6,M,A,D,SEDAN,1,0,0,0
816149,3,F,A,D,STNWG,3,0,0,0
7406908,4,F,D,D,TRUCK,3,0,0,0
9888959,5,M,C,D,HBACK,2,0,0,0
9343570,4,M,A,D,TRUCK,1,0,0,0
1256425,2,M,C,B,SEDAN,2,0,0,0
1814050,3,M,B,B,HBACK,3,0,0,0
4614966,3,M,F,C,STNWG,2,0,0,0
4624490,2,M,F,D,HDTOP,2,0,0,0
8130284,1,M,D,D,STNWG,3,0,0,0
965050,4,M,B,B,HBACK,3,0,0,0
6848240,2,F,C,C,HBACK,4,0,0,0
1202044,4,M,C,D,SEDAN,2,0,0,0
6174969,2,F,B,D,HBACK,4,0,0,0
919900,2,F,F,C,STNWG,1,0,0,0
7987687,2,F,B,D,STNWG,3,0,0,0
5408057,3,F,C,B,STNWG,1,0,0,0
5866639,3,M,D,D,STNWG,4,0,0,0
1515199,6,F,C,D,SEDAN,4,0,0,0
9082683,6,M,B,D,SEDAN,2,0,0,0
6226920,4,F,C,B,SEDAN,4,0,0,0
4257287,5,F,C,C,HBACK,1,0,0,0
9430169,5,F,C,B,HBACK,3,0,0,0
1921359,4,F,B,C,STNWG,2,0,0,0
410431,5,F,C,C,HBACK,4,0,0,0
3704606,4,F,D,D,STNWG,4,1,1,423.6399999
7624492,1,M,A,C,STNWG,4,0,0,0
7532223,3,F,F,D,SEDAN,3,0,0,0
2823943,4,F,B,D,HBACK,2,0,0,0
3075012,2,F,B,B,SEDAN,3,0,0,0
8102012,2,M,A,D,HDTOP,4,0,0,0
8555590,4,F,A,B,STNWG,1,0,0,0
3820693,2,M,C,D,HBACK,2,0,0,0
1985775,5,M,B,D,SEDAN,2,0,0,0
4810389,5,F,C,D,SEDAN,3,0,0,0
5513140,3,F,E,B,SEDAN,4,0,0,0
308268,5,M,E,C,STNWG,2,0,0,0
4799038,2,M,A,C,STNWG,4,0,0,0
527435,6,M,B,D,UTE,4,0,0,0
8986425,2,F,B,B,HBACK,1,0,0,0
7102908,4,M,B,C,STNWG,1,0,0,0
4176528,1,F,E,B,HBACK,1,0,0,0
2425499,3,M,C,B,HBACK,4,0,0,0
5603739,6,M,C,B,SEDAN,4,0,0,0
7690336,4,M,D,D,UTE,4,0,0,0
7548461,3,M,F,D,STNWG,4,0,0,0
2837262,4,M,C,C,STNWG,3,0,0,0
9738023,2,F,F,D,UTE,1,0,0,0
8146587,1,F,E,C,SEDAN,2,0,0,0
1383896,5,F,D,D,SEDAN,4,0,0,0
8756747,6,M,C,B,HBACK,2,0,0,0
1126658,5,F,A,B,SEDAN,1,0,0,0
12118,5,M,C,D,SEDAN,4,0,0,0
2414545,3,F,B,B,HBACK,3,0,0,0
272560,4,F,E,D,SEDAN,4,1,1,200
7830584,5,F,C,B,HBACK,3,0,0,0
8224924,2,F,B,D,HBACK,1,0,0,0
3626506,6,M,A,D,STNWG,3,0,0,0
2965051,5,F,B,B,HBACK,2,0,0,0
4222805,2,M,A,B,HBACK,3,0,0,0
9717273,2,F,B,B,SEDAN,3,0,0,0
5029386,2,M,A,C,HBACK,3,0,0,0
704052,1,M,C,D,SEDAN,1,0,0,0
2799883,2,F,C,C,HBACK,3,0,0,0
9440174,5,M,E,C,UTE,1,0,0,0
9011545,3,F,C,D,STNWG,3,0,0,0
6878530,3,F,C,B,HBACK,3,0,0,0
907741,1,F,F,B,HBACK,1,0,0,0
5438996,5,F,A,D,SEDAN,3,0,0,0
1197099,3,F,E,D,SEDAN,1,0,0,0
5462308,4,F,C,D,SEDAN,3,0,0,0
1604972,1,M,E,C,TRUCK,1,0,0,0
3213688,4,F,A,B,HBACK,3,0,0,0
4255001,3,F,E,D,HBACK,1,0,0,0
9621337,4,F,A,D,SEDAN,2,0,0,0
1074021,5,M,E,C,UTE,3,0,0,0
9301079,2,M,D,D,TRUCK,2,0,0,0
6384396,4,F,A,B,HBACK,2,0,0,0
4493935,5,F,C,D,HBACK,3,0,0,0
7091269,2,F,B,D,SEDAN,4,0,0,0
4381388,2,F,D,C,SEDAN,2,0,0,0
3988996,1,F,A,D,HBACK,2,0,0,0
6053059,2,M,B,D,UTE,3,0,0,0
6602079,3,F,E,D,SEDAN,3,0,0,0
6343784,6,F,B,D,SEDAN,2,0,0,0
9351211,2,M,A,D,HBACK,2,0,0,0
2298479,2,M,D,D,SEDAN,4,0,0,0
9896663,3,M,C,C,STNWG,2,0,0,0
3945062,2,M,A,C,STNWG,3,0,0,0
6101957,2,F,C,D,COUPE,4,0,0,0
5928391,2,F,E,D,STNWG,4,0,0,0
4430660,3,F,D,B,STNWG,2,0,0,0
7946377,5,F,B,D,HBACK,3,0,0,0
674340,5,F,A,D,HBACK,3,0,0,0
2422778,4,M,E,B,SEDAN,1,0,0,0
9957188,3,M,C,B,HBACK,2,0,0,0
5250105,5,F,A,D,SEDAN,2,0,0,0
6129737,4,M,C,D,SEDAN,4,0,0,0
4027187,1,M,F,B,HBACK,3,0,0,0
1001521,5,M,C,D,STNWG,4,0,0,0
8556497,3,F,A,C,HBACK,3,0,0,0
166619,2,M,A,D,HBACK,3,0,0,0
4374716,4,M,B,D,TRUCK,1,0,0,0
9859090,3,F,C,D,SEDAN,4,0,0,0
1698891,5,M,E,C,STNWG,4,0,0,0
6837240,3,F,B,D,STNWG,4,0,0,0
5731118,5,F,B,D,HBACK,1,0,0,0
415975,5,F,A,B,SEDAN,1,0,0,0
1190341,2,F,C,D,STNWG,4,1,1,3411.189995
7915886,3,M,A,B,HBACK,1,0,0,0
504064,2,F,F,D,UTE,4,0,0,0
8645767,3,M,D,D,STNWG,2,0,0,0
992204,3,F,A,D,STNWG,3,0,0,0
2064991,3,M,F,D,HDTOP,3,1,1,3723.63636
9744221,5,M,C,D,PANVN,4,0,0,0
8140149,6,M,E,C,SEDAN,3,0,0,0
180135,3,M,E,D,HDTOP,4,0,0,0
9497152,3,M,A,B,HBACK,1,0,0,0
7831966,5,M,C,D,UTE,4,0,0,0
9581864,5,M,B,B,HBACK,2,1,1,2803.973633
9366132,5,M,A,C,HBACK,4,0,0,0
9734855,4,M,E,D,HBACK,2,0,0,0
2910451,2,M,C,D,HDTOP,2,0,0,0
9154774,3,M,A,D,HBACK,4,0,0,0
1799866,2,F,A,B,STNWG,2,0,0,0
6549121,2,F,F,D,STNWG,2,0,0,0
4648738,4,M,B,C,STNWG,1,0,0,0
3395880,5,M,B,D,STNWG,3,0,0,0
5410995,5,F,B,B,SEDAN,3,0,0,0
2602561,3,F,A,D,SEDAN,2,0,0,0
6779605,4,M,C,B,HBACK,1,0,0,0
619688,3,F,A,C,SEDAN,2,0,0,0
7332991,5,F,A,D,SEDAN,4,0,0,0
1124381,4,F,C,D,SEDAN,3,0,0,0
5222316,1,F,B,C,SEDAN,2,0,0,0
8422648,6,M,C,D,MCARA,4,0,0,0
54266,3,M,C,D,STNWG,4,0,0,0
4888446,4,F,A,D,SEDAN,2,0,0,0
3861614,1,F,A,D,HBACK,2,0,0,0
2479537,4,M,B,D,STNWG,4,0,0,0
7612893,3,F,D,D,SEDAN,4,0,0,0
9614320,2,M,B,C,UTE,1,0,0,0
6178549,4,M,C,D,SEDAN,4,1,1,200
6448559,2,F,E,B,HBACK,3,0,0,0
7745353,1,F,B,D,STNWG,4,0,0,0
6475590,4,F,C,D,SEDAN,2,0,0,0
9686590,3,M,B,C,UTE,4,0,0,0
4199423,2,M,C,D,UTE,4,0,0,0
5433884,4,M,C,D,HBACK,4,0,0,0
44656,1,F,D,C,SEDAN,3,0,0,0
3579384,1,F,C,C,SEDAN,3,0,0,0
6135926,1,M,A,C,STNWG,1,0,0,0
1556333,3,F,A,B,STNWG,2,0,0,0
1962892,4,M,D,D,TRUCK,4,0,0,0
426564,3,F,C,D,HBACK,2,0,0,0
3109756,4,F,B,D,SEDAN,3,0,0,0
486543,2,M,A,D,TRUCK,3,0,0,0
7470141,6,F,B,D,SEDAN,1,0,0,0
1074939,2,F,A,B,HBACK,1,0,0,0
4581265,5,F,B,B,SEDAN,3,0,0,0
2526326,6,F,D,D,SEDAN,4,0,0,0
714888,4,M,B,D,UTE,4,0,0,0
4323132,6,F,A,B,HBACK,2,0,0,0
8707243,4,M,F,C,STNWG,1,0,0,0
6856370,5,F,C,D,SEDAN,3,0,0,0
5910244,4,M,C,D,STNWG,2,0,0,0
8463752,3,F,B,D,SEDAN,3,0,0,0
5347843,4,F,B,B,SEDAN,1,0,0,0
8233411,4,F,D,D,STNWG,4,0,0,0
8098335,4,F,A,D,SEDAN,3,0,0,0
2814094,3,M,D,B,SEDAN,2,0,0,0
7721446,1,F,C,C,SEDAN,3,1,1,2578.679993
2155009,1,F,C,B,HBACK,2,0,0,0
2093235,5,M,B,D,STNWG,1,0,0,0
6410466,4,F,A,B,HBACK,2,1,1,344.8800011
3156028,5,F,C,C,SEDAN,4,0,0,0
7474759,4,F,B,B,SEDAN,3,0,0,0
7370822,1,F,A,B,HBACK,1,0,0,0
1163306,2,F,C,D,STNWG,3,0,0,0
3932657,3,M,B,C,HBACK,4,0,0,0
3893539,4,F,B,D,STNWG,4,0,0,0
2531821,4,F,A,D,SEDAN,3,0,0,0
4755455,2,F,A,B,SEDAN,3,0,0,0
7176891,3,F,A,D,STNWG,4,0,0,0
908963,6,M,C,D,HBACK,3,1,1,703.0199995
6603111,5,M,A,C,STNWG,3,0,0,0
3041679,5,M,A,C,STNWG,4,0,0,0
3628153,1,F,E,C,STNWG,1,0,0,0
8089118,4,F,C,D,SEDAN,4,0,0,0
4574585,4,M,A,D,HBACK,1,0,0,0
8293196,6,F,A,A,SEDAN,3,0,0,0
9841293,2,F,C,D,HBACK,3,0,0,0
1209229,5,M,E,D,PANVN,3,0,0,0
445072,3,M,A,D,HDTOP,2,0,0,0
4264080,4,F,F,D,SEDAN,4,0,0,0
8157833,5,F,A,D,STNWG,3,1,1,2819.039993
758461,3,F,A,B,HBACK,2,0,0,0
1101675,5,F,B,D,SEDAN,1,0,0,0
5770102,5,M,C,C,STNWG,3,0,0,0
6835367,3,M,B,B,HBACK,2,1,1,6205.450882
467599,5,M,A,B,HBACK,4,0,0,0
227294,5,F,C,D,STNWG,2,0,0,0
5170995,4,M,F,D,STNWG,3,0,0,0
7205850,3,M,D,B,HBACK,1,0,0,0
670141,3,M,A,D,UTE,3,1,1,3112.32
3873016,5,M,B,D,SEDAN,4,0,0,0
6922039,3,F,E,C,STNWG,4,0,0,0
6230855,4,F,C,B,SEDAN,3,0,0,0
9114751,3,M,B,D,UTE,3,0,0,0
9863623,6,F,A,B,HBACK,1,0,0,0
6863149,3,F,A,D,SEDAN,2,0,0,0
1577102,4,M,A,C,STNWG,2,0,0,0
1479106,5,F,C,B,HBACK,3,0,0,0
2523570,2,F,A,D,COUPE,4,0,0,0
1438378,4,F,D,D,SEDAN,3,0,0,0
1883787,4,F,C,D,SEDAN,2,0,0,0
4247427,6,M,E,D,MCARA,4,0,0,0
227495,6,M,B,B,HBACK,1,0,0,0
4173703,4,M,C,C,UTE,4,0,0,0
4071145,3,F,A,D,STNWG,4,0,0,0
5365163,1,F,B,A,SEDAN,2,1,1,200
3004845,4,M,C,D,UTE,4,0,0,0
9437580,4,F,A,B,SEDAN,2,0,0,0
3335105,1,F,C,B,SEDAN,3,0,0,0
7241833,2,F,A,C,STNWG,1,0,0,0
9478604,1,F,A,B,HBACK,1,1,1,328.1499996
3292934,4,M,A,D,SEDAN,3,0,0,0
1838729,1,F,E,B,HBACK,2,0,0,0
6867912,2,F,D,C,STNWG,1,0,0,0
8813187,4,F,C,B,HBACK,1,0,0,0
3667932,3,M,B,C,STNWG,2,0,0,0
9340396,6,F,C,D,SEDAN,1,0,0,0
6849841,6,M,C,D,STNWG,2,0,0,0
5191519,6,M,B,D,SEDAN,2,0,0,0
7135662,4,M,C,D,SEDAN,4,0,0,0
2787800,3,F,D,B,SEDAN,1,0,0,0
5464199,4,M,D,D,STNWG,2,0,0,0
693983,4,M,C,C,UTE,3,1,1,1388.969997
5740462,4,F,D,D,SEDAN,4,0,0,0
9837589,1,F,E,D,STNWG,3,0,0,0
7671641,5,F,B,D,SEDAN,4,0,0,0
9170925,6,F,A,C,HBACK,3,0,0,0
8740726,4,M,B,D,SEDAN,4,0,0,0
8085852,6,M,C,D,SEDAN,2,0,0,0
7173891,6,M,B,D,STNWG,3,0,0,0
8557799,1,M,B,B,HBACK,1,0,0,0
1404754,2,M,C,D,SEDAN,4,0,0,0
3808417,3,F,A,D,HBACK,2,0,0,0
9068850,3,F,E,D,TRUCK,1,0,0,0
228840,2,M,F,C,STNWG,1,0,0,0
5985148,4,F,C,B,SEDAN,4,0,0,0
2744323,3,F,F,D,MIBUS,3,0,0,0
3329251,1,M,B,D,HBACK,3,1,1,774.3999996
8077714,1,M,B,B,HBACK,3,0,0,0
7138027,4,F,E,D,UTE,1,0,0,0
5125075,3,F,C,B,HBACK,4,0,0,0
9438604,3,M,B,D,STNWG,4,0,0,0
1757944,4,F,F,D,STNWG,2,0,0,0
1259293,2,F,D,D,UTE,4,0,0,0
8942081,5,F,C,B,SEDAN,4,0,0,0
2828532,2,F,C,D,UTE,3,0,0,0
2974852,4,F,A,C,HBACK,3,0,0,0
9724745,2,M,B,D,UTE,1,0,0,0
9820509,2,F,A,B,HBACK,3,0,0,0
7641247,5,M,C,D,HBACK,3,0,0,0
3582156,2,F,C,B,HBACK,4,0,0,0
9020996,5,M,A,D,SEDAN,4,0,0,0
8307734,4,M,C,C,SEDAN,1,0,0,0
693998,4,M,B,D,UTE,4,0,0,0
6062395,5,M,D,C,HBACK,4,0,0,0
1170660,1,M,E,D,UTE,4,0,0,0
1280605,6,F,E,C,STNWG,2,0,0,0
9558304,1,F,C,D,SEDAN,4,0,0,0
5988733,3,F,C,D,SEDAN,2,0,0,0
6310781,1,M,F,D,UTE,3,1,1,12311.56998
2479466,5,F,C,D,SEDAN,4,1,1,312.5
4258091,5,F,A,D,STNWG,2,0,0,0
9856442,5,M,B,C,HBACK,4,0,0,0
7275450,4,M,A,C,UTE,1,0,0,0
3646098,5,F,C,D,HBACK,1,0,0,0
5214230,4,M,A,B,HBACK,2,0,0,0
7844838,5,F,C,D,HBACK,3,0,0,0
8853348,2,F,C,D,UTE,2,0,0,0
5016728,3,F,B,B,SEDAN,4,0,0,0
9395055,2,M,F,D,STNWG,4,0,0,0
1369438,5,M,C,D,UTE,2,0,0,0
8961170,1,M,A,C,SEDAN,3,0,0,0
3319035,4,M,B,C,HBACK,4,0,0,0
970765,5,F,B,D,HBACK,1,0,0,0
599667,1,F,A,D,SEDAN,1,0,0,0
3338482,1,F,A,B,HBACK,1,0,0,0
9814676,4,M,D,D,SEDAN,2,0,0,0
9219560,6,F,D,D,HBACK,4,1,1,1716.357254
4263627,6,M,E,B,HBACK,3,0,0,0
4088956,1,M,F,B,SEDAN,2,1,1,3434.679993
3812831,1,F,B,B,HBACK,4,0,0,0
6577068,5,M,A,D,STNWG,4,0,0,0
3375905,4,M,A,D,UTE,2,0,0,0
4171849,4,M,B,C,SEDAN,4,1,1,723
2293596,3,F,C,D,SEDAN,3,0,0,0
496200,6,F,C,D,SEDAN,3,0,0,0
6846350,3,F,A,B,HBACK,2,0,0,0
1887785,3,M,A,D,STNWG,3,0,0,0
4202453,4,F,D,C,HBACK,4,0,0,0
100890,2,F,D,D,HBACK,4,0,0,0
8203716,4,F,C,D,STNWG,3,0,0,0
6015149,4,F,C,B,HBACK,4,0,0,0
42521,1,M,C,D,STNWG,3,0,0,0
8185237,3,F,C,D,UTE,4,0,0,0
8763621,2,F,E,D,HBACK,4,0,0,0
4297741,2,M,B,B,HBACK,2,0,0,0
2479339,4,M,B,B,HBACK,1,0,0,0
688877,5,M,E,C,UTE,4,0,0,0
3932610,5,M,E,B,SEDAN,3,0,0,0
1875030,5,F,B,D,SEDAN,3,1,1,721.1499996
6626045,3,M,D,C,STNWG,4,0,0,0
4736357,3,F,D,C,STNWG,4,0,0,0
530875,2,F,C,D,HBACK,4,1,1,2438.579994
9744483,5,F,C,D,SEDAN,3,0,0,0
7580403,5,M,B,B,HBACK,4,1,1,472.7299995
2388382,4,F,A,D,HBACK,3,0,0,0
622579,2,M,A,C,SEDAN,4,0,0,0
693863,3,F,C,D,SEDAN,4,0,0,0
3275615,5,M,C,C,STNWG,1,0,0,0
1502255,2,M,C,D,HBACK,2,0,0,0
301592,6,M,D,C,PANVN,4,0,0,0
6530153,1,F,B,B,HBACK,4,0,0,0
4789394,1,F,C,D,HBACK,3,0,0,0
7310386,3,F,C,B,SEDAN,2,0,0,0
1677586,2,F,A,C,SEDAN,4,0,0,0
4190770,5,F,C,C,STNWG,1,0,0,0
5504143,6,F,C,B,SEDAN,3,0,0,0
7641698,4,M,D,B,HBACK,2,1,1,1753.179997
8321739,4,M,D,D,UTE,3,0,0,0
7153128,1,M,A,D,HBACK,2,0,0,0
5694296,5,F,B,D,SEDAN,2,0,0,0
4921554,2,M,A,B,HBACK,3,0,0,0
7865902,5,M,B,C,SEDAN,4,0,0,0
3182627,2,F,C,B,SEDAN,4,0,0,0
1434459,3,F,A,C,STNWG,3,0,0,0
8775880,5,F,E,D,HBACK,3,0,0,0
1091976,2,F,A,B,HBACK,3,0,0,0
8761690,4,F,A,B,SEDAN,2,0,0,0
4351731,4,F,E,B,HBACK,2,0,0,0
3611247,1,F,E,B,HBACK,2,0,0,0
5998710,2,M,F,D,TRUCK,3,0,0,0
3210820,4,M,D,D,UTE,2,0,0,0
9404271,2,F,D,D,STNWG,1,0,0,0
1992181,3,F,C,D,HBACK,2,0,0,0
8534643,6,F,C,D,SEDAN,1,0,0,0
4690330,5,M,C,D,SEDAN,3,0,0,0
4684394,6,M,A,D,HBACK,2,0,0,0
418580,6,M,A,B,SEDAN,1,0,0,0
456043,3,M,D,B,HBACK,4,0,0,0
539504,3,M,A,C,HBACK,4,0,0,0
9740275,3,M,A,D,PANVN,4,1,1,1470
4728574,6,F,C,D,HBACK,4,0,0,0
3953881,3,F,B,C,STNWG,1,0,0,0
8787789,4,F,A,B,HBACK,4,0,0,0
676975,2,F,C,B,SEDAN,2,0,0,0
6296433,4,F,A,B,STNWG,2,0,0,0
106401,4,F,D,D,SEDAN,1,0,0,0
2061913,5,M,C,D,SEDAN,3,0,0,0
6469251,2,M,D,C,STNWG,2,0,0,0
407217,4,F,B,B,HBACK,1,0,0,0
6432645,6,M,A,D,SEDAN,4,0,0,0
6306490,3,F,C,D,SEDAN,3,0,0,0
1966343,4,F,C,D,HDTOP,3,0,0,0
5964830,4,F,C,B,SEDAN,2,0,0,0
7816443,1,F,D,C,STNWG,1,0,0,0
5319524,3,F,C,B,HBACK,3,0,0,0
7427643,2,M,F,C,UTE,1,1,1,200
6777171,1,M,C,D,STNWG,3,0,0,0
1359727,1,F,B,B,SEDAN,3,0,0,0
5347586,3,F,C,B,COUPE,2,0,0,0
2854572,5,F,A,B,HBACK,2,0,0,0
3151140,2,F,A,D,HBACK,3,0,0,0
4067081,2,F,D,D,STNWG,1,0,0,0
4693758,5,F,A,B,HBACK,1,0,0,0
2751431,2,M,B,C,STNWG,1,0,0,0
8394500,3,M,D,C,TRUCK,3,0,0,0
4144665,5,F,D,D,STNWG,1,0,0,0
4259916,3,F,D,B,HBACK,3,0,0,0
6854526,4,F,C,D,STNWG,3,0,0,0
1869686,5,F,D,B,SEDAN,3,0,0,0
2884825,2,M,E,D,STNWG,4,0,0,0
4357694,4,F,A,D,HBACK,3,0,0,0
8872448,5,F,B,C,SEDAN,4,0,0,0
2317584,6,M,D,D,SEDAN,2,0,0,0
9366074,3,F,A,D,STNWG,3,0,0,0
7753597,4,M,C,D,PANVN,4,0,0,0
8393837,2,F,C,B,HBACK,3,0,0,0
1272971,6,M,E,B,HBACK,3,0,0,0
4049566,4,F,C,D,HBACK,2,0,0,0
8742282,4,M,F,D,STNWG,2,0,0,0
7180410,1,M,F,D,STNWG,2,0,0,0
2053275,4,F,E,D,HBACK,4,0,0,0
3372012,3,F,A,D,STNWG,3,0,0,0
7159776,2,F,A,D,SEDAN,3,0,0,0
429416,6,M,A,D,STNWG,2,0,0,0
3905482,5,M,A,D,PANVN,4,0,0,0
1811098,2,F,C,B,HBACK,3,0,0,0
8945159,3,F,C,D,SEDAN,2,0,0,0
4943456,1,M,D,D,SEDAN,4,0,0,0
5217374,4,F,D,D,SEDAN,4,0,0,0
411890,1,M,C,D,SEDAN,3,0,0,0
2421796,1,F,A,B,HBACK,2,0,0,0
2784869,3,M,B,D,SEDAN,4,0,0,0
4324243,5,F,E,D,SEDAN,2,0,0,0
7070895,4,F,D,B,HBACK,3,0,0,0
7264286,3,F,C,B,SEDAN,2,0,0,0
3921462,6,M,D,D,HBACK,4,0,0,0
4526730,5,M,C,B,HBACK,1,1,1,1059.389999
7136627,6,F,C,D,SEDAN,2,0,0,0
790566,2,F,E,D,HBACK,2,0,0,0
7546024,5,M,C,D,SEDAN,1,0,0,0
5898264,4,F,C,A,SEDAN,4,0,0,0
5134909,1,F,C,D,HBACK,4,0,0,0
3503590,2,F,C,D,SEDAN,2,0,0,0
7728160,5,M,C,A,SEDAN,3,1,1,914.8499985
8072393,3,M,D,C,SEDAN,2,0,0,0
7303143,3,M,D,D,SEDAN,3,0,0,0
5886235,4,F,C,D,SEDAN,3,0,0,0
2553576,2,M,A,C,STNWG,3,0,0,0
2429900,3,F,E,D,UTE,2,0,0,0
1316032,1,F,B,C,SEDAN,2,0,0,0
72131,3,F,B,B,HBACK,2,0,0,0
424155,3,M,B,B,HBACK,3,0,0,0
9434747,4,F,A,D,UTE,3,0,0,0
2491445,2,M,F,D,UTE,4,1,1,3354.259995
8103308,1,F,B,B,HBACK,1,0,0,0
6330016,2,M,B,D,STNWG,3,0,0,0
4681830,5,F,B,D,SEDAN,1,0,0,0
301052,6,M,B,D,SEDAN,4,0,0,0
897180,5,M,D,D,SEDAN,2,0,0,0
9131923,1,F,B,B,HBACK,1,0,0,0
9359877,1,F,D,B,HBACK,2,0,0,0
9973621,4,F,E,D,STNWG,2,0,0,0
7169748,2,M,B,C,UTE,3,0,0,0
814708,4,M,A,D,SEDAN,3,0,0,0
2553907,5,M,C,D,STNWG,4,0,0,0
2772863,4,F,C,B,HBACK,2,0,0,0
8511878,5,M,B,D,HBACK,2,0,0,0
7390780,2,F,A,B,HBACK,1,0,0,0
7277220,4,F,C,B,HBACK,1,0,0,0
6057755,4,F,E,D,MIBUS,4,0,0,0
6457183,6,M,D,B,SEDAN,4,0,0,0
3172296,3,F,B,C,HDTOP,4,0,0,0
8727774,3,M,A,B,HBACK,1,1,1,200
3204360,6,M,C,D,STNWG,4,0,0,0
2101157,1,M,A,C,STNWG,4,0,0,0
3761372,4,F,C,D,HBACK,2,0,0,0
2231246,2,F,A,D,SEDAN,3,0,0,0
1530135,2,F,F,D,STNWG,2,0,0,0
8085494,2,M,A,C,UTE,3,1,1,23722.42993
8692135,4,F,C,C,HBACK,3,0,0,0
6874736,3,F,A,D,SEDAN,3,0,0,0
4342291,2,M,B,D,STNWG,2,0,0,0
3945623,4,F,B,A,SEDAN,3,0,0,0
967737,3,M,A,D,STNWG,2,0,0,0
2479553,1,M,A,D,UTE,4,0,0,0
4059317,6,M,A,D,HBACK,2,0,0,0
2521053,4,F,C,D,HBACK,3,0,0,0
1924247,3,M,C,D,SEDAN,4,0,0,0
6846662,2,F,B,B,HBACK,3,0,0,0
5884289,5,M,C,D,SEDAN,4,0,0,0
8601435,5,F,B,C,HBACK,3,0,0,0
2052941,5,M,B,B,HBACK,4,0,0,0
1852900,1,M,F,C,UTE,1,0,0,0
4627677,1,F,A,D,UTE,2,0,0,0
419762,6,M,B,C,HBACK,4,0,0,0
3878422,3,F,A,D,STNWG,3,0,0,0
5697544,3,M,C,B,HBACK,2,0,0,0
4023299,6,M,C,C,STNWG,3,0,0,0
5691702,5,M,E,C,TRUCK,4,0,0,0
4704158,3,F,B,D,SEDAN,2,0,0,0
3627235,2,F,A,D,STNWG,3,0,0,0
3692870,3,M,A,D,HDTOP,2,0,0,0
2142964,1,F,B,D,STNWG,2,0,0,0
3113891,5,M,E,D,STNWG,4,0,0,0
3959210,5,F,D,C,SEDAN,2,0,0,0
6495213,1,M,F,D,UTE,2,0,0,0
547350,1,F,A,B,HBACK,2,0,0,0
2294078,3,M,D,D,STNWG,3,0,0,0
6762828,3,M,F,C,STNWG,1,0,0,0
4354217,6,F,E,D,STNWG,4,0,0,0
900332,2,F,B,B,SEDAN,3,0,0,0
689158,2,M,B,D,HBACK,3,0,0,0
4680183,5,M,A,C,STNWG,3,0,0,0
4062618,3,M,D,D,UTE,3,1,1,18212.26996
3360869,1,M,A,D,SEDAN,3,0,0,0
1823346,3,F,A,D,SEDAN,1,0,0,0
7789476,1,M,C,D,STNWG,2,0,0,0
2490801,5,F,E,C,STNWG,2,1,1,4472.382629
8375979,2,F,A,D,STNWG,1,0,0,0
3874813,6,F,A,D,HBACK,2,0,0,0
2536167,6,F,B,D,SEDAN,1,0,0,0
469841,2,M,C,D,SEDAN,1,0,0,0
7399671,4,M,B,D,STNWG,2,0,0,0
8462475,1,M,E,D,TRUCK,3,0,0,0
4167470,3,F,E,D,SEDAN,1,0,0,0
7029698,3,F,C,B,HBACK,1,0,0,0
3851254,2,M,A,D,STNWG,4,1,1,345
8334529,2,F,F,D,TRUCK,4,0,0,0
9022404,1,F,B,D,SEDAN,1,0,0,0
3640687,4,F,D,B,HBACK,1,0,0,0
2363809,2,F,C,D,UTE,4,0,0,0
2604300,3,F,B,D,HDTOP,4,0,0,0
5886034,4,F,B,D,SEDAN,1,0,0,0
9610660,3,F,D,D,HDTOP,3,0,0,0
2826592,2,F,F,B,HBACK,2,0,0,0
6860478,2,M,C,C,SEDAN,4,0,0,0
1383029,3,F,B,D,STNWG,4,0,0,0
2397002,4,M,B,D,SEDAN,3,0,0,0
7405099,6,F,A,D,HBACK,3,0,0,0
8358964,6,F,A,D,STNWG,4,0,0,0
5685490,3,F,C,D,SEDAN,3,0,0,0
6583198,5,F,B,D,SEDAN,1,0,0,0
157849,5,M,A,D,STNWG,1,0,0,0
8883289,2,M,A,D,HBACK,2,0,0,0
6723909,1,F,C,B,HBACK,2,0,0,0
2256374,4,M,C,C,STNWG,4,0,0,0
900071,5,F,C,B,HBACK,1,0,0,0
6623792,5,M,C,D,SEDAN,3,0,0,0
423152,6,M,B,D,SEDAN,4,0,0,0
1207862,3,M,C,B,HBACK,4,0,0,0
3363326,2,M,C,C,SEDAN,3,0,0,0
1238332,4,M,B,B,HBACK,1,0,0,0
1117389,5,F,B,B,HBACK,1,0,0,0
2528371,2,F,C,B,SEDAN,4,0,0,0
884984,6,F,C,B,HBACK,4,0,0,0
977587,2,F,B,C,UTE,1,0,0,0
9976315,4,F,C,D,SEDAN,3,0,0,0
4080762,4,M,C,B,SEDAN,1,0,0,0
467800,6,F,C,B,SEDAN,2,0,0,0
1150097,2,M,C,D,MIBUS,3,0,0,0
4306312,2,M,C,B,HBACK,1,0,0,0
6862440,3,F,E,C,UTE,1,1,1,4983.829987
2049440,4,F,A,D,HBACK,2,0,0,0
365073,1,F,A,D,STNWG,3,0,0,0
9006728,5,F,C,D,UTE,3,0,0,0
4543197,5,M,B,D,SEDAN,4,0,0,0
4145874,2,M,A,C,STNWG,1,0,0,0
1021939,4,F,E,D,SEDAN,4,0,0,0
9361546,5,F,E,B,HBACK,3,0,0,0
4455157,5,F,A,D,HDTOP,4,0,0,0
4236673,1,M,C,D,UTE,2,0,0,0
7137961,3,M,A,D,HBACK,4,0,0,0
283967,3,M,A,D,SEDAN,3,0,0,0
3787979,4,M,A,D,SEDAN,2,0,0,0
5727412,6,F,C,B,SEDAN,3,0,0,0
2516711,6,F,A,C,HBACK,4,0,0,0
6800229,4,M,C,D,HBACK,4,0,0,0
4193244,2,M,A,C,HBACK,3,0,0,0
9093162,3,M,A,D,HBACK,1,0,0,0
5316740,4,F,C,D,SEDAN,2,0,0,0
3979725,5,F,C,D,SEDAN,2,0,0,0
3943749,3,M,D,D,STNWG,4,0,0,0
1894316,3,F,A,D,HBACK,3,0,0,0
2071600,4,F,B,B,SEDAN,4,0,0,0
4518594,4,M,B,D,SEDAN,3,0,0,0
5331953,2,F,C,B,HBACK,4,0,0,0
3518819,6,F,D,B,SEDAN,1,0,0,0
3218120,3,M,F,D,STNWG,2,0,0,0
2440641,6,M,A,C,SEDAN,3,0,0,0
880904,1,M,C,B,HBACK,3,0,0,0
780923,1,M,E,D,UTE,3,0,0,0
5405199,3,F,E,D,HDTOP,4,0,0,0
6336775,3,M,F,C,STNWG,3,1,1,527.2699995
2784427,6,M,C,B,STNWG,2,0,0,0
1115071,2,M,B,C,SEDAN,4,0,0,0
2387826,1,F,C,D,STNWG,4,0,0,0
3920457,6,F,C,D,HBACK,3,1,1,8347.461792
2261098,4,M,A,D,HBACK,3,0,0,0
4265273,1,F,C,B,HBACK,2,0,0,0
9938985,3,F,C,B,SEDAN,2,0,0,0
6583946,5,M,B,B,STNWG,3,0,0,0
5583194,3,F,B,B,HBACK,2,0,0,0
261875,4,M,C,C,SEDAN,3,0,0,0
9132985,5,M,C,D,SEDAN,4,0,0,0
1275405,4,F,C,B,COUPE,3,0,0,0
7123900,3,F,B,D,SEDAN,4,0,0,0
1532818,1,F,C,B,HBACK,3,0,0,0
1452137,5,M,B,C,STNWG,2,0,0,0
9421945,4,M,C,D,SEDAN,3,0,0,0
412783,2,M,A,C,SEDAN,4,0,0,0
2116350,4,F,D,D,SEDAN,4,0,0,0
101903,2,F,F,C,STNWG,2,0,0,0
2519004,3,F,D,D,SEDAN,3,0,0,0
6922579,5,F,C,C,STNWG,4,0,0,0
6638027,2,F,E,B,HBACK,1,0,0,0
4059747,5,M,C,D,SEDAN,4,0,0,0
8693425,4,M,D,C,UTE,4,0,0,0
5411373,5,M,F,D,UTE,3,0,0,0
9215634,5,F,B,D,HBACK,3,0,0,0
111230,4,F,E,D,STNWG,4,0,0,0
4959538,1,M,F,D,HDTOP,2,0,0,0
9725663,4,F,A,D,SEDAN,4,0,0,0
7559646,2,M,C,D,HBACK,3,0,0,0
9674781,4,M,A,A,SEDAN,3,0,0,0
3566552,5,F,C,D,SEDAN,3,0,0,0
4615864,6,F,D,D,SEDAN,1,0,0,0
7768016,3,F,C,D,UTE,3,0,0,0
7530131,6,F,A,D,HBACK,4,0,0,0
3413887,5,F,B,C,STNWG,1,0,0,0
9736676,6,M,A,B,HBACK,4,0,0,0
3468718,5,M,A,D,SEDAN,1,0,0,0
1140253,3,F,A,D,SEDAN,1,0,0,0
7161709,3,F,C,D,STNWG,3,0,0,0
4102815,4,F,F,D,STNWG,2,0,0,0
4186522,3,F,C,D,SEDAN,3,0,0,0
6101439,3,F,C,D,MIBUS,4,0,0,0
4041958,4,F,C,B,HBACK,3,0,0,0
2112757,2,F,A,B,HBACK,2,0,0,0
9330376,5,F,B,D,SEDAN,3,1,1,1655.639999
3150812,5,F,D,D,SEDAN,3,0,0,0
88760,4,F,A,B,HBACK,1,0,0,0
959650,4,F,C,D,SEDAN,2,0,0,0
5925452,5,M,D,D,SEDAN,2,0,0,0
6131418,4,M,F,C,STNWG,4,0,0,0
172164,5,F,A,D,SEDAN,2,0,0,0
227905,3,F,E,D,STNWG,1,0,0,0
1383825,5,F,C,D,STNWG,3,0,0,0
923771,5,F,C,A,HBACK,2,1,1,947.5499992
9725463,1,F,C,D,HDTOP,4,0,0,0
3923483,3,F,D,B,SEDAN,4,0,0,0
7771051,3,M,C,D,STNWG,2,0,0,0
6223612,6,M,E,C,STNWG,2,0,0,0
4538234,3,F,A,A,STNWG,2,0,0,0
9400896,1,F,B,C,HBACK,4,1,1,369.1499996
1321918,4,M,A,C,STNWG,4,0,0,0
7430533,4,F,C,D,COUPE,4,0,0,0
2945297,2,M,E,D,UTE,4,0,0,0
9468309,3,F,C,D,SEDAN,4,0,0,0
7049535,2,M,C,B,HBACK,3,0,0,0
405476,6,F,B,D,SEDAN,3,0,0,0
887422,2,F,C,B,HBACK,1,0,0,0
8079946,3,F,C,D,SEDAN,2,0,0,0
4449257,5,M,B,B,SEDAN,3,0,0,0
1683899,4,F,E,B,HBACK,3,0,0,0
9154523,1,M,C,D,HBACK,2,1,1,1078.289999
3054352,4,F,F,B,HBACK,2,0,0,0
8161677,5,M,C,D,SEDAN,1,0,0,0
814282,1,F,A,B,SEDAN,1,0,0,0
6976122,4,F,B,B,SEDAN,4,0,0,0
7866987,2,F,C,B,HBACK,1,0,0,0
2791699,1,M,C,B,HBACK,3,0,0,0
4113845,4,M,C,C,STNWG,4,0,0,0
7109506,4,F,C,B,HBACK,1,0,0,0
5312570,2,M,D,D,STNWG,4,0,0,0
424917,3,M,B,D,UTE,3,0,0,0
4686774,5,M,C,D,HBACK,4,0,0,0
7223794,5,M,A,D,SEDAN,3,0,0,0
4478456,6,F,A,D,HBACK,4,0,0,0
1615054,4,F,D,D,HBACK,4,0,0,0
4553802,3,F,A,D,STNWG,2,0,0,0
1679275,3,F,E,D,STNWG,3,0,0,0
2694024,5,M,C,D,SEDAN,2,0,0,0
3519267,5,M,A,D,STNWG,3,0,0,0
7212720,3,F,A,D,STNWG,1,0,0,0
6999892,5,M,B,D,UTE,1,0,0,0
5179946,2,F,E,C,HBACK,3,0,0,0
1770826,1,M,A,D,STNWG,2,1,2,8235.629993
3212281,4,F,C,C,STNWG,1,0,0,0
9329558,1,F,D,C,SEDAN,3,0,0,0
1589167,4,F,A,B,HBACK,3,0,0,0
5404612,4,F,C,D,SEDAN,3,0,0,0
5435574,6,F,C,C,STNWG,1,0,0,0
1009195,5,M,C,D,SEDAN,3,0,0,0
2062492,6,M,C,B,SEDAN,2,0,0,0
9362162,1,F,C,B,SEDAN,4,1,1,4232.319992
2438587,2,M,B,D,HBACK,3,0,0,0
8090842,4,M,C,C,SEDAN,2,0,0,0
5298062,4,F,C,B,SEDAN,3,0,0,0
7951709,3,F,B,D,HDTOP,3,0,0,0
403601,3,M,A,D,STNWG,4,1,1,359.5
6130716,5,M,D,D,SEDAN,4,0,0,0
7784051,3,F,B,B,SEDAN,1,0,0,0
5334230,2,F,A,D,SEDAN,3,0,0,0
1984550,3,F,B,B,HBACK,2,0,0,0
326071,2,M,F,D,UTE,4,0,0,0
6259932,3,M,D,D,STNWG,4,0,0,0
7677328,3,M,C,D,UTE,1,0,0,0
5784148,5,F,B,C,SEDAN,1,0,0,0
5338308,2,M,C,D,HDTOP,4,0,0,0
5727771,2,F,B,D,HBACK,4,0,0,0
7372797,1,M,D,C,STNWG,3,0,0,0
4898850,5,M,A,D,HBACK,4,0,0,0
9413795,5,M,B,D,SEDAN,3,0,0,0
5761019,3,M,C,D,UTE,3,0,0,0
4547579,1,M,B,D,SEDAN,4,0,0,0
3709709,4,F,C,C,SEDAN,1,0,0,0
2554948,3,M,C,D,PANVN,4,0,0,0
8307505,2,F,A,D,SEDAN,4,0,0,0
804300,1,M,A,D,UTE,1,0,0,0
8123211,3,F,A,D,HBACK,2,0,0,0
1353294,4,M,B,D,HBACK,2,0,0,0
900194,3,M,F,D,SEDAN,3,0,0,0
5043206,3,F,F,D,UTE,3,0,0,0
4304288,5,M,D,B,SEDAN,3,1,1,520.6799927
709371,5,F,A,D,HBACK,2,0,0,0
7411046,4,F,A,D,SEDAN,3,0,0,0
3249400,1,M,B,D,SEDAN,2,0,0,0
8058851,1,F,B,B,HBACK,2,0,0,0
7122211,4,F,D,D,SEDAN,1,0,0,0
8748217,2,F,F,B,HBACK,1,0,0,0
5854397,4,M,C,D,SEDAN,4,0,0,0
4546251,4,M,E,D,STNWG,4,0,0,0
7590507,3,F,D,D,STNWG,4,0,0,0
4253815,2,M,E,D,STNWG,1,0,0,0
9377781,5,M,D,D,SEDAN,1,1,1,1740.419998
1398653,6,M,A,D,SEDAN,1,0,0,0
9981234,3,F,E,B,STNWG,2,0,0,0
2974201,3,M,C,B,HBACK,1,0,0,0
5428023,3,M,B,B,COUPE,4,1,1,200
7221204,5,M,B,C,SEDAN,1,0,0,0
5028479,3,M,E,B,HBACK,3,0,0,0
6298470,4,F,F,C,STNWG,4,0,0,0
9240784,5,M,B,C,STNWG,4,0,0,0
3474627,6,F,B,D,SEDAN,4,1,1,367.7299995
9743815,3,F,C,D,SEDAN,2,0,0,0
6598292,4,M,A,C,STNWG,2,0,0,0
1259234,3,F,A,C,STNWG,2,0,0,0
4347239,6,M,A,B,SEDAN,2,0,0,0
827720,1,F,E,C,STNWG,1,0,0,0
167237,4,M,D,D,SEDAN,3,0,0,0
1880591,4,M,B,D,STNWG,3,1,1,3938.859993
6069578,4,M,A,B,STNWG,1,0,0,0
5916424,1,M,D,D,SEDAN,3,0,0,0
3538127,3,M,C,D,STNWG,3,0,0,0
2717916,6,F,B,D,STNWG,3,1,1,1331.41
4547650,3,F,C,D,HDTOP,4,0,0,0
8524917,6,F,A,D,SEDAN,3,0,0,0
9842920,5,F,B,C,STNWG,4,0,0,0
256350,1,M,A,C,STNWG,4,0,0,0
3873292,5,F,C,B,HBACK,4,0,0,0
8583271,2,M,A,B,HBACK,2,0,0,0
1664202,2,F,C,B,SEDAN,2,0,0,0
3332311,6,M,C,D,SEDAN,3,0,0,0
7229352,3,F,A,D,HBACK,1,0,0,0
508911,2,F,D,D,TRUCK,3,0,0,0
6625119,2,F,A,B,HBACK,3,0,0,0
7602797,6,M,A,C,SEDAN,3,0,0,0
9014588,2,M,C,C,SEDAN,3,0,0,0
537683,3,M,D,B,SEDAN,3,0,0,0
1262582,3,M,B,D,UTE,3,0,0,0
3593009,6,M,A,D,HBACK,2,0,0,0
8817367,4,M,D,D,SEDAN,3,0,0,0
4509243,4,F,A,C,SEDAN,3,0,0,0
6224313,4,M,B,D,SEDAN,3,0,0,0
613924,4,F,F,D,SEDAN,4,0,0,0
4731602,6,F,C,B,HBACK,3,0,0,0
5281132,4,M,D,C,STNWG,1,0,0,0
6101709,4,M,B,D,SEDAN,2,0,0,0
2494564,2,F,E,D,STNWG,3,0,0,0
8204189,5,F,A,B,SEDAN,3,0,0,0
2770317,2,F,A,D,HBACK,3,0,0,0
3056213,6,F,B,C,STNWG,1,0,0,0
8061138,4,F,C,D,SEDAN,4,0,0,0
7716254,3,F,C,B,HBACK,1,0,0,0
8995182,5,M,C,C,STNWG,4,0,0,0
4832392,2,F,E,C,STNWG,2,0,0,0
4268124,2,F,B,C,SEDAN,4,0,0,0
3014460,1,F,B,D,HBACK,4,0,0,0
7482169,4,F,F,D,STNWG,3,0,0,0
3509599,3,F,C,C,STNWG,1,0,0,0
1559311,1,M,E,D,TRUCK,2,1,1,4547.649994
6854112,3,F,C,D,SEDAN,4,1,1,4469.75
6156704,4,M,B,C,STNWG,3,0,0,0
5742061,4,F,A,B,HBACK,3,0,0,0
2057239,2,F,A,D,SEDAN,3,0,0,0
4429124,2,F,A,B,HBACK,1,0,0,0
4097909,1,M,C,C,UTE,3,0,0,0
8764763,3,F,C,C,STNWG,2,0,0,0
6487047,5,F,B,D,HBACK,4,0,0,0
7469407,2,M,D,D,STNWG,1,0,0,0
408272,5,M,C,D,SEDAN,3,0,0,0
1321456,6,M,C,D,HBACK,2,0,0,0
4637002,2,F,B,D,STNWG,2,1,1,226.69
1336960,3,F,A,B,HBACK,3,0,0,0
6143749,4,M,B,D,HBACK,4,0,0,0
2494051,6,M,E,D,UTE,3,0,0,0
1967739,3,M,C,C,COUPE,1,0,0,0
1212414,6,M,F,D,STNWG,1,0,0,0
2335513,2,F,B,D,HBACK,2,0,0,0
7013255,5,M,B,D,SEDAN,2,0,0,0
806259,5,F,D,D,HBACK,2,0,0,0
3624178,6,F,C,D,SEDAN,4,0,0,0
1193762,3,F,B,A,SEDAN,4,0,0,0
6858312,4,M,F,D,STNWG,1,0,0,0
1986185,3,F,E,D,STNWG,4,0,0,0
7474526,4,F,C,C,SEDAN,4,0,0,0
8971814,3,F,C,B,HBACK,2,0,0,0
1148413,3,M,C,C,SEDAN,3,0,0,0
7470019,6,F,B,D,HBACK,1,0,0,0
9118930,3,M,D,C,UTE,4,0,0,0
5235549,2,F,B,D,SEDAN,3,0,0,0
9861543,5,F,C,D,HBACK,2,0,0,0
8294402,6,M,D,D,STNWG,1,0,0,0
9744834,4,M,E,B,HBACK,3,0,0,0
4587666,2,M,A,B,HBACK,3,0,0,0
5284962,1,F,A,B,HBACK,3,0,0,0
834912,2,F,D,C,SEDAN,3,0,0,0
9065135,3,F,C,C,SEDAN,2,0,0,0
9409929,1,F,A,D,STNWG,4,0,0,0
3879296,5,F,E,D,SEDAN,2,0,0,0
321093,5,F,B,D,TRUCK,1,0,0,0
8095885,6,M,A,C,SEDAN,2,0,0,0
3665352,5,M,C,D,STNWG,3,0,0,0
4734257,3,F,B,D,HBACK,4,0,0,0
6130638,3,M,B,D,MIBUS,4,0,0,0
5360857,3,M,C,B,HBACK,3,0,0,0
3293926,3,F,D,D,STNWG,4,0,0,0
9117765,4,F,A,D,HDTOP,2,1,1,1587.699989
2439117,3,M,E,C,STNWG,3,0,0,0
9106463,3,F,A,D,MIBUS,4,0,0,0
429788,3,M,B,B,HBACK,2,0,0,0
6804203,2,M,C,C,STNWG,1,0,0,0
5278719,5,F,D,C,SEDAN,1,0,0,0
4282694,6,F,A,D,SEDAN,2,0,0,0
3801891,3,F,A,D,HBACK,4,0,0,0
2671308,1,F,C,D,STNWG,3,0,0,0
3090235,2,F,B,D,HBACK,4,0,0,0
8873078,4,F,B,D,STNWG,2,0,0,0
6800158,5,F,D,D,STNWG,3,0,0,0
9639011,2,F,C,B,SEDAN,1,0,0,0
6357603,2,F,A,D,UTE,4,0,0,0
9608001,3,F,B,B,STNWG,2,0,0,0
1016448,4,F,D,D,SEDAN,2,0,0,0
2383158,1,F,B,C,HBACK,4,1,1,200
5886129,5,M,A,D,HBACK,2,0,0,0
5877597,3,M,C,D,STNWG,1,0,0,0
5524801,4,F,C,C,SEDAN,4,0,0,0
3705780,3,M,B,D,TRUCK,4,0,0,0
1010750,3,F,C,B,SEDAN,4,0,0,0
9557377,3,F,C,D,SEDAN,4,0,0,0
2663931,5,M,C,B,STNWG,1,0,0,0
2356868,2,F,A,D,STNWG,4,0,0,0
7892464,2,M,C,D,HDTOP,3,0,0,0
9469367,3,F,E,C,STNWG,4,0,0,0
6498912,4,F,D,C,STNWG,3,0,0,0
4265950,5,F,A,D,UTE,4,0,0,0
8396036,2,M,C,A,STNWG,2,0,0,0
8076672,3,F,F,D,STNWG,2,0,0,0
2963183,5,M,D,D,SEDAN,3,0,0,0
2528367,3,F,D,B,HBACK,3,0,0,0
4059519,5,M,D,D,SEDAN,2,0,0,0
4062436,5,M,B,D,SEDAN,4,0,0,0
2479699,3,F,D,D,STNWG,4,0,0,0
8311131,4,M,C,D,TRUCK,3,1,1,6944.299988
6630019,3,F,C,C,HBACK,2,0,0,0
9980949,2,F,A,D,SEDAN,3,0,0,0
3638362,3,F,A,B,SEDAN,3,0,0,0
492288,6,F,E,D,SEDAN,4,0,0,0
2088385,4,F,C,B,HBACK,3,0,0,0
3274775,5,F,B,C,STNWG,3,0,0,0
8464990,5,F,C,B,HBACK,1,1,1,200
203906,2,F,D,D,UTE,2,0,0,0
1602406,3,M,D,D,STNWG,2,0,0,0
6408967,3,F,D,C,STNWG,4,0,0,0
5134533,3,F,C,B,SEDAN,3,0,0,0
1734518,2,F,E,B,STNWG,3,0,0,0
5333501,5,M,C,D,SEDAN,2,0,0,0
1372412,5,F,C,B,SEDAN,2,0,0,0
4072616,3,M,A,B,HBACK,1,0,0,0
2654137,2,F,B,B,SEDAN,3,0,0,0
4274857,5,F,A,C,STNWG,1,1,1,670.9199991
1255783,4,M,A,D,SEDAN,4,0,0,0
9913337,3,M,C,D,STNWG,1,0,0,0
41339,5,F,A,C,SEDAN,4,0,0,0
7976419,6,F,A,B,HBACK,2,0,0,0
1204048,5,F,A,C,SEDAN,3,0,0,0
7946435,4,F,C,D,SEDAN,3,0,0,0
5447317,3,M,A,B,HBACK,1,1,1,200
1197521,3,F,F,D,STNWG,4,0,0,0
6627310,2,M,D,D,STNWG,4,0,0,0
4342098,2,F,A,C,SEDAN,3,0,0,0
3023110,1,F,C,B,HBACK,2,0,0,0
75864,1,F,A,B,HBACK,2,0,0,0
7395792,1,M,A,B,HBACK,2,0,0,0
857636,5,F,E,D,SEDAN,2,0,0,0
4266040,3,F,B,D,STNWG,4,0,0,0
6013807,2,M,F,C,STNWG,3,0,0,0
106421,6,M,A,B,SEDAN,2,0,0,0
5860357,3,F,F,C,STNWG,3,0,0,0
199173,2,M,F,D,STNWG,4,0,0,0
6727045,4,F,D,D,UTE,4,0,0,0
5739466,6,M,A,D,SEDAN,2,0,0,0
7542056,5,M,A,D,SEDAN,3,0,0,0
3674246,6,F,A,D,HBACK,2,0,0,0
1915605,5,F,B,D,SEDAN,4,0,0,0
3522173,2,F,E,D,STNWG,4,0,0,0
6778499,3,M,C,B,HBACK,1,0,0,0
7228351,3,F,D,B,HBACK,3,0,0,0
1832242,5,F,B,D,SEDAN,3,0,0,0
1159210,5,F,B,D,HBACK,1,0,0,0
1677220,2,M,A,D,STNWG,4,0,0,0
7819640,4,M,D,D,TRUCK,3,0,0,0
5214368,5,M,B,D,HBACK,1,0,0,0
1609586,4,M,B,D,HBACK,2,0,0,0
1058264,5,F,B,D,HBACK,2,0,0,0
7144355,5,F,A,C,HBACK,4,0,0,0
7144757,4,M,B,D,HBACK,2,0,0,0
2482293,3,M,A,D,PANVN,4,0,0,0
1146892,2,M,B,C,HBACK,4,1,1,4779.789993
2286953,4,F,E,B,HBACK,2,0,0,0
9994688,4,M,D,C,STNWG,4,0,0,0
8037659,4,M,D,D,SEDAN,2,0,0,0
5372677,3,F,C,B,COUPE,2,0,0,0
5449407,3,F,C,B,HBACK,2,1,1,1867.789997
8775750,1,M,B,D,SEDAN,4,1,1,567.5
5228092,4,F,B,C,SEDAN,1,0,0,0
1761361,4,F,A,D,SEDAN,4,0,0,0
8155847,5,F,C,C,SEDAN,2,0,0,0
899272,3,F,C,B,HBACK,2,0,0,0
682711,6,F,B,D,HBACK,4,0,0,0
4479418,4,M,B,C,STNWG,4,0,0,0
823281,3,M,B,D,SEDAN,4,0,0,0
4521808,3,F,A,B,HBACK,3,0,0,0
2056731,5,M,C,D,SEDAN,3,0,0,0
1875021,2,F,C,C,HBACK,4,0,0,0
7120884,4,F,C,B,HBACK,1,0,0,0
6531613,5,F,C,D,SEDAN,2,0,0,0
6495272,4,F,C,D,SEDAN,4,0,0,0
6938496,4,M,A,C,STNWG,2,0,0,0
6793015,6,M,C,B,HBACK,3,0,0,0
6002259,4,F,A,C,STNWG,1,0,0,0
9979625,1,F,A,B,HBACK,4,0,0,0
4048467,1,F,D,B,HBACK,1,0,0,0
1309240,4,F,D,C,STNWG,4,0,0,0
5679603,3,M,A,B,HBACK,1,0,0,0
1033130,1,M,D,D,UTE,2,1,1,2067.32
7010549,2,F,A,D,SEDAN,3,0,0,0
6240320,1,F,A,D,HDTOP,4,0,0,0
5103082,3,M,B,C,HBACK,4,0,0,0
3684476,1,F,A,D,STNWG,1,0,0,0
4450036,2,M,F,D,STNWG,1,0,0,0
6228919,2,M,E,D,STNWG,3,0,0,0
263469,3,F,D,C,STNWG,3,0,0,0
5450793,5,F,C,D,SEDAN,1,0,0,0
6937085,5,F,A,D,HBACK,2,0,0,0
6871716,6,F,E,D,SEDAN,3,0,0,0
5541652,1,M,A,D,HBACK,1,0,0,0
5459438,3,M,D,C,STNWG,4,0,0,0
2165621,3,F,C,A,SEDAN,4,0,0,0
305161,5,F,E,B,HBACK,2,0,0,0
8321141,3,M,D,B,SEDAN,3,0,0,0
444449,5,M,F,B,SEDAN,1,0,0,0
2664135,6,F,A,D,HBACK,4,0,0,0
1263618,3,F,D,D,MIBUS,4,0,0,0
6735722,6,M,C,D,SEDAN,2,1,1,574.5799999
3928680,5,F,D,B,HBACK,2,0,0,0
5391942,6,F,A,D,HBACK,4,0,0,0
4574529,3,F,E,D,STNWG,3,0,0,0
5335333,5,F,C,B,HBACK,3,0,0,0
7426157,4,M,B,D,SEDAN,2,0,0,0
6117160,2,F,A,D,HBACK,1,0,0,0
825459,2,M,B,C,UTE,2,0,0,0
5007797,1,F,A,D,SEDAN,4,0,0,0
8811999,2,M,F,D,STNWG,2,0,0,0
5206790,5,M,A,D,STNWG,1,0,0,0
1566229,4,M,F,C,UTE,1,0,0,0
6068687,4,F,C,D,HBACK,4,0,0,0
5477528,1,M,F,D,STNWG,3,0,0,0
1232067,2,M,A,D,UTE,2,0,0,0
8333728,4,M,A,B,HBACK,4,0,0,0
4134296,3,M,D,C,STNWG,3,0,0,0
7676140,3,F,C,D,HBACK,3,0,0,0
6730003,6,M,C,B,SEDAN,3,0,0,0
9559564,3,F,C,D,SEDAN,2,0,0,0
6429334,6,M,C,D,SEDAN,1,0,0,0
3205018,2,F,C,B,HBACK,1,0,0,0
421391,5,M,F,D,UTE,4,0,0,0
4551556,6,F,A,B,SEDAN,3,0,0,0
3160842,1,F,C,C,SEDAN,2,0,0,0
8344874,5,F,D,D,UTE,1,0,0,0
2054288,4,M,A,D,STNWG,4,0,0,0
1139492,2,F,B,D,SEDAN,2,0,0,0
119787,5,F,A,D,HBACK,4,0,0,0
9134442,5,F,B,C,SEDAN,2,0,0,0
3392519,3,F,C,D,UTE,2,0,0,0
3230547,1,F,D,D,HBACK,1,0,0,0
5000918,5,F,C,B,SEDAN,2,0,0,0
6632434,2,F,B,D,SEDAN,4,0,0,0
9209457,6,M,A,C,STNWG,3,0,0,0
9822794,2,M,A,D,HBACK,2,0,0,0
8394985,5,F,C,D,SEDAN,2,0,0,0
3186070,1,M,D,C,HDTOP,4,0,0,0
2062611,4,F,D,B,SEDAN,3,0,0,0
1684438,3,M,A,D,SEDAN,3,0,0,0
4700596,4,M,C,B,HBACK,3,0,0,0
5074746,4,F,D,D,HBACK,2,0,0,0
2343966,4,M,E,D,HBACK,1,0,0,0
4543485,4,F,B,D,SEDAN,4,0,0,0
6990070,3,F,A,B,SEDAN,3,0,0,0
9701868,5,F,D,D,STNWG,2,1,1,389.9499998
4123140,1,F,C,D,STNWG,1,0,0,0
1882730,3,F,C,D,SEDAN,2,0,0,0
4350479,5,F,A,D,SEDAN,2,0,0,0
9440663,6,M,E,C,STNWG,4,1,2,892.8599992
5464527,4,F,C,B,STNWG,2,0,0,0
5331961,2,M,C,D,SEDAN,2,0,0,0
7948659,4,F,C,C,STNWG,4,0,0,0
7549812,5,F,C,D,SEDAN,3,0,0,0
6071408,5,F,E,C,STNWG,1,0,0,0
1921943,6,F,C,B,HBACK,2,0,0,0
7122605,3,F,A,C,HBACK,3,1,1,4193.641808
1546664,1,F,C,D,HBACK,2,0,0,0
5985991,5,M,C,D,HBACK,3,0,0,0
8411905,2,M,C,D,SEDAN,3,0,0,0
3914224,5,M,C,C,STNWG,2,0,0,0
5246803,4,F,A,B,HBACK,3,0,0,0
6133159,2,M,C,D,UTE,3,0,0,0
4754751,3,M,C,D,SEDAN,4,0,0,0
9750259,2,F,C,D,HBACK,2,0,0,0
3393000,5,M,A,B,SEDAN,1,0,0,0
8819268,2,F,B,D,STNWG,2,1,1,262.0200005
3031696,4,F,B,D,HBACK,4,0,0,0
5925854,6,M,C,D,HBACK,4,0,0,0
5925653,4,M,B,D,SEDAN,4,0,0,0
3323441,4,M,A,D,HDTOP,2,0,0,0
5824887,2,F,A,D,SEDAN,2,0,0,0
1913261,4,F,C,D,SEDAN,2,0,0,0
2706708,3,F,F,D,UTE,1,0,0,0
4062754,4,F,B,B,HBACK,2,0,0,0
150659,1,F,F,D,STNWG,1,0,0,0
7785669,6,M,E,D,SEDAN,2,0,0,0
2962187,4,F,C,B,HBACK,3,0,0,0
8629263,3,M,A,D,STNWG,1,0,0,0
9730432,1,F,B,D,SEDAN,3,0,0,0
45188,3,F,D,C,STNWG,1,0,0,0
7998794,3,M,E,D,PANVN,2,0,0,0
9445343,3,F,C,D,STNWG,2,0,0,0
3946278,1,F,B,D,UTE,3,0,0,0
838456,3,M,C,B,SEDAN,3,0,0,0
2057404,3,M,F,C,HDTOP,4,0,0,0
4257303,4,F,B,A,SEDAN,3,0,0,0
9864620,3,F,C,D,SEDAN,4,0,0,0
8729274,4,F,D,C,STNWG,2,0,0,0
106039,5,F,C,D,STNWG,1,0,0,0
3878594,3,F,C,B,HBACK,1,0,0,0
775925,4,F,C,C,STNWG,2,0,0,0
7765194,1,F,C,D,SEDAN,2,0,0,0
6081636,2,F,B,B,STNWG,1,0,0,0
8496806,5,F,B,D,STNWG,3,0,0,0
3924334,4,M,C,D,SEDAN,2,0,0,0
1464187,3,F,A,C,SEDAN,4,0,0,0
5136328,4,F,B,D,SEDAN,3,0,0,0
4330979,1,M,E,C,TRUCK,4,0,0,0
6925766,1,M,E,D,PANVN,4,0,0,0
7912474,3,F,B,C,SEDAN,1,0,0,0
1887885,4,F,D,D,UTE,4,0,0,0
6242244,2,F,C,B,HBACK,3,0,0,0
8745024,6,M,B,B,HBACK,1,0,0,0
2602480,2,F,E,C,TRUCK,2,1,1,408.9499998
5519199,6,M,C,D,SEDAN,2,0,0,0
3479651,3,M,C,D,STNWG,4,0,0,0
1955069,3,F,A,D,STNWG,3,0,0,0
3474095,5,M,E,D,STNWG,3,0,0,0
7672192,4,M,A,B,SEDAN,3,0,0,0
3921734,5,M,C,D,SEDAN,2,0,0,0
3479997,6,F,A,B,HBACK,2,0,0,0
9223246,5,F,A,C,STNWG,1,0,0,0
2512473,3,F,C,B,HBACK,2,0,0,0
2724876,5,M,C,B,HBACK,4,0,0,0
4699238,3,M,B,D,MIBUS,4,0,0,0
6171068,4,F,C,D,SEDAN,3,0,0,0
3202678,5,M,E,B,STNWG,3,0,0,0
4332338,3,F,B,B,SEDAN,4,0,0,0
2792043,4,M,B,D,SEDAN,3,0,0,0
5429324,6,F,E,B,SEDAN,3,0,0,0
482767,5,M,C,D,UTE,3,0,0,0
8270642,3,M,C,D,STNWG,3,0,0,0
2552177,6,F,A,C,STNWG,4,0,0,0
8159077,5,F,C,D,SEDAN,2,0,0,0
6855854,3,F,A,B,COUPE,3,0,0,0
4322143,4,F,C,D,HBACK,4,0,0,0
690321,2,F,C,C,SEDAN,3,0,0,0
6351000,3,F,D,C,HBACK,2,0,0,0
7441019,4,M,E,B,SEDAN,3,0,0,0
9412692,5,M,D,D,UTE,4,0,0,0
1258269,4,F,C,D,SEDAN,3,0,0,0
2358889,4,M,C,D,MIBUS,4,0,0,0
4192189,5,M,D,D,HBACK,1,0,0,0
8073124,5,M,D,D,TRUCK,4,0,0,0
5481626,4,F,C,B,SEDAN,2,0,0,0
3500614,2,F,C,D,STNWG,3,0,0,0
6134369,4,F,C,D,SEDAN,2,0,0,0
1046223,3,F,F,B,STNWG,3,0,0,0
6969024,5,M,F,C,TRUCK,3,0,0,0
3925678,6,F,A,D,HBACK,4,0,0,0
4604971,2,M,B,D,HBACK,2,0,0,0
8205396,4,M,E,D,STNWG,4,0,0,0
3563144,3,F,C,B,HBACK,2,0,0,0
1345659,3,F,E,C,UTE,3,0,0,0
6628387,3,M,C,D,SEDAN,4,0,0,0
5344612,4,F,E,D,STNWG,3,0,0,0
2605403,3,F,D,C,STNWG,4,0,0,0
7672358,4,F,A,D,SEDAN,3,0,0,0
8078530,2,M,C,C,STNWG,4,0,0,0
9161065,2,M,C,D,STNWG,3,0,0,0
5984036,5,M,A,D,SEDAN,2,0,0,0
5284658,5,M,D,D,UTE,3,0,0,0
7558052,6,F,B,B,SEDAN,3,0,0,0
7855366,4,F,C,D,STNWG,1,0,0,0
7440548,2,F,C,A,SEDAN,4,0,0,0
6839182,4,F,A,D,SEDAN,2,0,0,0
7031647,2,M,A,D,UTE,4,0,0,0
539130,5,M,E,C,UTE,1,0,0,0
8421911,6,M,D,C,HBACK,2,0,0,0
8294611,4,F,B,D,UTE,1,0,0,0
3110641,2,F,C,D,SEDAN,3,0,0,0
7187537,2,F,A,B,HBACK,1,0,0,0
1320263,1,F,C,D,STNWG,1,0,0,0
9735869,4,F,D,D,SEDAN,3,0,0,0
6641162,2,F,A,D,SEDAN,2,0,0,0
6460288,5,F,B,B,HBACK,2,0,0,0
539713,5,F,C,C,SEDAN,4,0,0,0
5965925,4,F,C,B,HBACK,2,0,0,0
5438628,4,M,A,D,SEDAN,4,0,0,0
782018,5,M,B,D,UTE,4,0,0,0
8874540,5,F,C,D,SEDAN,3,0,0,0
3670715,2,F,A,B,HBACK,2,0,0,0
4052658,2,M,C,C,UTE,4,0,0,0
2450809,2,F,A,B,HBACK,3,0,0,0
456662,2,M,B,D,HBACK,4,0,0,0
2462000,4,F,B,D,STNWG,2,0,0,0
2032703,2,F,B,B,STNWG,3,0,0,0
980159,6,M,B,B,HBACK,1,0,0,0
1878659,2,F,B,D,SEDAN,3,0,0,0
826153,1,M,A,B,HBACK,3,0,0,0
9192493,3,M,A,D,SEDAN,2,0,0,0
6796281,3,M,E,D,STNWG,1,0,0,0
1422295,5,F,C,C,SEDAN,1,0,0,0
6659252,4,F,C,C,STNWG,2,0,0,0
1437946,4,F,D,C,SEDAN,4,0,0,0
9170732,5,M,B,D,SEDAN,3,0,0,0
9287000,3,F,C,D,SEDAN,2,0,0,0
7939763,4,F,D,B,SEDAN,3,0,0,0
6111804,5,F,C,D,UTE,3,0,0,0
4269294,5,F,B,D,SEDAN,3,0,0,0
4165603,1,F,B,D,HBACK,4,0,0,0
228074,6,F,D,C,STNWG,1,0,0,0
7473403,2,F,A,D,HBACK,2,0,0,0
7521522,4,M,A,D,HDTOP,2,0,0,0
4192338,2,F,C,C,SEDAN,3,0,0,0
3781046,1,F,A,B,STNWG,3,0,0,0
8476826,5,F,C,D,HBACK,3,0,0,0
1687068,5,F,A,B,HBACK,2,0,0,0
5314259,1,F,C,B,HBACK,2,0,0,0
3211001,4,M,A,D,SEDAN,3,1,1,202.5355001
467808,4,M,B,B,SEDAN,2,0,0,0
6163670,6,F,A,D,SEDAN,2,0,0,0
9606555,5,M,B,D,PANVN,1,0,0,0
6280430,1,F,D,D,SEDAN,3,0,0,0
5283523,5,F,A,C,HBACK,4,0,0,0
1801210,3,F,D,D,STNWG,1,0,0,0
9281341,2,F,B,D,HBACK,1,0,0,0
3933035,6,F,B,D,SEDAN,3,0,0,0
926309,3,F,A,A,STNWG,2,0,0,0
8681908,2,M,C,D,UTE,4,0,0,0
3060870,2,F,A,B,SEDAN,4,0,0,0
5476475,5,F,C,D,SEDAN,3,0,0,0
9323666,4,M,A,D,STNWG,3,0,0,0
857073,6,F,D,D,HBACK,2,0,0,0
3333607,3,M,C,C,SEDAN,3,0,0,0
2461789,1,F,C,D,PANVN,3,0,0,0
5493901,4,M,B,D,SEDAN,2,0,0,0
1933654,6,F,E,C,SEDAN,2,0,0,0
9704468,4,F,F,D,UTE,4,0,0,0
7060371,3,F,B,D,STNWG,3,1,3,7797.789986
7139042,5,F,C,C,STNWG,2,0,0,0
1853992,5,M,A,D,SEDAN,3,0,0,0
2553217,2,M,E,C,STNWG,2,0,0,0
6233710,3,M,B,B,SEDAN,3,0,0,0
4558265,2,M,A,C,STNWG,3,0,0,0
8504259,5,M,A,D,UTE,3,0,0,0
6060958,2,F,B,C,HBACK,3,0,0,0
8814996,6,F,A,D,SEDAN,3,0,0,0
2418730,2,F,B,B,HBACK,3,0,0,0
7118913,4,F,B,D,SEDAN,1,0,0,0
5350339,4,F,B,B,HBACK,1,0,0,0
6489524,6,M,A,D,SEDAN,1,0,0,0
7551453,5,M,E,D,UTE,3,0,0,0
7886634,1,M,F,D,UTE,4,0,0,0
3846042,2,M,F,C,STNWG,4,0,0,0
4340132,4,M,D,B,STNWG,2,0,0,0
6063585,5,F,A,D,STNWG,3,0,0,0
5887685,5,F,B,D,HBACK,2,0,0,0
2987902,4,M,A,D,STNWG,3,0,0,0
2124640,3,F,D,D,SEDAN,1,0,0,0
9057046,4,F,F,D,STNWG,4,0,0,0
3947590,2,F,B,D,STNWG,4,1,1,1349.159996
7697692,4,F,E,D,HDTOP,2,0,0,0
486948,4,M,C,B,STNWG,2,1,1,1211.349999
1509074,3,M,C,D,SEDAN,4,0,0,0
9507276,4,M,C,B,SEDAN,3,0,0,0
9712748,2,F,C,D,SEDAN,4,0,0,0
9484132,3,F,C,B,HBACK,1,0,0,0
8428217,2,M,A,C,STNWG,2,0,0,0
772789,4,M,A,D,SEDAN,4,0,0,0
8219686,5,M,F,D,UTE,3,0,0,0
6937864,5,F,C,D,STNWG,2,0,0,0
9253156,6,F,A,D,SEDAN,2,0,0,0
7332932,3,F,A,D,BUS,2,0,0,0
5078076,2,F,B,D,HBACK,3,0,0,0
5329843,3,F,C,C,UTE,3,0,0,0
1274101,5,F,B,D,SEDAN,3,0,0,0
4422128,6,F,D,B,HBACK,1,0,0,0
4254557,6,F,D,D,UTE,4,0,0,0
6711322,3,F,F,D,TRUCK,4,1,1,14408.93997
1285218,5,M,D,D,STNWG,2,0,0,0
7416056,2,F,A,B,HBACK,1,0,0,0
7786709,5,M,C,B,STNWG,2,0,0,0
3819299,3,F,C,D,STNWG,4,0,0,0
3698209,1,F,F,D,STNWG,4,0,0,0
4307729,2,F,C,D,HBACK,3,0,0,0
38772,3,F,A,D,SEDAN,4,0,0,0
3146466,4,M,A,D,SEDAN,4,1,1,9858.429993
1515975,5,F,E,B,HBACK,2,0,0,0
3551717,2,F,B,B,HBACK,1,0,0,0
9174120,4,F,C,B,SEDAN,3,0,0,0
6699643,4,F,E,D,STNWG,3,0,0,0
462328,3,M,A,D,STNWG,1,0,0,0
9619665,2,M,F,C,STNWG,2,0,0,0
2210765,3,F,F,C,STNWG,3,1,1,353.77
4197787,5,F,D,D,SEDAN,3,0,0,0
1253387,3,F,C,D,SEDAN,3,0,0,0
9195780,4,M,D,D,UTE,1,0,0,0
1503890,4,F,A,B,SEDAN,2,0,0,0
2267602,5,M,A,D,HBACK,4,0,0,0
5268918,4,M,C,D,MIBUS,4,0,0,0
5871151,4,F,B,C,HBACK,2,0,0,0
107704,5,M,E,B,SEDAN,2,0,0,0
3820411,2,F,B,D,STNWG,4,1,1,372.5
6223900,4,M,A,B,HBACK,3,1,2,553.77
5176038,5,M,A,D,SEDAN,4,0,0,0
3865499,4,F,C,B,SEDAN,4,0,0,0
21548,3,F,E,B,HBACK,3,0,0,0
983913,1,F,B,B,HBACK,2,0,0,0
8400971,3,F,B,B,SEDAN,3,0,0,0
216841,1,F,D,B,SEDAN,1,0,0,0
4389741,2,F,C,D,HBACK,1,0,0,0
308542,5,M,D,D,SEDAN,3,0,0,0
2858454,2,F,A,B,HBACK,1,0,0,0
2280696,3,F,B,D,HBACK,1,0,0,0
2788734,5,F,E,D,UTE,4,0,0,0
5222979,5,F,D,B,SEDAN,3,0,0,0
2522327,2,M,B,D,SEDAN,3,0,0,0
5622527,5,M,A,C,STNWG,2,0,0,0
1114335,2,M,C,D,STNWG,4,0,0,0
886824,4,F,C,D,SEDAN,2,0,0,0
9097378,5,F,A,D,HDTOP,4,0,0,0
8752323,6,F,C,D,STNWG,3,0,0,0
3398823,1,F,B,B,HBACK,3,0,0,0
8911753,3,M,D,D,UTE,4,0,0,0
7121179,3,M,C,D,SEDAN,4,0,0,0
8174701,2,M,A,C,SEDAN,1,0,0,0
7667263,6,M,E,C,UTE,4,0,0,0
4122730,2,M,C,D,STNWG,4,0,0,0
3563515,4,M,A,D,STNWG,2,0,0,0
2718180,6,F,A,D,HBACK,2,0,0,0
2481013,5,M,A,D,UTE,3,0,0,0
8724799,5,M,C,D,MIBUS,4,0,0,0
2117997,4,F,C,D,MIBUS,4,1,1,576.6399994
9849897,3,M,C,D,MIBUS,4,0,0,0
6488572,3,M,A,C,HBACK,4,0,0,0
5671798,4,F,C,D,HBACK,1,0,0,0
8071580,4,F,B,B,HBACK,2,0,0,0
4437786,3,F,A,D,STNWG,3,0,0,0
8695938,3,M,C,D,STNWG,4,0,0,0
8545469,4,M,C,D,SEDAN,1,0,0,0
7691500,4,F,C,B,HBACK,4,0,0,0
6318638,3,F,B,C,SEDAN,1,1,1,316.3654082
815279,4,F,A,D,STNWG,4,0,0,0
7913916,3,F,C,D,SEDAN,1,0,0,0
7767484,2,M,A,B,STNWG,3,0,0,0
5999047,4,M,D,B,SEDAN,2,0,0,0
3906055,3,M,D,C,UTE,4,0,0,0
8071276,3,M,D,D,HDTOP,4,0,0,0
8749685,3,F,B,B,STNWG,3,0,0,0
4430555,3,F,A,B,HBACK,1,1,1,200
1515191,6,M,B,D,MCARA,4,0,0,0
3479396,3,F,E,B,HBACK,3,0,0,0
4111506,3,F,A,B,HBACK,3,0,0,0
7164546,5,F,C,D,SEDAN,3,0,0,0
1896878,4,M,A,C,SEDAN,4,0,0,0
1154466,1,M,A,C,UTE,1,0,0,0
7677343,2,F,A,D,HBACK,2,0,0,0
9843438,3,M,D,D,STNWG,4,1,1,390
8523823,4,F,D,D,STNWG,1,0,0,0
3303163,5,F,E,B,SEDAN,3,0,0,0
9723139,4,F,E,A,STNWG,3,0,0,0
4791402,3,F,A,C,HBACK,3,0,0,0
468225,6,M,C,D,STNWG,3,0,0,0
3299914,4,F,C,B,SEDAN,4,0,0,0
2178010,6,M,C,D,UTE,4,0,0,0
8085211,5,F,A,B,STNWG,2,0,0,0
5706479,3,F,C,D,SEDAN,3,0,0,0
9073804,3,M,A,D,HBACK,1,0,0,0
1694767,4,M,D,D,HBACK,3,0,0,0
6930037,6,M,D,B,SEDAN,3,0,0,0
3133320,2,M,F,C,STNWG,2,1,1,773.1999989
7125218,5,M,A,D,TRUCK,1,0,0,0
8960852,5,F,C,D,SEDAN,4,0,0,0
679080,6,M,A,D,SEDAN,4,0,0,0
3852561,4,F,B,D,HBACK,3,1,1,10607.90628
4073585,1,F,F,B,HBACK,2,0,0,0
3572383,2,F,B,D,SEDAN,1,0,0,0
2729123,2,M,A,D,STNWG,2,0,0,0
3609378,6,F,D,A,HBACK,1,0,0,0
107674,3,M,C,B,HBACK,2,0,0,0
5405262,5,F,C,D,HBACK,3,0,0,0
6010457,4,F,B,B,HBACK,3,0,0,0
8745645,3,F,A,B,HBACK,2,1,1,563.4299994
4673858,4,F,F,C,SEDAN,2,0,0,0
9836536,3,F,B,C,SEDAN,1,0,0,0
6049050,5,M,C,D,STNWG,3,0,0,0
3866659,4,F,E,D,TRUCK,3,0,0,0
5988445,5,F,A,C,STNWG,3,0,0,0
23353,5,F,A,D,HBACK,4,1,1,200
7183811,4,F,C,B,HBACK,3,1,1,277.5699999
4552374,5,M,C,B,STNWG,1,0,0,0
6841626,3,M,A,D,STNWG,4,0,0,0
655222,2,M,C,C,SEDAN,3,0,0,0
4190997,2,F,C,B,HBACK,2,0,0,0
8967558,4,F,B,D,STNWG,3,0,0,0
9035220,2,F,F,D,HBACK,1,0,0,0
7613698,3,M,C,D,HBACK,2,0,0,0
1673761,4,M,C,D,MIBUS,4,0,0,0
2531600,4,F,A,D,STNWG,3,0,0,0
226688,6,M,C,B,HBACK,4,0,0,0
5464428,6,F,A,D,HBACK,3,0,0,0
4707633,2,F,A,C,STNWG,1,0,0,0
2536440,5,M,B,C,UTE,1,0,0,0
2291540,6,F,E,D,SEDAN,1,0,0,0
5451301,5,F,B,D,SEDAN,2,0,0,0
1159028,5,F,C,B,HBACK,2,1,1,470.25
8100726,5,M,A,B,SEDAN,1,0,0,0
2118446,6,F,B,C,HBACK,4,0,0,0
463163,3,F,B,B,HBACK,2,1,1,353.77
2014496,4,F,C,B,HBACK,2,0,0,0
2853692,5,M,C,D,SEDAN,2,0,0,0
6191936,2,F,A,B,HBACK,2,0,0,0
7760940,2,F,A,B,SEDAN,2,0,0,0
3483648,3,M,A,C,STNWG,4,0,0,0
6276188,2,F,A,B,SEDAN,2,0,0,0
4749385,4,M,A,C,SEDAN,1,0,0,0
4749239,2,F,D,C,UTE,4,0,0,0
5567315,2,F,D,D,HBACK,3,0,0,0
3154582,3,F,D,C,STNWG,2,0,0,0
6171943,5,F,B,D,SEDAN,3,0,0,0
8724397,5,M,C,D,MIBUS,4,0,0,0
5364118,4,F,F,D,STNWG,2,0,0,0
9497017,3,F,A,D,HBACK,3,0,0,0
6731557,4,M,E,D,UTE,3,0,0,0
7120060,5,M,C,C,HBACK,4,0,0,0
2513449,6,M,A,B,SEDAN,3,0,0,0
4025332,5,F,A,D,STNWG,4,0,0,0
6595662,3,F,C,B,HBACK,3,0,0,0
84259,3,F,A,C,COUPE,3,0,0,0
2522891,4,F,C,D,SEDAN,4,0,0,0
2421996,4,M,A,D,STNWG,1,0,0,0
2242071,1,M,D,D,TRUCK,3,0,0,0
8300810,1,F,A,D,HBACK,2,0,0,0
8377144,1,F,B,B,HBACK,1,0,0,0
4290848,3,F,A,D,SEDAN,4,0,0,0
3876960,4,M,A,C,HBACK,4,0,0,0
6389525,4,F,A,B,HBACK,2,0,0,0
3099667,1,F,C,B,HBACK,2,0,0,0
7866256,6,F,A,D,SEDAN,3,0,0,0
8516813,4,M,A,D,SEDAN,4,0,0,0
7868893,1,F,B,C,SEDAN,2,0,0,0
8812234,2,F,F,C,STNWG,3,0,0,0
491815,2,F,A,B,SEDAN,4,0,0,0
5302257,2,M,A,D,SEDAN,4,0,0,0
7509102,2,M,D,D,UTE,4,0,0,0
7531811,4,F,E,C,SEDAN,3,0,0,0
6173988,4,F,A,C,SEDAN,3,0,0,0
5858004,4,F,B,D,STNWG,4,0,0,0
236039,2,F,C,D,UTE,2,0,0,0
7294017,2,M,A,B,COUPE,4,0,0,0
1913513,3,F,B,D,STNWG,1,0,0,0
2533692,5,M,C,C,STNWG,1,1,1,2431.669998
8463523,5,F,D,B,HBACK,4,0,0,0
3006961,1,F,A,D,HBACK,4,0,0,0
1206550,6,F,C,D,HBACK,4,0,0,0
1349795,2,M,A,D,HDTOP,3,0,0,0
714533,4,F,B,B,STNWG,3,0,0,0
2118706,1,M,C,B,HBACK,2,0,0,0
1517197,2,F,A,D,HBACK,2,0,0,0
5215808,2,M,D,D,SEDAN,2,0,0,0
5540316,4,F,E,B,SEDAN,3,0,0,0
9982905,4,F,B,D,SEDAN,1,0,0,0
3042317,4,M,D,D,HBACK,1,0,0,0
6174716,2,M,C,D,HDTOP,4,0,0,0
976668,3,M,F,D,STNWG,2,0,0,0
5286446,1,F,B,C,SEDAN,1,0,0,0
7772508,5,F,B,B,HBACK,1,0,0,0
6986735,4,F,A,A,CONVT,3,0,0,0
8503278,6,F,A,D,HBACK,4,0,0,0
3437724,6,M,A,C,STNWG,2,0,0,0
3878674,3,F,E,D,STNWG,4,0,0,0
8088511,3,F,E,D,STNWG,3,0,0,0
4919787,4,M,C,D,SEDAN,2,1,1,200
3780776,4,F,D,D,SEDAN,2,0,0,0
9736057,5,F,B,B,SEDAN,2,0,0,0
9295604,3,M,A,D,HBACK,3,0,0,0
7415133,1,F,C,B,HBACK,1,0,0,0
8193927,6,F,C,D,SEDAN,2,0,0,0
1634135,3,M,A,B,HBACK,3,0,0,0
3825200,2,F,D,B,STNWG,3,0,0,0
2868409,4,F,C,C,SEDAN,3,0,0,0
3390210,5,F,A,B,HBACK,3,0,0,0
4680482,6,F,A,B,HBACK,2,0,0,0
181564,6,M,C,D,HBACK,2,1,1,5188.319992
7396760,4,F,D,B,SEDAN,3,0,0,0
7473064,3,M,E,C,PANVN,4,0,0,0
5338717,4,F,C,D,SEDAN,2,0,0,0
1700943,5,M,C,D,SEDAN,2,0,0,0
171551,1,M,C,D,HBACK,4,0,0,0
8297955,3,M,C,B,HBACK,1,0,0,0
4629032,5,F,B,C,STNWG,2,0,0,0
2429925,3,M,D,B,HBACK,1,0,0,0
8776038,1,F,C,B,HBACK,3,0,0,0
8557375,4,F,A,C,COUPE,4,0,0,0
9482702,4,M,C,D,STNWG,4,0,0,0
99953,5,F,C,C,UTE,1,0,0,0
1447840,3,F,A,D,HBACK,4,0,0,0
1516259,3,M,B,C,PANVN,4,0,0,0
7399549,5,M,A,C,STNWG,1,0,0,0
4684891,6,M,C,B,HBACK,4,0,0,0
9927851,2,M,D,D,TRUCK,3,1,1,2498.989998
8759205,4,F,C,D,HDTOP,4,0,0,0
1517031,4,F,A,D,SEDAN,2,0,0,0
1923285,4,F,C,D,SEDAN,4,0,0,0
1713399,5,M,A,B,STNWG,1,0,0,0
4619457,1,F,E,D,HBACK,3,0,0,0
5698339,5,M,B,D,STNWG,4,0,0,0
3594466,4,F,C,D,HBACK,4,0,0,0
1356112,5,M,E,B,HBACK,1,0,0,0
7111862,2,F,E,D,STNWG,3,0,0,0
6296756,6,M,E,B,HBACK,3,0,0,0
9820501,2,F,C,D,HBACK,3,0,0,0
7069934,4,F,B,D,SEDAN,3,0,0,0
8917428,1,F,B,B,HBACK,2,0,0,0
9495837,2,M,F,D,STNWG,4,0,0,0
4732059,3,M,B,B,HBACK,3,0,0,0
698567,2,F,A,B,HBACK,3,0,0,0
3573654,4,M,A,D,STNWG,3,1,1,779.1899986
3647635,1,F,C,B,HBACK,2,0,0,0
7141057,3,F,A,B,HBACK,3,0,0,0
4312662,2,F,C,D,STNWG,1,1,1,200
8091811,6,F,D,D,SEDAN,1,0,0,0
6052917,3,F,A,C,STNWG,1,1,1,2438.539993
9357088,2,F,A,D,STNWG,3,1,1,18604.31
3255395,3,F,C,B,SEDAN,3,0,0,0
3272593,6,F,E,C,STNWG,1,0,0,0
6470809,6,M,B,C,STNWG,1,0,0,0
7497170,2,F,C,B,HBACK,3,0,0,0
3708293,6,M,B,B,HBACK,4,0,0,0
9021469,6,M,B,D,SEDAN,2,0,0,0
5627260,5,M,E,C,UTE,1,0,0,0
445193,4,M,B,D,UTE,2,0,0,0
4084128,3,F,F,D,TRUCK,3,0,0,0
2353422,5,F,B,D,SEDAN,2,0,0,0
8748468,5,F,C,B,HBACK,4,0,0,0
8999795,2,M,F,D,UTE,3,0,0,0
2428434,5,F,A,B,HBACK,3,0,0,0
7673847,6,F,E,D,SEDAN,4,0,0,0
9028312,2,F,B,C,SEDAN,4,1,1,1088.56
1899986,4,M,B,D,HBACK,3,0,0,0
3877756,5,M,E,D,TRUCK,4,0,0,0
1491945,4,F,B,D,SEDAN,2,0,0,0
3624099,4,F,D,D,SEDAN,2,0,0,0
9725470,6,F,A,D,STNWG,4,1,1,200
474336,4,M,C,D,HBACK,4,0,0,0
9675711,4,M,A,D,HBACK,1,0,0,0
3562190,4,F,C,D,HBACK,1,0,0,0
6224624,2,M,C,C,SEDAN,3,0,0,0
5928203,6,M,A,D,HBACK,2,0,0,0
8546016,3,F,C,B,HBACK,1,0,0,0
4061014,6,M,A,B,SEDAN,2,0,0,0
2732352,6,F,C,C,SEDAN,3,0,0,0
1439568,6,F,B,D,SEDAN,4,1,1,741.5
6103743,2,M,C,C,TRUCK,3,0,0,0
7777781,5,M,A,D,STNWG,2,0,0,0
9272671,3,M,A,C,HBACK,4,0,0,0
2811170,3,M,A,D,SEDAN,4,0,0,0
8768186,4,M,F,D,HDTOP,3,0,0,0
9559001,4,M,C,D,STNWG,2,0,0,0
919688,4,M,F,B,SEDAN,3,0,0,0
2779900,6,M,A,D,UTE,4,0,0,0
6190260,2,F,C,D,SEDAN,3,0,0,0
7421150,3,F,C,D,SEDAN,3,0,0,0
8263142,5,M,B,D,STNWG,2,0,0,0
896987,6,F,E,D,SEDAN,4,0,0,0
4334282,2,F,B,D,SEDAN,2,0,0,0
2953934,3,F,A,D,STNWG,2,0,0,0
6135576,1,F,A,B,HBACK,3,0,0,0
1012232,6,F,D,D,SEDAN,4,0,0,0
3235591,4,M,B,D,COUPE,4,0,0,0
8880256,1,M,A,B,HBACK,3,0,0,0
6011720,4,F,C,D,SEDAN,1,0,0,0
2720893,3,M,A,D,MIBUS,3,0,0,0
1723663,4,F,B,D,SEDAN,3,0,0,0
2598663,1,M,A,C,UTE,1,0,0,0
6127914,5,F,C,B,HBACK,1,0,0,0
1676361,3,F,C,D,HBACK,3,0,0,0
4860006,4,M,C,D,HBACK,2,0,0,0
2615380,5,M,C,D,SEDAN,1,0,0,0
9932021,4,F,B,D,SEDAN,1,0,0,0
9204465,2,M,C,D,SEDAN,3,0,0,0
3560240,4,F,C,D,TRUCK,4,1,1,667.1199989
1442903,3,F,B,B,HBACK,2,0,0,0
57580,5,M,C,D,UTE,4,0,0,0
7521818,2,M,B,D,MIBUS,4,0,0,0
4510597,5,F,E,D,UTE,4,0,0,0
1576456,3,F,C,D,HDTOP,1,0,0,0
2421259,5,F,C,B,HBACK,3,0,0,0
4260126,2,F,A,B,HBACK,3,0,0,0
9739381,6,F,B,D,SEDAN,3,1,1,415.5799999
107848,5,F,B,D,UTE,4,0,0,0
2120852,3,F,C,D,SEDAN,3,0,0,0
8292604,4,M,B,D,MIBUS,4,0,0,0
770673,2,F,E,B,HBACK,3,0,0,0
6543174,2,F,B,D,HBACK,2,0,0,0
1632045,2,M,A,D,SEDAN,3,0,0,0
6525309,5,F,B,C,HBACK,4,0,0,0
8832162,2,M,A,C,SEDAN,4,0,0,0
9384958,1,M,C,D,UTE,2,0,0,0
9817970,4,F,B,D,SEDAN,4,0,0,0
1441453,6,F,A,D,STNWG,2,1,1,1055.030005
326811,1,M,E,C,UTE,4,1,1,390
6526964,6,F,C,D,HBACK,3,0,0,0
3440008,3,M,A,D,HBACK,2,0,0,0
4052564,3,M,A,B,STNWG,1,0,0,0
4765814,3,M,A,C,SEDAN,3,0,0,0
3013299,3,F,B,C,SEDAN,3,0,0,0
4352035,2,M,A,C,HBACK,4,0,0,0
5506354,1,M,A,D,PANVN,3,1,1,346.9099999
602233,5,F,A,D,SEDAN,2,0,0,0
5384720,1,M,B,D,SEDAN,3,0,0,0
3475403,3,F,A,D,SEDAN,2,1,1,1296.269997
406457,3,F,F,C,STNWG,4,0,0,0
6227534,3,M,B,C,STNWG,1,0,0,0
4869171,4,F,C,D,STNWG,2,0,0,0
706278,3,F,B,D,SEDAN,2,0,0,0
3899828,5,F,C,D,COUPE,4,0,0,0
7422036,5,M,C,C,STNWG,3,0,0,0
168356,4,F,C,D,SEDAN,4,0,0,0
9986349,2,F,F,D,HBACK,3,0,0,0
8751937,5,M,A,D,SEDAN,3,0,0,0
7372417,3,M,C,D,STNWG,2,0,0,0
9038525,1,M,C,D,UTE,2,0,0,0
9957137,2,F,B,D,STNWG,3,0,0,0
4997793,4,F,D,D,HDTOP,4,0,0,0
3133485,3,F,E,C,TRUCK,3,0,0,0
2726101,4,M,C,D,STNWG,2,1,1,364.6799998
162965,3,F,A,B,HBACK,4,0,0,0
5472627,3,M,B,D,HBACK,4,0,0,0
4801611,3,M,C,B,HBACK,2,0,0,0
8986008,1,F,A,B,HBACK,1,0,0,0
1936869,4,M,A,C,HBACK,3,1,1,1506.759998
5087202,4,F,C,B,HBACK,4,0,0,0
1959357,3,F,F,D,UTE,3,0,0,0
5084715,3,M,A,D,STNWG,3,0,0,0
7138325,6,F,B,C,HBACK,3,0,0,0
8079570,3,F,C,D,STNWG,4,0,0,0
7866126,2,M,C,D,SEDAN,1,0,0,0
2592847,2,F,A,B,SEDAN,2,0,0,0
3924015,4,F,C,B,HBACK,2,0,0,0
9724091,4,F,B,B,HBACK,2,0,0,0
986218,4,F,A,B,HBACK,3,0,0,0
3272262,3,F,B,D,HBACK,1,0,0,0
9871330,4,F,A,B,HBACK,2,0,0,0
2295129,4,M,B,D,STNWG,2,0,0,0
6225757,6,F,B,D,HBACK,4,0,0,0
8817334,4,F,C,D,SEDAN,2,0,0,0
4550993,3,F,E,D,HDTOP,3,0,0,0
7123389,2,M,C,B,HBACK,3,0,0,0
1621421,2,F,B,D,STNWG,3,0,0,0
7452791,5,M,B,D,HBACK,4,0,0,0
7208844,3,F,E,B,COUPE,3,0,0,0
4818714,2,M,C,D,STNWG,4,0,0,0
4655266,3,F,A,B,HBACK,4,0,0,0
9454900,2,F,C,D,HBACK,2,0,0,0
1682478,4,F,F,D,STNWG,3,0,0,0
6393423,3,M,B,D,SEDAN,3,0,0,0
8753434,6,F,E,B,HBACK,3,0,0,0
1994963,3,F,A,B,HBACK,2,0,0,0
7144292,3,M,A,D,UTE,4,0,0,0
2059326,5,M,A,C,SEDAN,2,0,0,0
954410,3,M,C,C,STNWG,3,0,0,0
4614702,5,F,C,B,SEDAN,1,0,0,0
8760922,4,F,C,D,SEDAN,1,0,0,0
3335175,4,F,A,D,STNWG,1,0,0,0
2079334,3,M,D,B,HBACK,3,0,0,0
1800197,3,F,A,D,STNWG,1,0,0,0
6431881,6,M,C,C,STNWG,2,0,0,0
6595051,5,M,D,D,STNWG,4,0,0,0
4322833,1,M,D,D,HBACK,1,0,0,0
3051790,3,M,F,D,STNWG,4,0,0,0
9359936,2,M,C,D,HBACK,2,0,0,0
2101790,5,F,A,D,HBACK,4,0,0,0
6017854,5,F,C,B,SEDAN,3,0,0,0
6525041,3,F,B,B,HBACK,2,0,0,0
6047273,4,F,D,C,STNWG,1,0,0,0
390175,2,F,B,D,HBACK,1,1,1,200
2425318,4,F,C,D,SEDAN,4,0,0,0
2054102,6,M,E,B,HBACK,3,0,0,0
3759604,3,F,D,D,STNWG,3,0,0,0
2952572,3,F,A,D,STNWG,1,0,0,0
608622,5,M,E,D,TRUCK,4,0,0,0
2733499,3,F,A,C,HBACK,4,0,0,0
5693028,3,M,F,D,TRUCK,4,0,0,0
4699210,2,M,C,C,STNWG,4,0,0,0
6115464,3,F,C,B,SEDAN,3,0,0,0
6796423,5,M,B,D,SEDAN,1,0,0,0
566517,5,F,C,B,HBACK,2,0,0,0
4695005,4,F,C,D,SEDAN,2,1,1,200
6849114,3,F,D,C,STNWG,3,0,0,0
4464685,4,M,C,D,SEDAN,1,0,0,0
8772413,4,M,A,C,TRUCK,3,0,0,0
1674951,3,F,A,B,HBACK,1,0,0,0
9746855,3,F,D,D,STNWG,3,0,0,0
7536464,2,F,C,D,SEDAN,4,0,0,0
6798460,5,M,A,C,STNWG,2,1,1,200
1859345,4,M,F,C,UTE,3,0,0,0
2385084,3,F,C,D,HBACK,1,0,0,0
5925487,6,F,B,D,HBACK,1,0,0,0
3339557,6,M,C,B,HBACK,1,0,0,0
7160357,6,F,C,B,HBACK,4,0,0,0
7412985,3,F,A,C,STNWG,4,0,0,0
885886,6,F,D,D,SEDAN,2,0,0,0
4954537,4,F,A,D,HDTOP,3,0,0,0
9084011,5,F,D,C,STNWG,3,0,0,0
6924087,3,F,F,C,STNWG,4,0,0,0
2375203,4,F,A,C,HBACK,4,0,0,0
2750956,5,M,D,C,SEDAN,2,0,0,0
2701360,1,M,C,D,SEDAN,2,0,0,0
9278108,6,M,C,B,SEDAN,2,1,1,525.9899998
7469596,3,F,B,C,HBACK,2,0,0,0
560512,3,M,C,D,SEDAN,1,0,0,0
2657371,2,F,D,C,SEDAN,3,0,0,0
6947243,4,M,A,A,SEDAN,4,0,0,0
1218103,5,M,C,C,MIBUS,4,0,0,0
689436,2,F,B,B,HBACK,1,0,0,0
4362137,3,M,B,B,HBACK,2,0,0,0
1821354,1,F,E,B,SEDAN,3,1,1,2680.689995
2665743,2,M,A,D,HDTOP,4,0,0,0
6501164,3,M,A,D,SEDAN,1,0,0,0
8360812,2,F,B,D,SEDAN,4,0,0,0
1926233,5,F,B,D,SEDAN,3,0,0,0
5208031,4,M,C,D,SEDAN,3,0,0,0
7837470,4,M,A,C,STNWG,4,0,0,0
9889312,3,F,C,D,SEDAN,1,0,0,0
4353698,5,F,E,C,TRUCK,3,0,0,0
3924306,6,F,E,D,SEDAN,2,0,0,0
5827487,5,M,A,D,PANVN,2,0,0,0
9793373,2,M,A,D,SEDAN,2,0,0,0
4079098,2,M,C,B,HBACK,1,0,0,0
8403249,2,M,B,B,HBACK,3,0,0,0
9845368,4,M,B,D,SEDAN,3,0,0,0
3476408,5,M,A,B,HBACK,3,0,0,0
921225,2,M,C,B,HBACK,4,0,0,0
6853876,4,F,C,B,SEDAN,3,0,0,0
4692587,3,F,A,D,STNWG,4,0,0,0
2630245,5,F,A,D,HBACK,4,0,0,0
1969345,4,F,A,D,SEDAN,2,0,0,0
6112819,1,M,E,C,STNWG,4,0,0,0
5969838,1,F,E,C,STNWG,1,0,0,0
1906596,2,M,A,D,HDTOP,2,0,0,0
3922171,4,F,C,D,STNWG,4,0,0,0
8077095,3,F,F,C,STNWG,3,0,0,0
4198301,4,F,D,C,SEDAN,1,0,0,0
2719008,4,M,C,D,SEDAN,4,0,0,0
4685793,6,M,C,D,STNWG,4,0,0,0
398489,3,M,B,C,STNWG,2,0,0,0
9104659,3,F,F,B,STNWG,2,0,0,0
3482836,3,F,E,D,STNWG,4,0,0,0
1568773,4,F,C,D,SEDAN,4,0,0,0
4695814,5,M,E,B,HBACK,3,0,0,0
6492718,3,F,C,D,SEDAN,2,0,0,0
6081967,3,M,D,A,STNWG,2,0,0,0
1533471,3,F,B,D,COUPE,3,0,0,0
952771,3,F,B,D,HBACK,2,0,0,0
7132967,2,F,F,C,SEDAN,1,0,0,0
7509050,4,F,C,D,HBACK,4,0,0,0
1852404,1,F,C,B,HBACK,1,0,0,0
9816973,4,F,C,D,MIBUS,4,0,0,0
7558775,3,F,A,D,HBACK,1,0,0,0
617845,1,M,B,D,UTE,4,0,0,0
6153126,2,F,C,D,HBACK,4,0,0,0
9379521,4,F,B,D,HBACK,2,0,0,0
1857941,4,M,B,D,SEDAN,1,0,0,0
8811715,5,M,C,D,HDTOP,4,0,0,0
2599510,5,F,D,D,STNWG,3,0,0,0
7531692,2,F,C,D,HBACK,1,0,0,0
9133125,5,M,B,C,UTE,4,0,0,0
1197083,6,F,C,D,SEDAN,3,0,0,0
3394962,3,M,A,B,STNWG,3,0,0,0
6229957,4,M,C,D,SEDAN,4,0,0,0
6407844,3,M,B,D,PANVN,4,0,0,0
5981955,2,F,A,C,SEDAN,3,0,0,0
3493398,2,M,C,D,MIBUS,4,0,0,0
3878190,4,F,B,B,HBACK,3,0,0,0
6682358,4,F,A,D,HBACK,1,0,0,0
9747868,3,M,D,D,PANVN,4,0,0,0
6767215,4,F,C,B,HBACK,3,0,0,0
364228,3,M,C,B,HBACK,2,0,0,0
168372,3,M,A,C,SEDAN,3,0,0,0
8652267,5,M,A,D,HDTOP,3,0,0,0
51517,4,F,A,D,SEDAN,3,0,0,0
7173198,4,F,B,A,SEDAN,1,0,0,0
4956330,6,F,E,B,HBACK,2,0,0,0
4127746,3,F,C,D,SEDAN,3,0,0,0
1881557,4,F,C,D,SEDAN,2,0,0,0
559843,3,F,B,B,SEDAN,3,0,0,0
7546700,3,F,B,D,STNWG,4,0,0,0
9972955,5,F,C,D,SEDAN,3,1,1,200
7019733,3,M,A,D,PANVN,2,0,0,0
7140356,5,F,A,C,SEDAN,3,0,0,0
8763329,4,F,A,C,HBACK,4,0,0,0
3532339,4,M,A,D,STNWG,3,0,0,0
5120102,2,F,B,D,SEDAN,4,0,0,0
5412132,4,M,C,D,SEDAN,4,1,1,4939.37999
1683557,6,M,F,C,STNWG,2,0,0,0
8114152,2,F,D,B,SEDAN,3,1,2,6607.299988
213527,2,F,C,C,HBACK,4,0,0,0
7481726,4,F,B,B,HBACK,3,0,0,0
6623733,6,M,D,D,STNWG,4,0,0,0
6491796,4,M,B,D,UTE,3,0,0,0
927681,6,F,C,D,SEDAN,2,0,0,0
8554977,1,M,C,B,SEDAN,2,0,0,0
1408734,2,F,E,D,UTE,3,0,0,0
848584,4,F,C,D,SEDAN,4,0,0,0
7015335,3,M,B,D,STNWG,2,0,0,0
8547648,2,M,B,C,UTE,1,0,0,0
1259388,3,F,B,B,HBACK,4,0,0,0
7610859,3,F,B,D,STNWG,1,0,0,0
684673,3,M,B,D,HBACK,1,0,0,0
8510387,3,M,C,D,SEDAN,2,0,0,0
329359,2,F,E,B,HBACK,1,0,0,0
3771930,3,F,C,D,SEDAN,2,1,1,200
6565688,3,F,A,D,HBACK,3,0,0,0
807918,4,M,C,D,SEDAN,4,1,1,200
2009448,1,M,C,B,HBACK,3,0,0,0
4940519,5,F,A,B,SEDAN,3,0,0,0
2398357,4,F,A,D,HBACK,4,0,0,0
5343521,6,F,A,B,STNWG,3,0,0,0
386074,2,F,A,D,HBACK,1,0,0,0
352377,3,M,C,D,SEDAN,3,0,0,0
1437180,6,M,A,D,SEDAN,2,0,0,0
6044673,6,F,B,D,SEDAN,2,0,0,0
8878250,2,M,C,D,SEDAN,3,0,0,0
3864581,5,M,D,D,TRUCK,4,0,0,0
8092906,5,F,D,D,HDTOP,2,0,0,0
7600727,4,F,B,B,COUPE,3,1,2,1030.659998
1309098,5,M,D,D,STNWG,3,0,0,0
7684587,4,M,A,D,STNWG,2,0,0,0
5366964,3,F,C,D,STNWG,1,0,0,0
2063603,6,F,D,D,HBACK,2,0,0,0
7002217,1,F,A,B,HBACK,3,0,0,0
6861101,4,M,C,D,STNWG,2,0,0,0
5022652,2,F,C,C,STNWG,2,0,0,0
2664403,3,F,B,D,SEDAN,3,0,0,0
1408639,4,F,E,B,HBACK,1,0,0,0
3002582,2,F,C,D,HBACK,3,0,0,0
7106937,2,M,D,C,UTE,4,0,0,0
7556764,3,M,B,D,SEDAN,2,0,0,0
3930372,4,F,F,B,HBACK,3,0,0,0
8528273,2,F,D,C,STNWG,3,0,0,0
6037298,2,M,A,D,COUPE,4,0,0,0
1992130,3,F,B,D,STNWG,2,0,0,0
7409677,3,F,B,D,SEDAN,3,0,0,0
5877857,6,M,A,D,TRUCK,1,0,0,0
1670873,3,F,C,B,SEDAN,3,0,0,0
9357841,3,M,D,B,HBACK,1,1,1,353.77
5298335,2,M,A,C,HBACK,4,0,0,0
7568563,5,M,B,C,SEDAN,1,0,0,0
3155677,6,M,B,B,HBACK,2,0,0,0
4257619,5,M,B,D,STNWG,4,1,1,8135.909988
7902050,5,F,C,B,HBACK,1,0,0,0
9974767,6,F,B,C,SEDAN,2,0,0,0
6578956,3,F,C,D,HBACK,4,0,0,0
128608,3,F,C,D,MIBUS,4,0,0,0
5458440,2,F,D,D,STNWG,4,0,0,0
8346344,1,M,C,C,TRUCK,2,0,0,0
8087822,3,M,E,D,SEDAN,1,0,0,0
2671265,5,M,F,B,HBACK,1,0,0,0
8399985,2,M,A,B,COUPE,3,0,0,0
9051339,5,F,A,D,STNWG,1,0,0,0
5073830,3,M,E,D,TRUCK,3,0,0,0
763921,1,M,E,D,SEDAN,3,0,0,0
6305934,2,F,C,D,HBACK,1,0,0,0
7833471,4,F,C,B,HBACK,3,0,0,0
3393240,5,M,C,B,SEDAN,3,0,0,0
7411658,2,M,D,D,HDTOP,4,0,0,0
7667704,6,M,F,B,HBACK,3,0,0,0
9523496,3,M,F,C,TRUCK,2,0,0,0
8400623,3,M,C,D,HDTOP,3,0,0,0
1431118,4,F,C,D,SEDAN,3,0,0,0
5343245,2,M,C,B,HBACK,2,0,0,0
6780300,5,M,C,B,HBACK,1,0,0,0
954126,5,F,D,D,STNWG,1,1,1,390
4711849,5,F,F,C,STNWG,3,0,0,0
8160695,3,F,B,D,SEDAN,4,0,0,0
3593032,5,M,A,B,HBACK,3,0,0,0
904309,3,F,D,D,STNWG,3,0,0,0
9430025,4,F,B,D,STNWG,2,0,0,0
9149434,6,F,C,D,SEDAN,2,0,0,0
5179264,5,F,E,D,SEDAN,4,0,0,0
2061528,2,F,B,C,HBACK,4,1,1,1247.149998
2478757,4,M,D,D,STNWG,2,1,1,200
8471710,2,F,C,B,SEDAN,3,0,0,0
8768676,4,F,A,D,HBACK,4,1,1,200
1885311,4,F,F,D,UTE,1,0,0,0
6054687,2,F,A,B,SEDAN,4,0,0,0
1698271,3,M,A,C,STNWG,4,0,0,0
7237048,6,F,C,C,STNWG,4,0,0,0
5402705,6,F,B,B,HBACK,1,0,0,0
7232990,3,F,C,D,SEDAN,4,0,0,0
2054418,5,M,C,D,HDTOP,4,0,0,0
4254869,4,F,A,B,SEDAN,3,0,0,0
4962174,1,M,C,A,SEDAN,2,0,0,0
9289661,6,F,C,D,HBACK,2,0,0,0
5296013,2,M,A,B,SEDAN,3,0,0,0
2776792,2,F,C,B,HBACK,2,0,0,0
7631237,1,M,A,D,STNWG,1,0,0,0
4923500,2,M,C,D,TRUCK,3,1,1,691.6599979
8308846,3,F,D,B,HBACK,2,0,0,0
3877346,2,F,D,D,HDTOP,4,0,0,0
9497848,2,M,C,D,UTE,2,0,0,0
5689455,4,F,D,D,SEDAN,3,0,0,0
539733,4,M,E,D,UTE,1,0,0,0
4418532,2,M,B,D,SEDAN,4,1,1,200
5888343,3,M,E,D,STNWG,3,0,0,0
6775618,2,M,B,D,COUPE,4,0,0,0
1416102,4,F,D,B,HBACK,3,0,0,0
5458965,6,M,C,D,STNWG,4,0,0,0
3533607,2,M,A,B,SEDAN,2,0,0,0
4032576,3,F,B,B,HBACK,1,0,0,0
5694533,5,F,B,C,SEDAN,1,0,0,0
997823,2,M,A,B,STNWG,1,0,0,0
1334284,3,F,D,D,HDTOP,3,0,0,0
8309189,3,M,D,D,STNWG,4,0,0,0
5679026,4,F,A,C,SEDAN,4,0,0,0
415068,5,F,A,D,SEDAN,4,0,0,0
9753688,1,M,B,D,UTE,2,0,0,0
3995132,4,F,E,C,STNWG,1,0,0,0
8974178,1,F,D,B,HBACK,1,0,0,0
2737274,6,M,B,D,SEDAN,2,0,0,0
8588259,6,F,A,D,HBACK,3,0,0,0
5303802,4,F,A,C,HBACK,3,0,0,0
1538860,2,M,C,D,STNWG,3,0,0,0
2662898,1,F,A,B,SEDAN,3,0,0,0
6525155,6,M,D,B,SEDAN,4,0,0,0
8449448,1,F,C,C,HBACK,4,0,0,0
4363037,5,F,A,D,SEDAN,2,0,0,0
657327,4,M,C,C,STNWG,4,0,0,0
3591198,4,M,F,C,UTE,4,0,0,0
1969890,5,F,A,D,SEDAN,2,0,0,0
4035849,3,F,B,B,HBACK,3,0,0,0
5215499,3,F,E,D,STNWG,1,0,0,0
6935721,4,M,F,C,STNWG,2,0,0,0
1732347,5,F,B,D,SEDAN,3,0,0,0
4372446,2,M,A,D,TRUCK,3,0,0,0
6734512,6,F,E,D,HDTOP,3,0,0,0
9445133,2,M,C,D,SEDAN,1,0,0,0
8517629,3,M,D,B,HBACK,4,0,0,0
5598172,2,M,A,B,HBACK,1,0,0,0
3954458,2,F,A,B,SEDAN,4,0,0,0
8477630,4,F,D,B,STNWG,1,0,0,0
8745643,3,F,A,D,SEDAN,3,0,0,0
2683159,2,M,C,A,PANVN,2,0,0,0
2566950,3,F,F,D,SEDAN,1,0,0,0
5452643,2,F,A,D,STNWG,2,0,0,0
4069879,3,M,B,D,SEDAN,3,0,0,0
6096345,2,M,B,D,SEDAN,2,1,1,406.9499998
558029,5,M,D,D,STNWG,4,0,0,0
3720416,1,F,A,B,COUPE,3,0,0,0
253953,1,M,B,D,PANVN,2,0,0,0
8648451,3,M,F,C,STNWG,1,0,0,0
4799772,1,F,C,D,HBACK,3,0,0,0
167541,5,F,D,B,HBACK,2,0,0,0
5639388,2,M,A,B,HBACK,2,0,0,0
3387915,3,M,B,D,UTE,3,0,0,0
6346841,2,M,F,C,STNWG,3,0,0,0
3772390,4,F,B,D,SEDAN,2,0,0,0
4046236,3,F,E,D,SEDAN,1,0,0,0
9180472,6,M,A,A,MCARA,1,0,0,0
6395535,2,M,C,D,HBACK,3,0,0,0
8335863,1,M,E,D,STNWG,1,0,0,0
6828352,3,M,D,B,HBACK,2,0,0,0
2585651,4,F,B,B,HBACK,2,0,0,0
2820523,5,M,A,C,STNWG,4,0,0,0
4166359,5,M,B,D,SEDAN,2,0,0,0
1226176,2,M,C,D,SEDAN,2,0,0,0
4357534,4,F,B,B,HBACK,1,0,0,0
3622782,3,F,A,C,STNWG,3,0,0,0
3150221,4,F,E,B,SEDAN,3,0,0,0
3231880,5,M,A,C,STNWG,4,0,0,0
6877387,5,M,C,C,STNWG,3,0,0,0
4598061,3,M,F,C,HBACK,4,0,0,0
4285536,3,F,E,B,HBACK,1,0,0,0
2777205,5,F,A,D,SEDAN,3,0,0,0
1048090,4,F,D,D,STNWG,4,0,0,0
7165689,5,F,A,D,SEDAN,2,0,0,0
5398991,6,F,A,D,HBACK,2,0,0,0
9377302,4,F,B,D,HBACK,3,0,0,0
8629208,5,F,D,D,SEDAN,2,0,0,0
4936647,4,F,B,B,HBACK,2,0,0,0
1828895,6,M,E,C,STNWG,2,0,0,0
3685390,3,M,E,D,UTE,4,0,0,0
8527418,6,M,C,B,HBACK,3,0,0,0
7749577,3,M,F,D,TRUCK,3,0,0,0
1064393,4,F,C,D,STNWG,2,0,0,0
6033139,6,M,A,D,SEDAN,2,0,0,0
5003493,4,M,A,D,MIBUS,4,1,1,353.77
99716,4,M,B,B,HBACK,4,0,0,0
1262199,6,M,A,D,HBACK,1,0,0,0
1337509,5,M,E,B,HBACK,2,0,0,0
8528276,3,M,E,C,STNWG,3,0,0,0
6238126,2,M,E,C,STNWG,3,0,0,0
2362348,1,F,B,D,HBACK,4,0,0,0
9913597,2,M,A,D,SEDAN,3,0,0,0
5403009,4,M,D,D,UTE,4,0,0,0
3733291,2,F,D,D,STNWG,4,0,0,0
566733,2,F,C,C,HBACK,4,0,0,0
9550957,4,F,A,D,SEDAN,2,0,0,0
836294,3,M,C,B,SEDAN,2,0,0,0
2752487,4,M,E,D,STNWG,4,0,0,0
7544032,3,F,C,D,SEDAN,3,0,0,0
4349645,1,M,C,D,SEDAN,3,1,1,15606.09992
6438967,4,M,C,D,HBACK,2,0,0,0
7471879,5,M,C,B,STNWG,3,0,0,0
4265420,1,F,C,D,SEDAN,2,0,0,0
6835219,4,F,C,B,HBACK,4,1,1,6163.169983
2519512,4,M,A,D,SEDAN,3,0,0,0
9991840,3,F,A,D,UTE,1,0,0,0
9065381,2,M,B,D,SEDAN,2,0,0,0
5556598,2,F,C,B,SEDAN,4,1,1,3036.069992
7667834,2,M,C,D,PANVN,1,0,0,0
3003101,5,M,A,C,STNWG,2,0,0,0
3812726,5,F,E,B,HBACK,2,0,0,0
9017992,4,F,A,D,SEDAN,3,0,0,0
739309,2,M,B,D,SEDAN,4,0,0,0
492481,4,F,B,D,SEDAN,2,0,0,0
6193323,3,M,C,D,UTE,4,0,0,0
6191580,4,F,E,B,SEDAN,3,0,0,0
3384188,1,F,D,B,HBACK,4,0,0,0
8669698,1,F,A,D,HBACK,1,0,0,0
9240627,2,M,A,D,STNWG,4,0,0,0
2594735,3,F,D,D,HBACK,3,0,0,0
8424234,3,F,F,C,STNWG,3,0,0,0
2037016,1,M,B,B,SEDAN,3,0,0,0
2056853,4,F,F,C,STNWG,2,0,0,0
2238173,6,M,B,D,SEDAN,1,0,0,0
2654501,5,F,C,D,HBACK,4,0,0,0
684152,4,M,C,B,SEDAN,3,1,1,1182.709999
3945135,5,F,A,D,SEDAN,1,0,0,0
7867864,2,F,B,B,HBACK,2,1,1,200
7044926,5,F,C,D,SEDAN,2,0,0,0
7685362,4,M,C,D,HDTOP,3,0,0,0
6279927,5,F,B,D,SEDAN,2,0,0,0
1071470,3,F,D,D,SEDAN,3,0,0,0
4262626,5,F,D,B,SEDAN,3,0,0,0
5257328,3,F,E,B,SEDAN,3,0,0,0
4323687,3,M,D,D,HBACK,4,0,0,0
7194476,4,M,E,B,HBACK,1,0,0,0
851633,5,M,C,C,STNWG,2,0,0,0
746131,2,F,A,B,HBACK,3,0,0,0
2530509,1,M,C,C,HBACK,4,0,0,0
6060181,3,M,D,C,TRUCK,3,0,0,0
4890043,4,M,B,C,STNWG,3,0,0,0
4128857,4,M,C,D,SEDAN,1,0,0,0
7959545,2,M,A,B,HBACK,2,0,0,0
9173665,3,F,C,D,SEDAN,1,0,0,0
1070410,5,M,D,D,UTE,2,0,0,0
8061178,4,M,C,B,HBACK,2,0,0,0
3473993,1,M,B,C,STNWG,2,0,0,0
9865703,6,M,B,D,SEDAN,2,0,0,0
882121,6,M,C,B,HBACK,2,0,0,0
1209761,3,F,C,B,SEDAN,4,0,0,0
9739442,2,M,C,D,SEDAN,4,0,0,0
8984589,4,M,B,D,UTE,3,0,0,0
3899851,2,M,C,B,HBACK,2,0,0,0
4708192,1,M,A,D,TRUCK,3,0,0,0
3488793,5,M,B,D,STNWG,4,0,0,0
4260193,2,F,D,D,STNWG,1,0,0,0
9496371,6,F,B,D,SEDAN,3,0,0,0
3563277,3,F,C,B,SEDAN,3,0,0,0
3671305,3,F,D,D,STNWG,3,0,0,0
2874934,4,F,C,B,HBACK,3,0,0,0
4893225,6,M,B,C,STNWG,3,1,1,470
3875006,3,F,C,B,HBACK,2,0,0,0
3155894,4,F,C,D,UTE,4,0,0,0
8666860,2,F,A,D,SEDAN,3,0,0,0
3729901,1,F,B,C,SEDAN,3,0,0,0
1561442,4,F,D,B,HBACK,1,0,0,0
1160208,4,M,C,B,HBACK,3,0,0,0
7541909,6,M,A,B,HBACK,1,0,0,0
3924918,3,M,D,C,STNWG,2,0,0,0
1679626,4,F,B,B,HBACK,4,0,0,0
2882770,2,F,A,B,HBACK,1,0,0,0
4734336,3,F,A,D,SEDAN,1,0,0,0
8431060,5,F,D,D,SEDAN,2,0,0,0
5051356,4,M,A,B,HBACK,3,0,0,0
342376,3,F,D,B,SEDAN,3,0,0,0
5157703,5,F,C,B,HBACK,2,0,0,0
128661,2,M,C,D,HBACK,1,0,0,0
7438905,4,F,F,D,STNWG,2,0,0,0
8193734,3,F,A,B,HBACK,1,0,0,0
2480243,4,M,C,D,STNWG,1,0,0,0
5443827,3,F,B,D,SEDAN,4,0,0,0
5708518,2,M,F,C,UTE,1,0,0,0
2663312,3,M,B,D,STNWG,1,0,0,0
7415790,5,M,C,D,SEDAN,3,0,0,0
6737661,4,M,B,D,SEDAN,1,0,0,0
1442205,5,F,A,B,HBACK,3,0,0,0
8930031,3,F,A,B,SEDAN,3,1,2,761.2499995
830022,1,F,C,D,HBACK,4,1,1,1029.75
3807530,3,F,C,B,HBACK,3,0,0,0
5177078,2,M,E,D,SEDAN,3,0,0,0
1283277,2,F,E,D,HBACK,4,0,0,0
367972,4,F,B,D,STNWG,2,0,0,0
1239248,4,F,C,D,HBACK,1,0,0,0
1963384,1,F,C,B,STNWG,1,0,0,0
1103296,1,F,E,B,HBACK,3,1,1,390
7469867,6,M,C,D,SEDAN,2,0,0,0
5496238,4,F,E,B,STNWG,1,0,0,0
9254930,1,F,D,D,SEDAN,4,0,0,0
4893178,3,M,D,B,HBACK,2,0,0,0
836311,4,M,A,C,UTE,1,0,0,0
8067917,5,M,B,D,HDTOP,3,0,0,0
9054725,1,F,D,D,HBACK,1,0,0,0
1370805,2,F,B,D,HBACK,1,0,0,0
3009412,1,F,D,D,SEDAN,4,0,0,0
6539051,5,F,A,D,STNWG,3,0,0,0
5080706,3,M,B,B,HBACK,2,0,0,0
5113349,4,F,B,B,HBACK,2,0,0,0
2665183,4,F,C,A,PANVN,2,1,1,353.77
6034806,3,F,A,D,HBACK,2,0,0,0
8122794,1,F,E,B,HBACK,3,0,0,0
4066904,3,F,C,D,SEDAN,2,0,0,0
3819605,4,F,C,D,SEDAN,2,0,0,0
9757071,4,F,A,C,SEDAN,1,0,0,0
1771760,6,F,C,D,HBACK,2,0,0,0
6886159,5,M,B,D,STNWG,2,0,0,0
3866208,6,M,C,D,STNWG,4,0,0,0
8140385,5,F,A,D,HBACK,2,0,0,0
4665504,5,F,D,C,HBACK,3,0,0,0
8593403,1,F,C,C,STNWG,1,0,0,0
1694798,2,F,C,B,HBACK,2,0,0,0
597195,3,M,D,B,STNWG,2,0,0,0
5216531,4,F,B,B,SEDAN,4,0,0,0
1072502,3,F,D,C,STNWG,2,0,0,0
7754165,2,M,C,C,STNWG,4,0,0,0
9819948,5,M,A,D,STNWG,3,0,0,0
6793736,4,F,A,C,SEDAN,3,0,0,0
7687011,4,M,C,D,HBACK,3,0,0,0
7397955,5,F,C,D,SEDAN,4,0,0,0
7184964,5,F,D,B,SEDAN,3,0,0,0
1515053,6,M,D,D,SEDAN,4,0,0,0
4053017,2,F,C,D,SEDAN,2,0,0,0
42458,1,M,A,D,TRUCK,1,1,1,9424.349976
910111,5,F,B,D,HBACK,4,0,0,0
2059705,3,F,A,D,SEDAN,1,0,0,0
5403146,4,F,C,D,SEDAN,4,0,0,0
4114893,2,F,E,B,SEDAN,3,0,0,0
1370061,1,F,D,B,HBACK,3,0,0,0
694379,2,F,A,D,HBACK,3,0,0,0
899351,4,F,F,B,HBACK,3,0,0,0
5256353,1,M,C,D,UTE,3,1,1,379.1499996
9413350,4,M,C,D,HBACK,4,0,0,0
1919699,1,M,C,B,SEDAN,2,0,0,0
9734584,3,F,B,C,SEDAN,2,0,0,0
1761655,5,M,D,B,SEDAN,2,0,0,0
8626571,4,F,C,C,COUPE,4,0,0,0
4429075,4,M,A,C,HBACK,4,0,0,0
2605485,2,F,B,D,MIBUS,4,0,0,0
415809,1,F,B,D,STNWG,3,0,0,0
488208,3,M,C,B,HBACK,4,0,0,0
5179562,3,F,C,D,HBACK,2,0,0,0
2635643,5,M,D,D,SEDAN,4,0,0,0
6224480,2,M,A,D,UTE,4,0,0,0
391591,4,F,A,D,SEDAN,3,0,0,0
8460608,6,M,A,B,SEDAN,2,0,0,0
5588935,1,M,E,D,TRUCK,1,0,0,0
9684786,5,M,A,D,STNWG,4,0,0,0
5285063,4,F,B,D,TRUCK,2,0,0,0
102300,6,M,A,D,HBACK,4,0,0,0
6483935,5,F,B,B,HBACK,2,0,0,0
7598568,2,F,D,D,TRUCK,4,0,0,0
1943596,3,M,F,A,PANVN,3,0,0,0
4354139,4,M,A,D,SEDAN,4,1,1,2275.729996
8786627,4,F,A,B,HBACK,2,0,0,0
214027,2,F,C,B,HBACK,1,0,0,0
4290114,5,M,A,C,SEDAN,4,0,0,0
5987429,1,F,A,C,HBACK,2,0,0,0
6432996,3,F,A,B,HBACK,3,0,0,0
7176465,4,F,B,C,HBACK,4,1,1,200
4774682,5,M,C,D,SEDAN,2,0,0,0
41157,5,F,C,B,HBACK,2,0,0,0
3293722,2,M,C,C,STNWG,1,0,0,0
9189467,4,M,B,D,SEDAN,2,0,0,0
2363942,3,M,C,B,COUPE,2,0,0,0
8504381,4,F,A,B,SEDAN,1,1,1,200
2882233,4,M,D,C,UTE,4,0,0,0
4943442,3,M,F,D,STNWG,3,0,0,0
6112888,4,M,B,C,STNWG,3,0,0,0
1341365,1,M,A,D,SEDAN,2,1,1,200
8636616,3,M,B,A,SEDAN,3,0,0,0
8142009,6,F,C,B,SEDAN,2,0,0,0
6226316,5,M,E,D,STNWG,4,0,0,0
122274,3,F,B,B,STNWG,3,0,0,0
7749063,2,M,A,D,STNWG,3,0,0,0
646529,3,M,C,D,SEDAN,3,1,2,968.3299999
2879291,4,F,C,D,HBACK,3,0,0,0
180757,6,F,C,B,SEDAN,1,0,0,0
6505511,3,M,A,D,HDTOP,1,0,0,0
6993571,3,M,A,C,COUPE,1,1,1,3699.25
6409287,3,M,E,D,HDTOP,4,0,0,0
2119817,6,F,E,C,STNWG,1,0,0,0
1501345,3,M,D,D,UTE,3,0,0,0
2136725,5,F,C,B,SEDAN,3,0,0,0
2345794,3,F,F,D,STNWG,2,0,0,0
9501894,2,M,C,D,SEDAN,4,0,0,0
3402928,5,F,C,B,HBACK,1,0,0,0
3392732,4,F,B,D,SEDAN,4,1,1,930.1499996
838799,5,F,C,D,HBACK,3,0,0,0
5383675,2,F,D,D,STNWG,4,0,0,0
4468642,4,F,C,D,STNWG,4,0,0,0
1228520,2,M,B,D,HBACK,4,0,0,0
1032712,4,M,A,D,TRUCK,2,0,0,0
5780628,5,M,C,B,HBACK,1,0,0,0
4462929,2,F,A,B,HBACK,1,1,3,1884.479999
9864915,4,M,A,D,SEDAN,3,0,0,0
2853244,5,M,C,D,STNWG,2,0,0,0
3126557,1,F,D,B,HBACK,4,0,0,0
3370218,2,M,C,C,TRUCK,1,0,0,0
3039608,3,F,C,D,STNWG,4,0,0,0
5285623,5,M,B,D,STNWG,2,0,0,0
9048900,1,F,E,D,HBACK,2,0,0,0
5779936,4,M,F,D,MCARA,4,0,0,0
4107823,2,M,C,D,SEDAN,2,0,0,0
2519345,3,M,A,C,SEDAN,2,0,0,0
419143,2,M,B,D,HBACK,4,0,0,0
8747944,6,F,C,D,HDTOP,3,0,0,0
6793208,6,F,A,D,STNWG,2,0,0,0
6508492,5,F,B,D,SEDAN,4,1,1,1952.724537
1726951,1,M,C,B,HBACK,2,0,0,0
3232041,2,M,F,B,HBACK,2,0,0,0
6042025,4,F,A,A,HBACK,2,0,0,0
2211829,2,M,D,D,STNWG,4,0,0,0
7142744,4,M,D,B,SEDAN,3,0,0,0
2439520,3,F,A,D,STNWG,4,0,0,0
298126,2,F,D,B,HBACK,2,1,2,21769.65361
473584,3,F,D,D,STNWG,4,0,0,0
2401942,3,M,B,D,SEDAN,2,0,0,0
910245,5,F,F,D,STNWG,4,0,0,0
7259385,2,M,B,D,STNWG,3,0,0,0
4188774,6,M,C,C,SEDAN,4,0,0,0
7227696,3,F,C,D,SEDAN,4,0,0,0
8074188,1,M,C,D,MIBUS,4,0,0,0
2835926,3,M,D,D,STNWG,1,0,0,0
420079,3,M,F,D,STNWG,4,0,0,0
4355311,3,F,B,D,HDTOP,4,0,0,0
42040,4,F,C,D,SEDAN,4,0,0,0
4682085,4,M,D,D,UTE,4,0,0,0
6050853,4,F,C,D,STNWG,4,0,0,0
5284153,3,M,B,D,SEDAN,4,0,0,0
8176651,2,F,C,D,SEDAN,3,0,0,0
2355329,1,F,C,D,SEDAN,4,0,0,0
9477647,2,F,A,C,HBACK,4,0,0,0
9642921,5,F,C,D,SEDAN,1,0,0,0
9728866,4,F,C,D,SEDAN,4,0,0,0
8763040,4,M,C,D,STNWG,1,0,0,0
6625368,4,F,C,D,PANVN,4,0,0,0
2382232,4,F,C,D,SEDAN,2,0,0,0
5222825,4,F,B,D,HBACK,2,0,0,0
3683491,4,M,B,D,STNWG,1,0,0,0
4890378,1,F,B,B,HBACK,3,0,0,0
7319366,3,M,B,B,STNWG,2,0,0,0
5416814,2,F,D,D,STNWG,2,0,0,0
1602123,2,M,F,D,STNWG,3,0,0,0
88868,4,M,B,B,HBACK,2,0,0,0
3388415,5,M,C,B,HBACK,2,0,0,0
8457279,3,F,B,B,SEDAN,4,0,0,0
7411696,3,M,B,B,HBACK,4,0,0,0
97912,6,M,D,B,SEDAN,3,0,0,0
3597129,3,F,D,D,STNWG,2,0,0,0
7000039,3,F,F,C,STNWG,1,0,0,0
3960961,4,F,C,D,HBACK,4,0,0,0
3571119,3,M,D,D,TRUCK,4,0,0,0
2446815,2,F,F,D,SEDAN,3,0,0,0
3748144,2,F,A,C,STNWG,2,0,0,0
7155671,4,F,A,D,HBACK,2,0,0,0
2595188,5,M,C,D,STNWG,1,0,0,0
1118977,3,F,A,B,SEDAN,3,0,0,0
9556424,6,F,C,D,SEDAN,3,0,0,0
7749737,4,F,C,D,HBACK,2,0,0,0
4208465,3,F,F,C,SEDAN,1,0,0,0
4543083,2,M,B,D,MIBUS,3,0,0,0
3776519,2,F,B,D,STNWG,3,0,0,0
6272881,3,M,C,B,HBACK,2,0,0,0
2723284,3,F,C,D,SEDAN,4,0,0,0
7645511,4,F,A,B,HBACK,4,0,0,0
3098457,5,M,C,D,MCARA,4,0,0,0
8679816,4,M,D,C,UTE,2,0,0,0
3568629,2,F,B,D,MIBUS,3,0,0,0
7315487,5,F,B,B,HBACK,1,0,0,0
9453624,1,F,C,D,HDTOP,4,0,0,0
1401327,4,F,C,D,SEDAN,1,0,0,0
3252424,4,F,E,D,SEDAN,4,0,0,0
877044,2,M,A,D,STNWG,4,1,1,345
4458805,5,M,D,D,HDTOP,4,0,0,0
7656552,2,M,B,D,SEDAN,4,0,0,0
6512367,1,M,B,D,UTE,1,0,0,0
3672805,5,F,E,D,MCARA,3,0,0,0
3295132,3,M,B,C,SEDAN,1,0,0,0
4515926,4,F,C,B,HBACK,3,0,0,0
9527969,4,F,A,D,SEDAN,2,0,0,0
4558065,4,F,A,D,SEDAN,2,0,0,0
4821805,4,F,C,D,HBACK,3,0,0,0
9233797,1,F,E,B,SEDAN,3,0,0,0
9737854,6,F,C,D,SEDAN,1,0,0,0
3877634,3,M,B,C,STNWG,4,0,0,0
2422848,6,M,B,D,SEDAN,2,0,0,0
9817126,5,F,B,C,HBACK,3,0,0,0
5224941,3,F,E,D,STNWG,4,0,0,0
4700351,2,F,D,B,SEDAN,3,0,0,0
3624984,4,M,D,D,SEDAN,4,0,0,0
9350795,3,M,B,B,SEDAN,2,0,0,0
5989276,6,F,D,B,HBACK,3,0,0,0
1828371,5,M,B,D,STNWG,4,0,0,0
2790931,4,F,A,D,HBACK,1,0,0,0
2722335,4,F,E,C,STNWG,2,1,1,511.8199997
3161149,2,M,A,C,SEDAN,3,0,0,0
376062,1,M,B,D,SEDAN,4,0,0,0
1585206,2,F,C,C,STNWG,1,0,0,0
5413164,2,F,A,D,HBACK,4,0,0,0
6977040,2,F,C,B,HBACK,3,0,0,0
4276096,5,F,B,B,HBACK,2,0,0,0
1446616,2,F,C,B,HBACK,1,0,0,0
3456805,2,F,A,D,SEDAN,1,0,0,0
9015264,1,F,E,B,SEDAN,3,1,1,409
1241968,2,F,B,D,PANVN,4,0,0,0
2222196,2,F,D,D,SEDAN,3,0,0,0
7712795,3,M,B,C,COUPE,4,0,0,0
6605612,1,F,F,D,HDTOP,3,0,0,0
3422592,5,M,F,C,SEDAN,2,0,0,0
1069482,5,F,A,B,HBACK,3,0,0,0
7302826,3,F,C,D,STNWG,4,0,0,0
831827,3,F,D,B,HBACK,1,0,0,0
688325,2,F,A,C,SEDAN,2,0,0,0
8203535,3,F,C,D,STNWG,4,0,0,0
9096634,1,F,D,B,HBACK,4,0,0,0
1678435,1,F,C,D,SEDAN,3,0,0,0
882841,6,F,C,C,HBACK,4,0,0,0
3986638,6,M,A,D,SEDAN,4,0,0,0
1637652,2,F,B,D,HBACK,2,0,0,0
7544099,4,M,D,D,TRUCK,4,0,0,0
2584004,3,F,A,D,MIBUS,4,0,0,0
5325406,5,F,A,B,SEDAN,2,0,0,0
5148095,4,F,E,D,SEDAN,2,0,0,0
1761399,5,M,E,D,UTE,4,0,0,0
6449006,4,M,A,B,HBACK,1,0,0,0
2693466,3,F,D,B,HBACK,3,0,0,0
8152515,3,M,D,C,STNWG,1,1,1,2552.989998
8899631,5,M,B,B,HBACK,1,0,0,0
2432668,4,M,D,D,PANVN,3,0,0,0
6412867,4,F,A,D,SEDAN,1,0,0,0
1135370,1,F,B,D,STNWG,1,0,0,0
1495515,1,M,B,C,STNWG,4,0,0,0
9734296,6,M,D,C,STNWG,4,0,0,0
711190,5,F,D,D,SEDAN,1,0,0,0
1832293,1,F,C,B,SEDAN,4,0,0,0
2009956,3,F,C,D,SEDAN,4,0,0,0
8881341,1,M,C,D,HDTOP,3,0,0,0
9901035,1,M,F,D,UTE,1,0,0,0
7685040,4,M,B,B,HBACK,1,0,0,0
8371517,3,M,E,D,STNWG,4,0,0,0
6492045,4,F,B,A,HBACK,2,0,0,0
9868993,6,F,C,B,HBACK,2,1,1,200
2170307,5,F,C,D,STNWG,3,1,1,457.2699995
911510,4,M,C,B,SEDAN,1,0,0,0
8516273,4,M,B,D,TRUCK,3,0,0,0
4352989,4,F,B,D,STNWG,4,0,0,0
5843440,4,F,A,A,SEDAN,4,0,0,0
1218174,4,M,C,D,SEDAN,3,0,0,0
4982464,3,M,A,B,HBACK,1,0,0,0
7136578,6,M,D,D,SEDAN,4,0,0,0
2121058,4,F,E,D,SEDAN,2,0,0,0
4916552,3,F,C,D,TRUCK,2,0,0,0
8484929,4,F,C,D,SEDAN,1,0,0,0
4982370,4,M,B,D,SEDAN,2,0,0,0
9013942,3,M,B,C,HBACK,3,0,0,0
8401333,2,F,C,C,SEDAN,4,0,0,0
9147058,6,F,E,B,HBACK,2,0,0,0
6305659,1,M,A,C,SEDAN,2,0,0,0
477393,1,F,C,D,HBACK,1,1,1,393.7999997
3508590,2,F,F,C,STNWG,4,0,0,0
5561600,5,M,D,C,STNWG,1,0,0,0
9813699,3,M,C,D,STNWG,2,0,0,0
7719805,1,F,B,B,HBACK,3,0,0,0
9724595,5,M,D,D,SEDAN,2,0,0,0
5983115,3,F,E,D,SEDAN,2,0,0,0
104262,4,M,C,D,SEDAN,2,0,0,0
3174471,5,M,D,D,STNWG,3,0,0,0
2793846,4,F,C,B,HBACK,3,0,0,0
415459,2,F,B,D,UTE,4,1,1,377.8499999
6847854,6,M,B,B,HBACK,2,0,0,0
8041912,4,F,A,B,HBACK,3,0,0,0
91104,2,M,C,D,HBACK,4,0,0,0
5354379,4,M,C,D,SEDAN,3,0,0,0
5984131,5,F,B,B,HBACK,2,0,0,0
7919198,4,M,B,D,SEDAN,1,0,0,0
1621672,6,M,C,B,STNWG,3,0,0,0
5373275,4,M,D,D,SEDAN,4,0,0,0
3168591,2,M,C,D,STNWG,4,0,0,0
6472789,5,M,B,C,STNWG,1,0,0,0
8514383,3,F,E,B,SEDAN,1,0,0,0
7666230,3,F,B,B,STNWG,3,0,0,0
4740331,3,F,C,D,SEDAN,3,0,0,0
1359555,6,F,A,C,SEDAN,2,0,0,0
6636389,3,F,C,D,MIBUS,4,0,0,0
894358,3,F,A,D,STNWG,4,0,0,0
9414242,3,F,C,D,HBACK,2,0,0,0
8103300,2,F,C,B,HBACK,2,0,0,0
1338842,3,M,A,D,STNWG,1,0,0,0
9887201,2,M,B,D,UTE,3,0,0,0
3188303,2,M,B,B,SEDAN,2,0,0,0
9417990,4,F,B,D,HBACK,4,0,0,0
4002765,2,F,D,D,STNWG,4,0,0,0
1555620,2,F,C,D,HBACK,3,0,0,0
3481158,3,M,E,B,SEDAN,3,0,0,0
9357142,3,M,E,D,TRUCK,2,0,0,0
179939,5,F,F,D,HDTOP,4,0,0,0
6313417,1,F,A,B,HBACK,1,0,0,0
2438637,1,F,D,A,SEDAN,3,0,0,0
7103691,4,F,A,C,HBACK,4,0,0,0
3394536,4,M,C,D,SEDAN,4,0,0,0
7160913,3,F,A,D,HBACK,2,0,0,0
3710316,1,F,B,B,HBACK,3,0,0,0
3904637,4,M,A,D,SEDAN,1,0,0,0
9968390,3,M,D,C,STNWG,2,1,1,1821.45818
3906727,6,M,C,B,HBACK,4,0,0,0
336000,2,F,E,B,HBACK,2,0,0,0
4120638,2,F,A,D,HDTOP,3,0,0,0
777185,5,M,C,B,HBACK,3,0,0,0
6820974,3,M,D,B,SEDAN,4,0,0,0
2290196,6,F,A,D,SEDAN,3,0,0,0
390549,2,M,C,D,STNWG,4,0,0,0
8451375,3,F,F,D,STNWG,4,0,0,0
8394244,2,F,A,D,STNWG,1,0,0,0
9689736,5,F,C,B,HBACK,1,0,0,0
3549374,2,F,A,B,HBACK,2,0,0,0
4290256,6,F,A,B,HBACK,3,1,1,1144.419998
1428458,1,F,C,B,HBACK,1,0,0,0
3003566,4,F,D,D,COUPE,4,0,0,0
3427363,2,F,A,D,STNWG,4,0,0,0
899631,3,M,B,B,SEDAN,3,0,0,0
9388547,3,F,B,D,SEDAN,1,0,0,0
2686810,3,M,C,D,SEDAN,3,0,0,0
2816700,5,M,B,D,UTE,2,1,1,353.77
7137811,3,M,C,B,HBACK,3,0,0,0
9202207,3,F,A,D,HDTOP,3,1,1,2418.439995
166812,6,M,E,B,HBACK,4,0,0,0
2549461,6,F,A,B,HBACK,1,0,0,0
3592524,6,F,E,B,HBACK,2,1,1,414.8499999
1518284,3,F,A,D,STNWG,3,0,0,0
140381,5,F,D,A,STNWG,2,0,0,0
3306214,4,M,D,D,UTE,4,0,0,0
683396,6,M,B,D,SEDAN,4,0,0,0
2045945,2,F,A,D,HDTOP,3,0,0,0
1783251,1,M,E,D,STNWG,3,0,0,0
3593205,5,M,A,D,UTE,4,0,0,0
2922190,6,F,A,B,COUPE,2,0,0,0
4551757,3,M,C,B,HBACK,3,0,0,0
3004066,5,F,D,D,SEDAN,4,0,0,0
7405816,4,F,A,D,SEDAN,4,1,1,8915.309998
9812448,4,F,D,D,UTE,4,0,0,0
9593549,2,F,C,B,HBACK,1,0,0,0
5878825,2,M,C,D,HBACK,4,0,0,0
6152624,4,F,A,D,SEDAN,1,0,0,0
3000241,5,M,C,D,TRUCK,4,0,0,0
6985110,2,F,B,B,HBACK,3,0,0,0
4644245,1,M,D,D,UTE,3,0,0,0
1132671,4,F,D,D,HBACK,4,0,0,0
8879173,3,M,B,B,HBACK,4,0,0,0
3818731,5,F,B,D,SEDAN,2,0,0,0
3473828,6,M,A,D,HBACK,2,0,0,0
1285630,2,M,F,D,HDTOP,3,0,0,0
4471996,2,F,A,D,HBACK,1,0,0,0
9426562,6,F,B,B,HBACK,1,0,0,0
2729864,6,F,A,D,SEDAN,3,0,0,0
7899230,5,F,A,D,SEDAN,3,0,0,0
2063465,4,F,D,D,STNWG,3,0,0,0
8476353,4,F,E,B,SEDAN,4,0,0,0
4303098,4,F,C,B,HBACK,1,0,0,0
6785454,2,M,C,C,STNWG,2,0,0,0
3554130,2,M,A,C,COUPE,4,0,0,0
4626511,1,F,A,D,HBACK,3,0,0,0
5395748,3,F,F,B,HBACK,2,0,0,0
9132073,6,F,C,D,HBACK,1,0,0,0
3635993,3,M,C,D,UTE,2,0,0,0
8685579,3,M,C,D,HBACK,2,0,0,0
8352456,6,F,D,D,SEDAN,3,0,0,0
4219888,3,M,C,D,HBACK,2,0,0,0
9229521,4,F,D,C,UTE,1,0,0,0
3805100,3,F,A,C,HBACK,4,0,0,0
4329614,2,M,C,B,HBACK,3,0,0,0
4352098,5,F,B,D,MIBUS,3,0,0,0
2600790,5,M,C,C,HDTOP,3,0,0,0
7534793,4,M,E,D,PANVN,3,0,0,0
4256409,4,F,C,C,STNWG,2,0,0,0
8365885,3,F,A,B,HBACK,2,0,0,0
8974963,5,F,F,D,HBACK,2,0,0,0
8242131,3,M,B,D,STNWG,3,0,0,0
269256,2,F,A,B,HBACK,2,0,0,0
7177060,3,F,A,C,STNWG,1,0,0,0
9816198,5,M,B,D,STNWG,2,0,0,0
5463825,6,F,D,B,HBACK,2,0,0,0
7591823,3,F,F,B,HBACK,3,0,0,0
4241197,3,F,E,D,STNWG,3,0,0,0
6841922,2,F,A,D,STNWG,1,1,1,297.2699995
691692,1,F,C,D,STNWG,2,0,0,0
5935225,3,F,F,C,STNWG,2,0,0,0
2374189,2,F,C,B,STNWG,2,0,0,0
5224140,5,F,D,B,HBACK,1,0,0,0
4162732,2,F,C,C,STNWG,4,0,0,0
9277429,2,F,D,C,STNWG,4,0,0,0
8390816,1,F,B,D,HBACK,3,0,0,0
8061796,6,M,D,B,STNWG,3,0,0,0
4684150,5,F,A,D,SEDAN,4,0,0,0
7673670,5,F,A,D,SEDAN,3,0,0,0
6408975,3,F,C,D,SEDAN,4,0,0,0
7113963,2,F,A,D,STNWG,1,0,0,0
4935105,5,F,C,D,PANVN,4,0,0,0
6939763,3,F,A,D,SEDAN,1,0,0,0
5411151,2,F,C,D,HBACK,4,0,0,0
4953860,4,M,B,B,HBACK,4,0,0,0
9070913,4,M,D,C,STNWG,2,0,0,0
8323739,3,F,A,D,SEDAN,1,0,0,0
2719449,6,M,C,C,SEDAN,3,0,0,0
954079,3,F,A,D,SEDAN,3,0,0,0
1801439,4,F,C,D,SEDAN,3,0,0,0
3990433,2,M,A,D,SEDAN,4,0,0,0
1534381,2,F,C,B,HBACK,1,0,0,0
6612066,2,F,A,D,HBACK,3,0,0,0
6820582,3,M,A,C,STNWG,3,0,0,0
4435644,5,M,D,C,STNWG,3,0,0,0
905475,4,F,D,B,SEDAN,3,0,0,0
9884124,2,F,D,D,SEDAN,1,0,0,0
4936157,3,F,B,D,SEDAN,2,0,0,0
1822226,2,F,A,D,STNWG,4,0,0,0
6446616,3,F,B,D,SEDAN,4,0,0,0
1828939,4,F,D,C,HBACK,3,0,0,0
7111095,4,F,B,D,STNWG,4,0,0,0
3672923,3,F,A,D,HDTOP,3,0,0,0
2680703,4,M,D,B,HBACK,1,0,0,0
5664669,4,F,C,D,HBACK,2,0,0,0
7135926,4,F,C,D,SEDAN,3,0,0,0
5224704,6,M,C,D,HBACK,3,0,0,0
467157,6,M,B,D,SEDAN,4,0,0,0
3888648,5,F,C,D,SEDAN,3,0,0,0
7958904,2,F,B,D,STNWG,3,0,0,0
3757665,3,M,D,B,SEDAN,3,1,1,2548.519997
8756298,6,M,D,D,SEDAN,4,0,0,0
6813977,2,M,C,D,SEDAN,4,0,0,0
1139215,4,M,C,D,SEDAN,2,0,0,0
4738246,2,M,A,B,STNWG,3,0,0,0
2506301,2,M,B,D,SEDAN,2,0,0,0
384138,2,F,C,B,SEDAN,2,0,0,0
6140087,2,F,C,B,HBACK,3,0,0,0
2911835,2,F,C,D,SEDAN,4,0,0,0
4897427,4,F,C,D,HBACK,4,0,0,0
5969946,6,F,E,D,SEDAN,1,0,0,0
6052002,5,M,C,D,STNWG,2,0,0,0
2375877,2,M,B,D,SEDAN,3,0,0,0
954847,2,M,B,D,STNWG,2,0,0,0
7419154,6,F,E,B,SEDAN,2,0,0,0
824271,4,F,A,D,SEDAN,2,0,0,0
9736317,5,F,A,D,HBACK,4,0,0,0
1761600,4,F,F,D,STNWG,2,0,0,0
1731487,2,F,A,B,SEDAN,3,0,0,0
6027472,6,F,C,A,SEDAN,2,0,0,0
2429439,3,M,C,D,HDTOP,4,0,0,0
8305573,4,F,C,C,UTE,1,0,0,0
3339963,2,F,C,D,SEDAN,4,0,0,0
158880,2,M,A,C,STNWG,1,0,0,0
2055702,4,F,D,C,HBACK,3,0,0,0
1133681,3,M,C,D,TRUCK,3,0,0,0
7422446,2,F,C,B,HBACK,2,0,0,0
1763855,5,F,C,C,UTE,1,0,0,0
6837039,3,F,B,D,SEDAN,2,0,0,0
8174970,2,F,B,D,SEDAN,3,0,0,0
1994741,3,M,B,B,STNWG,3,0,0,0
1064385,3,F,A,D,STNWG,3,0,0,0
6591742,2,M,C,B,HBACK,2,0,0,0
8518574,5,F,C,D,SEDAN,1,0,0,0
2178163,5,M,B,B,HBACK,4,0,0,0
9604472,2,M,C,B,HBACK,4,0,0,0
3915479,6,M,D,D,SEDAN,1,0,0,0
4266825,1,M,A,A,SEDAN,1,1,1,2259.549995
354243,3,F,B,D,STNWG,1,0,0,0
682530,5,F,A,D,STNWG,1,0,0,0
8962530,3,F,C,B,HBACK,1,0,0,0
7471181,1,M,B,A,STNWG,2,0,0,0
3077159,3,M,C,C,STNWG,2,0,0,0
1633487,4,M,B,D,HBACK,3,0,0,0
995540,2,F,B,C,HDTOP,4,0,0,0
475044,3,M,B,B,HBACK,1,0,0,0
1405006,6,F,D,B,HBACK,2,0,0,0
972336,4,F,C,D,SEDAN,1,0,0,0
3866811,5,F,B,B,HBACK,3,0,0,0
7543599,4,M,E,D,TRUCK,4,0,0,0
1759368,5,F,E,D,SEDAN,1,0,0,0
6216625,3,M,D,D,STNWG,2,0,0,0
7324098,3,F,A,D,HBACK,2,0,0,0
7923786,2,F,C,B,HBACK,2,0,0,0
7614244,2,M,C,C,HDTOP,4,0,0,0
2708455,3,F,B,D,SEDAN,2,0,0,0
6837892,3,F,A,D,STNWG,2,0,0,0
1226018,4,M,B,D,STNWG,4,0,0,0
3480232,6,F,C,D,SEDAN,3,0,0,0
5233909,2,F,C,C,SEDAN,2,0,0,0
1273191,5,F,D,D,STNWG,4,0,0,0
6803092,4,M,A,D,UTE,4,0,0,0
9180140,2,M,A,D,UTE,2,0,0,0
2448952,2,F,A,B,SEDAN,2,0,0,0
4908580,4,M,D,D,SEDAN,3,0,0,0
1761190,5,M,B,D,SEDAN,4,0,0,0
7291486,1,F,D,D,STNWG,3,0,0,0
5218018,6,M,A,B,HBACK,3,0,0,0
1651380,3,M,B,D,STNWG,1,0,0,0
9143808,4,F,E,B,SEDAN,3,0,0,0
3831636,4,F,C,C,SEDAN,1,0,0,0
5216511,4,F,A,C,SEDAN,4,0,0,0
6859782,5,F,B,D,HBACK,3,0,0,0
4547684,2,F,C,B,SEDAN,3,0,0,0
8094876,6,M,D,D,HDTOP,4,0,0,0
4073080,2,F,C,B,HBACK,2,0,0,0
4929099,2,M,F,C,STNWG,3,0,0,0
2013908,4,F,F,D,STNWG,3,0,0,0
6767023,2,F,A,D,HBACK,3,0,0,0
6225040,6,M,B,D,SEDAN,2,0,0,0
5985101,3,F,A,D,STNWG,4,0,0,0
9285800,3,F,C,D,SEDAN,3,0,0,0
6625768,4,F,B,B,HBACK,1,0,0,0
7466788,3,F,E,D,HBACK,4,0,0,0
275715,6,M,C,B,SEDAN,2,0,0,0
1015356,2,F,C,D,UTE,4,0,0,0
8788305,4,M,C,D,STNWG,4,0,0,0
2197459,5,M,E,D,SEDAN,4,0,0,0
7198931,3,F,C,D,HBACK,2,0,0,0
4351215,5,F,C,D,SEDAN,3,0,0,0
4335629,3,F,C,C,STNWG,4,0,0,0
8093048,4,F,C,B,SEDAN,2,0,0,0
2122199,4,F,C,D,HBACK,2,0,0,0
4257670,3,F,B,D,SEDAN,4,0,0,0
9601417,3,F,D,C,STNWG,4,0,0,0
4095327,2,F,C,D,HDTOP,1,0,0,0
8476605,3,F,A,D,STNWG,2,0,0,0
6771229,4,F,F,D,UTE,4,0,0,0
4061810,3,F,C,D,HBACK,4,1,1,6184.809982
9421874,4,F,C,B,HBACK,2,0,0,0
4941393,2,F,A,B,SEDAN,2,0,0,0
6737889,3,M,E,C,UTE,4,0,0,0
3902545,4,M,E,D,TRUCK,4,0,0,0
8186076,4,F,A,B,STNWG,1,0,0,0
3551922,4,F,A,B,HBACK,2,0,0,0
3174529,4,M,F,D,STNWG,1,0,0,0
9432269,4,F,C,D,STNWG,4,0,0,0
2111146,6,F,C,D,SEDAN,3,0,0,0
9582139,5,M,D,A,SEDAN,2,0,0,0
1373675,4,M,E,D,HBACK,4,0,0,0
60491,4,M,B,B,SEDAN,1,0,0,0
3306872,3,F,B,D,SEDAN,4,0,0,0
1818874,1,F,D,D,HBACK,3,0,0,0
7376946,3,F,C,B,SEDAN,3,0,0,0
2729187,2,M,A,D,SEDAN,2,0,0,0
3978323,2,F,B,C,STNWG,2,0,0,0
8516963,5,M,B,D,HDTOP,4,0,0,0
2776736,2,F,C,D,STNWG,3,0,0,0
3925331,5,F,B,D,HDTOP,4,0,0,0
1448880,2,F,B,D,HBACK,1,0,0,0
5213249,3,F,C,B,SEDAN,2,0,0,0
4137460,5,M,B,D,MCARA,4,0,0,0
3042660,3,M,C,D,SEDAN,3,0,0,0
5146938,1,F,C,D,SEDAN,1,0,0,0
2601858,3,F,C,B,HBACK,1,0,0,0
7286316,3,M,A,D,HBACK,2,0,0,0
684996,6,F,B,D,SEDAN,4,0,0,0
9257082,4,F,A,A,COUPE,1,0,0,0
2208628,2,M,F,D,HDTOP,4,0,0,0
7680213,4,M,A,C,SEDAN,3,0,0,0
7507797,2,F,D,C,SEDAN,3,0,0,0
2523874,3,M,A,D,STNWG,4,0,0,0
9174248,3,M,C,B,STNWG,2,0,0,0
1489982,4,F,C,B,SEDAN,1,0,0,0
713834,4,F,E,B,HBACK,2,0,0,0
401627,4,M,C,C,SEDAN,4,1,1,200
26993,2,F,A,D,UTE,2,0,0,0
5003125,4,F,A,D,HBACK,1,0,0,0
3969361,2,F,C,B,HBACK,1,0,0,0
7854995,4,F,A,B,HBACK,2,0,0,0
2447922,5,M,A,D,SEDAN,2,0,0,0
4621883,1,F,F,D,TRUCK,2,0,0,0
8099451,1,M,A,D,SEDAN,2,0,0,0
5480650,2,F,A,B,HBACK,3,0,0,0
7687361,4,M,A,D,STNWG,1,0,0,0
6800193,4,F,C,D,SEDAN,2,0,0,0
3594612,4,F,A,B,HBACK,2,0,0,0
7771905,4,F,F,D,UTE,1,0,0,0
1208989,6,F,E,B,STNWG,1,0,0,0
6253798,5,M,A,D,TRUCK,4,0,0,0
7105787,3,M,C,B,STNWG,3,0,0,0
9857688,3,F,A,D,SEDAN,1,0,0,0
7014725,4,M,A,B,STNWG,2,0,0,0
8393882,4,M,D,C,HBACK,4,0,0,0
8906025,6,F,A,D,SEDAN,1,0,0,0
836806,6,M,B,D,SEDAN,3,0,0,0
8874310,2,F,F,D,STNWG,3,0,0,0
5533826,3,M,B,D,STNWG,3,1,1,1377.98
4147765,4,F,B,A,SEDAN,1,0,0,0
6224960,6,F,B,D,TRUCK,2,0,0,0
5321374,1,F,C,D,HBACK,3,0,0,0
2855573,4,F,C,B,HBACK,1,0,0,0
7183760,6,M,A,D,HBACK,3,0,0,0
8081854,3,F,C,C,SEDAN,3,0,0,0
9445568,5,M,B,C,STNWG,1,0,0,0
9014170,6,F,B,B,SEDAN,3,0,0,0
8471323,4,M,B,D,SEDAN,4,0,0,0
4479091,5,F,B,D,SEDAN,1,0,0,0
7859597,5,M,C,D,STNWG,3,0,0,0
6849927,3,M,A,D,STNWG,4,0,0,0
5932169,3,M,B,C,STNWG,3,1,2,1278.579999
3489309,3,F,B,D,SEDAN,4,0,0,0
6941638,2,F,B,D,STNWG,1,0,0,0
8558773,2,M,C,D,HBACK,4,0,0,0
7664851,2,F,A,C,STNWG,1,0,0,0
6859486,3,F,A,B,HBACK,2,0,0,0
9830889,3,M,C,D,STNWG,4,0,0,0
6835727,4,F,C,D,SEDAN,3,0,0,0
8513285,5,M,A,C,SEDAN,1,0,0,0
1609729,2,M,A,B,HBACK,2,0,0,0
4738584,4,F,E,D,SEDAN,1,1,1,13813.26996
